Complaint ID,Product,Issue,Sub-issue,Consumer complaint narrative
23807686,Debt collection,Written notification about debt,Didn't receive enough information to verify debt,"I am writing in response to your recent communication regarding the above-referenced alleged debt. Please be advised that your initial communication with me regarding this matter occurred within the past 30 days. I am formally disputing the validity of the alleged debt in its entirety. Pursuant to the Fair Debt Collection Practices Act ( FDCPA ), I hereby request that you provide the following : 1. The name and address of the original creditor ; and 2. A copy of the agreement bearing my original signature, which allegedly binds me to this debt. You are attempting to collect money that I do not owe, and any continued collection activities without proper validation are unlawful. You are hereby directed to cease and desist from : All collection efforts ; Any form of contact with me regarding this matter ; and Any and all credit reporting related to this alleged debt. I further demand that you immediately request the deletion of any and all credit reporting you may have made to the credit reporting agencies in relation to this alleged account. Please be advised that this letter may be shared with the Consumer Financial Protection Bureau ( CFPB ), which is fully authorized to investigate and address such matters. Should you fail to comply with the lawful requests in this letter, I may choose to seek legal counsel and take further action."
24150700,Debt collection,Written notification about debt,Didn't receive enough information to verify debt,"b'i requested the following information with no response from the company:\nCertified Mail: XXXX XXXX XXXX XXXX XXXX XXXX \nXX/XX/XXXX \nXXXX XXXX \nXXXX XXXX XXXX XXXX XXXX XXXX XXXX XXXXKimball Tirey & St. John XXXX XXXX XXXX XXXX XXXX XXXX XXXX XXXX XXXX XXXX \nRE: Account XXXX \nDear Kimball Tirey & St. John, \nThis letter is a request for information regarding the account listed above. At this time Im \nrequesting the following documents: \n1. Documentation establishing your authority to collect on this account; \n2. The name and address of the current creditor; \n3. Documentation identifying the original creditor and original account number; \n4. An itemization of the amount allegedly owed; \n5. Complete account payment history; \n6. Copies of any notices sent to me regarding this account; \n7. Copies of any disputes received from me and the results of any investigations conducted; \n8. Documentation supporting the accuracy of any information furnished to any consumer \nreporting agency concerning this account. \nPlease send the requested information within 14 business days. \nSincerely, XXXX XXXX XXXX'"
24023145,Debt collection,Took or threatened to take negative or legal action,Threatened to sue you for very old debt,On XX/XX/year> Prg XXXX left a voice mail with my daughter and husband stating XXXX XXXX which was my name before I married twice now that there was a compliant that was pending being filed due to lack of response. I was contacted once by a different company never by this one in writing or phone. When I spoke to a person they stated that I had to make a payment today or a payment plan or I was going to be sued. I explained that I had talked with the original debt company and they explained it was bought and I had to make arrangements to pay this I could talk with someone to see if I qualify for a discount due to my limited free money at this time another person got on the phone and stated I had two choices I could pay today or they could put a lein on my car they would garnish my wages and proceeded to bully and make assumptions about what was going to happen. They gave me a deadline and then said I had until XXXX to pay. I told them I couldn't do those arrangements. They then messaged my husband again with the message that I needed to pay. They sent email stating that I had agreed to male a payment and the payment was denied that was false information they had no bank account information from me noe was any payment attempts were made on my current bank account in fact the bank account on original contract has been closed for over 3 years.
23770286,Debt collection,Attempts to collect debt not owed,Debt is not yours,"I am filing this complaint to dispute the accuracy and validity of a collection account being reported by Jefferson Capital LLC. The account in question is reported with a balance of {$1600.00} and was opened on XX/XX/2025. The credit report fails to identify the original creditor and provides incomplete account information, making it impossible for me to verify that this debt belongs to me or that the information being reported is accurate. Under the Fair Credit Reporting Act ( 15 U.S.C. 1681s-2 ), furnishers of information have a legal obligation to report complete and accurate information to consumer reporting agencies. Reporting an account without identifying the original creditor or providing sufficient information to verify the debt is misleading and potentially inaccurate. Additionally, pursuant to the Fair Debt Collection Practices Act ( 15 U.S.C. 1692e and 1692f ), debt collectors are prohibited from using false, deceptive, misleading, or unfair practices in connection with the collection of any debt. Reporting incomplete or unverifiable information to the credit bureaus may violate these provisions. I respectfully request that Jefferson Capital LLC provide competent evidence demonstrating that : I am legally responsible for this alleged debt. They have the legal authority to collect and report this account. The balance reported is accurate. The original creditor is properly identified. The account information being furnished to the credit reporting agencies is complete and fully compliant with the Fair Credit Reporting Act. If Jefferson Capital LLC can not provide adequate documentation substantiating the debt and the accuracy of its reporting, I request that this account be permanently deleted from all consumer reporting agencies. I also request that the Consumer Financial Protection Bureau investigate this matter to ensure compliance with all applicable federal consumer protection laws."
23881757,Debt collection,False statements or representation,Attempted to collect wrong amount,"I am submitting this complaint regarding Genesis XXXX XXXX collection and credit reporting practices concerning XXXX XXXX XXXX Case No. XXXX. On XX/XX/XXXX, the XXXX XXXX XXXX entered a judgment in favor of XXXX XXXX XXXX XXXX against me in the amount of {$4600.00}, with post-judgment interest awarded at 6.5 % per year until paid in full. A copy of the signed judgment is attached. Genesis XXXX XXXX began reporting this account on my credit report in approximately XX/XX/XXXX. Genesis is currently reporting and attempting to collect {$10000.00}, which is more than double the amount awarded in the courts judgment. Because the balance being reported appeared substantially higher than the judgment, I have never made a payment toward this account. Instead, I attempted to determine the correct amount legally owed before making payment. On XX/XX/XXXX, I sent Genesis XXXX XXXX a written request asking them to provide : * Proof that they are legally authorized to collect the judgment. * A complete itemized accounting of the balance. * A breakdown of all interest, fees, costs, and additional charges. * Documentation identifying the legal authority supporting each amount added after the court entered judgment. Genesis responded the same day. However, instead of providing the requested accounting, Genesis sent me a XXXX XXXXXXXX XXXX XXXX XXXX XXXX. That document lists alleged move-out charges but does not explain how Genesis calculated the current balance of {$10000.00}, identify the legal basis for the additional amounts being collected, or provide an itemized accounting of the judgment balance. The court judgment and the XXXX move-out statement are separate documents. The move-out statement does not explain how Genesis calculated the amount it is attempting to collect after entry of the judgment. In addition, I disputed this account directly with XXXX XXXX XXXX XXXX by certified mail. I included copies of the court judgment and explained that Genesis was reporting a balance that appeared inconsistent with the judgment entered by the court. Despite these disputes, the balance continues to be reported without explanation. Throughout this process, I have acted in good faith. I have not refused to pay a valid debt. Rather, I have repeatedly requested documentation establishing how Genesis calculated the amount it claims I owe so that I can verify the balance before making payment. The continued reporting of a balance exceeding {$10000.00} has caused me substantial harm. The account has negatively affected my ability to obtain housing and employment opportunities because landlords and employers frequently review consumer credit reports during their decision-making processes. I believe the reporting of this balance has damaged my financial reputation and has limited opportunities that may otherwise have been available to me. Because Genesis has not provided the itemized accounting I requested and continues to report and attempt to collect a balance that I believe is unsupported by the court judgment and the documentation provided to me, I am considering pursuing legal remedies, including claims under the Fair Debt Collection Practices Act ( FDCPA ) and the Fair Credit Reporting Act ( FCRA ) if this matter is not resolved. I respectfully request that the Consumer Financial Protection Bureau investigate Genesis XXXX XXXX and require the company to : 1. Provide a complete itemized accounting of the balance it claims is owed. 2. Identify the legal authority supporting every amount added after the court judgment. 3. Correct any inaccurate information being furnished to XXXX XXXX XXXX XXXX if the reported balance can not be substantiated. 4. Cease attempting to collect any amount that can not be legally supported. I appreciate the CFPBs assistance in reviewing this matter and helping ensure that the amount being reported and collected is accurate and supported by law. Attachments * XXXX XXXX XXXX XXXX dated XX/XX/XXXX. * XXXX Summary of Move Out Charges provided by Genesis XXXX XXXX * My written request for an itemized accounting dated XX/XX/XXXX. * Genesis XXXX XXXX response dated XX/XX/XXXX. * Certified mail receipts and dispute letters sent to XXXX XXXX XXXX XXXX * Credit report showing Genesis XXXX XXXX reporting a balance of {$10000.00}."
24220295,Debt collection,False statements or representation,Attempted to collect wrong amount,"I am filing this complaint regarding an auto insurance balance that was sent to Credit Collection Services by XXXX XXXX XXXXXXXX XXXX I canceled my XXXX auto insurance policy after discovering an issue involving an incorrect address on my account. I provided documentation showing the correct information, but XXXX advised that the documentation was submitted after the cancellation date and that a remaining balance was still owed. I also informed them that I was not receiving any letters or documents mailed to me due to the address they were sending it to was incorrect. During my communication with XXXX, I was informed that the matter was under review and that no additional fees or collection activity would occur while the review was ongoing. Despite this, the account was later placed with Credit Collection Services for collection. I am requesting that XXXX and Credit Collection Services provide documentation supporting the validity and accuracy of the alleged balance, including a detailed breakdown of the amount owed, account history, and the basis for sending the account to collections. I also request that any inaccurate information be corrected and that the companies work toward a fair resolution. If the balance is determined to be valid, I am requesting the opportunity to resolve the matter through a written agreement that prevents negative credit reporting or includes deletion of any reported collection account after resolution."
23766635,Debt collection,Attempts to collect debt not owed,Debt was result of identity theft,PORTFOLIO RC is falsely reporting on my credit. I have never had any accounts with them. Per my research PORTFOLIO RC is a debt collector. They are falsely reporting on my credit!! Account number is # XXXX is falsely reporting to my credit file and is against my rights and fair credit act. Under U.S Code 1618d - Disclosure of investigation consumer report ; you are in violation.
23940452,Debt collection,False statements or representation,Attempted to collect wrong amount,"Before this lawsuit was filed, XXXX had offered me a settlement for approximately {$2000.00} to resolve my XXXX credit card account. After the account was transferred for collection, I contacted Rubin & Rothman , LLC in good faith to resolve the matter. I explained that I wanted to accept the same settlement terms that had previously been offered by XXXX. However, they refused to work with me and told me that I had to pay the much higher amount they are now demanding in the lawsuit. That was not the settlement I had previously been offered. I am nearly XXXX XXXX XXXX, have serious health problems, and have very limited financial resources. I am trying to resolve this debt fairly, but I have not been given the opportunity to do so."
23766739,Debt collection,Attempts to collect debt not owed,Debt is not yours,"b'I am filing this complaint against XXXX XXXX XXXX XXXX XXXX regarding their continued attempt to collect a debt that is void and unenforceable under California law, and their repeated failure to provide adequate debt validation as required under the Fair Debt Collection Practices Act, 15 U.S.C. 1692g.\n\nBACKGROUND\n\nIn approximately XXXX XXXX XXXX began reporting a collection account (Account No. XXXX, original account No. XXXX) to my credit reports, claiming a balance of $XXXX XXXX placed repeated telephone calls to me beginning before I was aware of their identity. I did not recognize these calls and did not answer them.\n\nOn XXXX XXXX XXXX, I filed a dispute with XXXX regarding this account. On XXXX XXXX XXXX, TransUnion returned the account as ""VERIFIED AS ACCURATE"" with no substantive explanation of how this verification was conducted. During this dispute period, XXXX continued placing telephone calls to me, including documented calls on XXXX XXXX XXXX (from XXXX XXXX XXXX and XXXX XXXX XXXX (from XXXX XXXX XXXX) two different phone numbers, both identified by caller ID as XXXX. At that time, I had not yet sent XXXX a direct written dispute, so I do not allege this calling activity alone violated 15 U.S.C. 1692g(b). However, this pattern of continued contact from multiple numbers during a period in which the underlying account was actively disputed with a credit bureau is relevant context for evaluating XXXX\'s overall conduct and is documented in my records.\n\nOn XXXX XXXX XXXX XXXX mailed me a letter (received XXXX XXXX XXXX, a ten-day delay for presorted first-class mail addressed to an outdated address) enclosing only the original Installment Loan Agreement, which revealed that the underlying obligation was issued by XXXX XXXX XXXX c/o CreditNinja on XXXX XXXX XXXX, with a stated principal of $XXXX and an Annual Percentage Rate of 179.00% generating a finance charge of $XXXX.\n\nTHE UNDERLYING DEBT IS VOID UNDER CALIFORNIA LAW\n\nCalifornia Financial Code 22303 caps interest rates on consumer installment loans under $XXXX at 36% APR. The 179.00% APR reflected in the alleged loan agreement is nearly five times this statutory cap. California Financial Code 22651 renders loans made in violation of this cap void meaning no person has the right to collect principal, charges, or recompense on the loan.\n\nOn XXXX XXXX XXXX one week after the alleged loan was purportedly originated the XXXX XXXX XXXX XXXX XXXX XXXX XXXX XXXX) entered a Settlement Agreement against CreditNinja Lending, LLC (California Finance Lender License No. XXXX), citing violations of California Financial Code Sections 22303, 22304, 22304.5, 22305, and 22320.5 the exact provisions governing the rate cap applicable to this alleged obligation. This is a matter of public record, documented in XXXX\'s official XXXX XXXX Summary of Enforcement Actions.\n\nNCA\'S VALIDATION RESPONSE WAS INADEQUATE TWICE\n\nOn XXXX XXXX XXXX, I sent XXXX a formal written validation demand via certified mail (delivered and signed for XXXX XXXX XXXX, tracking number XXXX XXXX XXXX XXXX XXXX XXXX), disputing the validity of this alleged debt in its entirety and citing the FDCPA, the California Rosenthal Fair Debt Collection Practices Act, and the void nature of the underlying obligation under California law. I specifically demanded: (1) proof of chain of title from XXXX XXXX Bank/CreditNinja to XXXX; (2) an itemized account history explaining how the claimed balance grew from a stated principal of $XXXX to $XXXX; (3) the purchase price XXXX paid for this alleged debt; (4) proof of XXXX\'s California debt collection license; and (5) the legal basis for any added interest or fees.\n\nOn XXXX XXXX XXXX, I received a second letter from XXXX. This letter contained the identical documents previously sent the same cover letter format and the same Installment Loan Agreement with none of my specific demands addressed. XXXX did not provide chain of title documentation, did not explain the balance discrepancy, did not provide licensing information, and did not respond in any way to the void loan argument or the XXXX enforcement action I cited and enclosed as documentation. Receipt of these documents does not constitute, and should not be construed as, an admission that this alleged debt is valid, owed, or enforceable.\n\nThis pattern of sending an identical, non-responsive packet a second time after receiving a detailed written dispute is relevant to the statutory damages factors under 15 U.S.C. 1692k(b), which directs courts to consider ""the frequency and persistence of noncompliance by the debt collector"" and ""the extent to which such noncompliance was intentional."" XXXX\'s repetition of the same inadequate response, without engaging any of the specific legal and factual issues I raised, reflects persistent noncompliance rather than an isolated oversight.'"
24125478,Debt collection,Took or threatened to take negative or legal action,Collected or attempted to collect exempt funds,I have contacted this company several times asked for date account number proof of contract with collector are they licensed in my state
24366211,Debt collection,False statements or representation,Attempted to collect wrong amount,"This complaint concerns a false representation about the character of a debt made by Eastern Account System of Connecticut , Inc. in its response to prior CFPB complaint # XXXX, submitted XX/XX/XXXX. Background : On XX/XX/XXXX, Eastern issued a collection notice ( XXXX XXXX. XXXX ) demanding {$320.00} from the original creditor XXXX XXXX. The {$320.00} consisted of {$300.00} in unreturned equipment charges and {$27.00} in California sales tax assessed on those equipment charges, as itemized on XXXX 's own XX/XX/XXXX billing statement. The bill explicitly lists the {$27.00} as : CA State Sales Tax {$18.00}, XXXX XXXX Local Sales Tax {$5.00}, XXXX XXXX XXXX Sales Tax {$3.00}, and XXXX XXXX XXXX Sales Tax {$0.00} calculated on the {$300.00} equipment charge. On XX/XX/XXXX, a written FDCPA dispute was submitted to Eastern at XXXX disputing the debt in full under 15 U.S.C. 1692g ( b ) and requesting debt validation including documentation supporting the full {$320.00} amount. Eastern did not respond directly to that dispute or to a follow-up confirmation email sent XX/XX/XXXX. On XX/XX/XXXX, Eastern responded to CFPB complaint # XXXX, crediting the {$300.00} equipment charge. Eastern then characterized the remaining {$27.00} as 'service provided through XX/XX/XXXX ' a service balance. This characterization is a false representation under 15 U.S.C. 1692e ( 2 ) ( A ). XXXX 's own XX/XX/XXXX billing statement submitted as documentary evidence to the prior CFPB complaint unambiguously itemizes the {$27.00} as California sales tax on the {$300.00} equipment charge. It is not a service balance. Eastern provided zero documentation from XXXX supporting its recharacterization of this amount as a service balance. Furthermore, XXXX 's own billing app reflected a credit balance of {$1.00} as of account disconnect meaning XXXX 's own records showed no balance owed by the consumer at the time of collection referral. Eastern has not addressed this discrepancy. Eastern has still not responded directly to the consumer despite a written email-only communication request submitted XX/XX/XXXX. Eastern 's only substantive communications have been through the CFPB complaint process never directly to the consumer or authorized representative."
23768906,Debt collection,Attempts to collect debt not owed,Debt was paid,"I am formally disputing a fraudulent collection account ( # XXXX ) submitted to National Credit Systems by XXXX XXXX XXXX ( managed by XXXX XXXX XXXX XXXX ) .I fulfilled my early lease termination requirements perfectly : On XX/XX/XXXX, I submitted a 60-day notice. On XX/XX/XXXX, I paid the early termination fee of {$3200.00} via XXXX XXXX XXXX ( Transaction ID : XXXX ). Following that, I paid my final XXXX months of pro-rated rent installments of {$1800.00} and {$1500.00}. On XX/XX/2026, the apartment complex issued me a "" Final Account Statement '' showing a balance of {$0.00} and an {$18.00} refund due to me. However, on XX/XX/2026, the property mistakenly tacked on a duplicate {$3200.00} charge on my ledger, failing to credit my XXXX payment, and immediately sent it to collections. Neither the property nor the collection agency has reached out to me or provided any notice over the last 6 months of this mistake until the collection agency sent an email on XX/XX/2026. This hidden modification violates Texas Property Code 92.103. I have attached my bank receipt and my final statement proving this debt is completely illegitimate. I demand this collection be permanently removed."
23918615,Debt collection,False statements or representation,Attempted to collect wrong amount,"We successfully completed our full lease term with XXXX XXXX at XXXX XXXX XXXX, concluding naturally on XX/XX/2025, and officially returned the keys on the morning of XX/XX/2025. I also gave a 60 days notice that we would not be renewing the lease. All full months of rent under the lease agreement were paid to management. The only remaining housing balance at move-out was the XXXX prorated days from XX/XX/XXXX. Despite this natural lease conclusion, the creditor has assessed a highly inflated, penal move-out balance of {$2800.00}, which was sent to Pro Collect , Inc. for collection. This balance includes a fraudulent equipment replacement fee for a working cooking stove, alongside an illegal {$1200.00} Paragraph XXXX reletting penalty.Per verified utility records, a new resident successfully established a XXXX XXXX account at that exact address on XX/XX/2025, confirming immediate re-occupancy. Under Texas Property Code 91.006, landlords maintain a strict statutory duty to mitigate damages and are legally prohibited from collecting dual rents or enforcing penal contract fees once a unit is re-occupied. Despite receiving a formal statutory dispute and an immediate cash tender of all undisputed housing and cleaning funds ( {$610.00} ) to fully cover our prorated days and cleaning, Pro Collect sent an automated email flatly refusing to properly investigate or produce the certified corporate XXXX XXXX XXXX for the apartment unit. They are intentionally withholding this internal housing ledger because it contains the structural payment history of the subsequent tenant who occupied the unit on XX/XX/XXXX. By withholding this ledger, they are attempting to mask their client 's clear statutory violations. I request an immediate federal compliance audit of this account, production of the original unit rental payment ledger, removal of the fraudulent stove and reletting fees, and permanent deletion of this invalid credit tradeline under the FCRA."
23951262,Debt collection,False statements or representation,Attempted to collect wrong amount,"Never received a bill or warning by the mail nor have I ever signed up with XXXX. Spoke to XXXX ic systems and XXXX and none of them can seem to find me accountable for this collection of XXXX dollars, but fail to remove it."
23775832,Debt collection,False statements or representation,Attempted to collect wrong amount,"XXXX XXXX XXXX XXXX XXXX XXXX, XXXX XXXX XXXX XXXX, OH XXXX Date : XX/XX/XXXX Re : Request for Debt Validation Collection Agency : LVNV FUNDING LLO Amount : {$710.00} Opened : XX/XX/XXXX To Whom It May Concern, I am writing in response to your communication regarding the alleged debt referenced above. I dispute this alleged debt and request validation pursuant to 15 U.S.C. 1692g. Please provide : ( 1 ) the original creditor ; ( 2 ) the account number ; ( 3 ) an itemized balance ; ( 4 ) copies of documents showing I am legally responsible ; ( 5 ) proof you are authorized to collect ; and ( 6 ) the date of last payment and delinquency. Until validation is provided, cease collection activity and mark the account as disputed. If you can not validate the debt, remove any inaccurate reporting to the consumer reporting agencies. Sincerely, XXXX XXXX"
24157666,Debt collection,Written notification about debt,Didn't receive enough information to verify debt,"I disputed an XXXX XXXX XXXX account on my eqiufax credit report twice, on XX/XX/year> and XX/XX/year>. XXXX reviewed the same account and deleted it after its XXXX proper investigation. but Equifax continues to report it as verified. I have requested the method or verification and documentation supporting the accounts accuracy but equifax continues to report it as verified"
24198369,Debt collection,Written notification about debt,Didn't receive notice of right to dispute,Collection account showed up on my XXXX credit report didn't receive any paperwork showing proper ownership chain of custody or bill of sale that they have standing to collect
23923998,Debt collection,Took or threatened to take negative or legal action,Threatened or suggested your credit would be damaged,"In XXXX 2024, my balance was {$1200.00}. They then changed hands XXXX XXXX XXXX XXXX changed hands to UMB bank where I was then sent a bill for over {$3900.00}. I did not use my card I have written a letter to the company. They were supposed to tell me on the first attempt to find out what happened and they did not. I finally contacted your company. They told me that information we wrote a letter asking for information and providing where these charges were from who made the charges where they were made all they could send me was amounts owed so weve been fighting this for two years now plus and I feel like this is elderly and disabled abuse."
23917843,Debt collection,Took or threatened to take negative or legal action,Sued you in a state where you do not live or did not sign for the debt,"Hi, XXXX XXXX XXXX have repeatedly placed Summons on my door from different lawyers ( Jacob Law Group and XXXX XXXX XXXX XXXX ). The amount they say I owe is {$1900.00} account ending XXXX? All parties were asked to provide complete documentation to validate that I owe these funds. They were given a chance to validate XX/XX/XXXX, and XX/XX/XXXX, from past years of harassment and humiliation. Please see list below : 1. No signed contract of the debt 2/ No complete accounting, breakdown spread sheets etc, 3. No identifying the third-party cost 4. No affidavit - statute of Limitations has expired on this claimed account 5. No debt collection license supplied for XXXX 6. No dunning letters presented prior"
23902067,Debt collection,Written notification about debt,Didn't receive enough information to verify debt,"The collection agency, Lockhart, Morris, and Montgomery , Inc., has placed a derogatory collection on my XXXX XXXX XXXX credit reports, claiming an alleged medical debt of {$1000.00}. As of XX/XX/year>, they have expanded this reporting to my XXXX credit profile as well. Summary of Violations : Withholding Mandatory Disclosures ( FDCPA Section 809 ) : I have never received a physical bill, statement, or formal validation notice from this agency. When I contacted their office by phone on XX/XX/year>, to request documentation, the representative claimed a notice had been mailed on XX/XX/year>, but explicitly refused to send another copy or mail a physical bill to verify the debt, stating, "" it cost them money to mail me another bill. '' Reporting Unverified Information ( FCRA Section 623 ) : On XX/XX/year>, I electronically filed disputes with XXXX XXXX XXXX. On XX/XX/year>XXXX XXXX finalized the dispute investigation and marked the account as "" verified '' because the collector responded to the bureau. Following this, the collector expanded reporting to XXXX, which I disputed on XX/XX/year>. The collector is purposefully providing verification data to the credit bureaus while actively withholding the physical documentation from me, the consumer. Impact on the Consumer : This agency is damaging my credit scores across all three major credit bureaus while actively obstructing my legal right to verify what this debt is for, who the original creditor is, or whether the {$1000.00} balance is accurate."
23794231,Debt collection,Written notification about debt,Didn't receive notice of right to dispute,Midland Credit Credit on my credit report. Never received any letter about anything from this company. States im under collections.
23750042,Debt collection,Attempts to collect debt not owed,Debt was already discharged in bankruptcy and is no longer owed,"I was sued by Absolute Resolutions, for over XXXX XXXX I then proceeded XXXX WIN in court XXXX the debt was dismissed as they could not prove my Debt was with them XXXX i have the court documents proving this, it has been almost XXXX years of negative remarks on my XXXX XXXX AFTER i WON in the court hearing."
23978660,Debt collection,Written notification about debt,Didn't receive enough information to verify debt,"Im writing to file a complaint against SECURITY CREDIT SERV for violating my consumer rights under 12 CFR 1006.34 and 15 USC 1681-s2 ( 7 ) ( A ). Theyve added an inaccurate account to my consumer report without giving me the required validation info, as outlined in 12 CFR 1006.34 ( b ) ( 5 ). On top of that, I havent been given a chance to dispute the account, which Im entitled to under 12 CFR 1006.34 ( c ) ( 4 ) ( i ). Overall, their actions are not only against federal regulations but also misleading and deceptive."
24441403,Debt collection,Took or threatened to take negative or legal action,Threatened or suggested your credit would be damaged,Debt collector is trying to collect a debt that might or might not be mine. They are aggressive in their efforts and its very disturbing. The debt is said to be around {$220.00} and is tied to a XXXX bill.
23930758,Debt collection,Took or threatened to take negative or legal action,Threatened or suggested your credit would be damaged,"On XX/XX/XXXX, I filed a complaint with the CFPB # XXXX against LVNV Funding for reporting inaccurate information on my consumer report. LVNV Funding does not have a valid chain of title or assignment from XXXX XXXX or legal authority to report an alleged debt of {$640.00} claiming I owe them. Since then LVNV Funding has taken court action on XX/XX/XXXX against me and the case was dismissed! XXXX XXXX XXXX case # XXXX. This case is public knowledge and I have attached corresponding affidavits. Delete this trade line immediately from my consumer reports!"
23974135,Debt collection,Written notification about debt,Didn't receive enough information to verify debt,"I am bringing this matter to your attention because Midland Credit Management , Inc. has repor ted an account on my consumer report that I believe is inaccurate and has not been properly validated. Despite reporting this account, Midland Credit Management , Inc. failed to provide the validation information required under 12 CFR 1006.34 ( b ) ( 5 ), and I was not given a meaningful opportunity to dispute the account as required by 12 CFR 1006.34 ( c ) ( 4 ) ( i ). These actions raise serious concerns regarding compliance with federal consumer protection laws, including 12 CFR 1006.34 and 15 U.S.C. 1681s-2 ( a ). Reporting inaccurate or unverifiable information without following the required procedures is misleading and has negatively impacted my consumer report. I request that this matter be thoroughly investigated and corrected without further delay."
24192612,Debt collection,Took or threatened to take negative or legal action,Threatened or suggested your credit would be damaged,"Date : XXXX XXXX XXXX Re : Formal Notice of Dispute, Demand for Validation, and Immediate Deletion To Whom It May Concern, I am writing to formally dispute your alleged claim that I owe the above-referenced account. I dispute this debt in its entirety. This letter serves as my formal request for complete validation pursuant to the Fair Debt Collection Practices Act ( FDCPA ), 15 U.S.C. 1692 et seq., and my notice that any inaccurate reporting to any consumer reporting agency violates the Fair Credit Reporting Act ( FCRA ), 15 U.S.C. 1681 et seq. The original creditor has already admitted in writing that the alleged account was sold to another entity in XXXX and that it is no longer the creditor. If your company claims ownership today, then you bear the full burden of proving that you possess the legal right to collect this alleged obligation. Ownership of an alleged debt can not be presumed through account statements or computer-generated records. Statements merely reflect alleged activity ; they do not establish legal ownership, assignment, standing, or my contractual obligation to your company. Accordingly, provide competent admissible evidence establishing your legal authority to collect, including : The complete chain of title from the original creditor through every purchaser, assignee, and debt buyer to your company. Every purchase and sale agreement applicable to this specific account. Bills of Sale identifying my specific account by name and account number. Assignment agreements executed by authorized representatives. Proof that value was exchanged for this account. The complete original signed credit agreement bearing my signature. Proof that the alleged debt has not been previously settled, discharged, canceled, forgiven, or otherwise extinguished. Documentation establishing that the balance you claim is accurate, including a complete accounting of all fees, interest, payments, credits, and adjustments. Documentation demonstrating that you possess legal standing to enforce this alleged obligation in court. Documentation proving your authority to report this account to consumer reporting agencies. Please be advised that under the Fair Debt Collection Practices Act, you must cease collection activity until proper validation has been provided. Furthermore, under the Fair Credit Reporting Act : 15 U.S.C. 1681s-2 ( b ) requires furnishers to conduct a reasonable investigation before verifying disputed information. 15 U.S.C. 1681e ( b ) requires maximum possible accuracy. 15 U.S.C. 1681i requires reinvestigation of disputed information. Reporting information that can not be verified constitutes inaccurate reporting. Verifying information without competent evidence is neither reasonable nor lawful. If your company has reported this account to Equifax, Experian, or TransUnion without possessing competent evidence establishing ownership and collectability, such reporting is inaccurate and misleading. Additionally, if this alleged debt has been sold multiple times, you must establish an uninterrupted chain of assignments from the original creditor to every subsequent purchaser. Failure to produce a complete chain of title means you can not establish standing or ownership. Please consider this letter notice that any continued reporting, collection activity, or verification without competent documentary evidence may constitute violations of : Fair Debt Collection Practices Act ( 15 U.S.C. 1692e, 1692f, and 1692g ) Fair Credit Reporting Act ( 15 U.S.C. 1681e ( b ), 1681i, and 1681s-2 ( b ) ) Should your company continue reporting or collecting this disputed account without first producing competent legal evidence establishing ownership and standing, I reserve all rights to pursue every remedy available under federal and applicable state law, including filing complaints with the Consumer Financial Protection Bureau XXXX Federal Trade Commission , my State Attorney General, and seeking statutory damages, actual damages, attorney 's fees, and all other relief available by law. Nothing in this correspondence constitutes an acknowledgment of liability, an admission that any debt exists, or a promise to pay. I expressly reserve all rights."
23829611,Debt collection,Written notification about debt,Didn't receive enough information to verify debt,"RECEIVED THIS BY VOICEMAIL FROM XXXX XXXX XXXX XXXX ON XX/XX/year> : Good morning this message is for XXXX This is XXXX calling from XXXX XXXX XXXX XXXX Im calling because our billing office notified us that your account went to collections yesterday and the amount of XXXX And we see that you have an appointment that is scheduled on XX/XX/XXXX that we will need to cancel until this balance is paid in full if you would like to get this balance situated you can call the collection agency Their phone number is XXXX And if you have any further questions you can give our office a call at XXXX But it Im just again to reiterate the appointment for XX/XX/XXXX at XXXX XXXX Has been canceled due to the fact that your account has gone to collections Thank you. I immediately called XXXX XXXX 's office to confirm the message and phone number of the collections agent. I phoned the collection agent number. XXXX answered, asked if I had received a collection notice from them, and I responded NO. All I have is cited above. I became suspicious. XXXX wanted my credit card number over the phone, which I refused and challenged him as a scammer. He represented that I would receive a written collection notice with XXXX days. I gave him my email address and confirmed my present residential address which has remained unchanged for 20 years. To date, no written communication of any kind has arrived from either XXXX XXXX 's office or XXXX at the "" collection agency ''."
23768655,Debt collection,Took or threatened to take negative or legal action,Threatened or suggested your credit would be damaged,"I believe my rights under the Fair Credit Reporting Act have been violated due to inaccurate information being reported on my credit file. I have disputed the errors and requested that they be properly investigated and corrected, but the inaccurate reporting has continued to negatively impact my ability to obtain housing and credit. Im asking that all information reported about me be accurate, complete, and fully verified as required by law. I will continue to exercise my rights to dispute inaccurate information and seek correction through the appropriate legal and regulatory channels. Consumers deserve fair and accurate credit reporting. If inaccurate information is affecting your credit, know your rights and keep records of all communications and disputes."
23792228,Debt collection,Written notification about debt,Didn't receive enough information to verify debt,"On or about XX/XX/year>, I sent a written debt validation request to Synergetic Communication XXXX XXXX regarding a collection account referencing XXXX XXXX XXXX as the current creditor ( reference # XXXX ). This request was made pursuant to my rights under the Fair Debt Collection Practices Act, 15 U.S.C. 1692g ( b ), and asked the company to validate the debt, including providing proof of the amount owed, verification of their authority to collect, and confirmation of licensure to collect debts in Georgia. The letter was sent via certified mail, return receipt requested, and I have proof of delivery dated XX/XX/year>. As of the date of this complaint, Synergetic Communication XXXX XXXX has not provided any response or validation of this debt. Despite failing to validate the debt, the company has continued to contact me in an attempt to collect during this period. Under XXXX U.S.C. XXXX ( b ), a debt collector must cease collection activity on a debt until it obtains verification and mails a copy of that verification to the consumer, once a validation request is made within the statutory period. Synergetic Communication XXXX XXXX has failed to validate this debt, has continued collection activity, and has not confirmed that the account is on hold, in apparent violation of this requirement. I am requesting that the CFPB investigate this matter and require Synergetic Communication XXXX XXXX to cease all collection activity on this account, correct any related credit reporting, and provide the validation documentation originally requested."
24208330,Debt collection,Attempts to collect debt not owed,Debt was result of identity theft,They charge me XXXX which Im unaware of from this credit I or o j Ross associate
24204496,Debt collection,Written notification about debt,Didn't receive enough information to verify debt,"I am disputing a collection account that is being reported without sufficient verification. I requested validation of the alleged debt by sending a written debt validation request via certified mail to the collection agency. I requested documentation showing that the debt is valid, the amount claimed is accurate, and that the company has the legal authority to collect and report the account. I also requested documentation identifying the original creditor and any agreement establishing my responsibility for the debt. If the company is unable to provide the requested documentation, I am requesting that the collection account be removed from my credit reports and that all collection activity cease. I also request that the company investigate the accuracy of the information it is reporting and correct or delete any information that can not be verified."
23807033,Debt collection,False statements or representation,Attempted to collect wrong amount,"This is regarding account number XXXX, company name ALDOUS & ASSOCIATES PLLC for a debt of {$420.00}. I contacted original debtor XXXX at XXXX requesting specific documentation or itemized bill explaining the amount owed in regard to this collection. They were not able to find any account under my name nor represent requested documents. I initiated the same request with collection agency stated and was told they are not able to provide any documentation as well mentioning they only had a comment and proceeded to initiate collecting the debt without being able to provide proof of an itemized bill/invoice of what i'm being charged or sent to collections for. Id like any form of proof, documentation and authorization for this collection."
24402577,Debt collection,False statements or representation,Attempted to collect wrong amount,"# Consumer Financial Protection Bureau ( CFPB ) Complaint * * Company : * * Credit Acceptance Corporation * * Subject : * * Wrongful Repossession, Predatory Lending, and Inaccurate Credit Reporting I am filing this complaint against Credit Acceptance Corporation regarding the wrongful repossession of my vehicle, unfair lending practices, and inaccurate credit reporting. I believe Credit Acceptance engaged in predatory lending by placing me into a loan with terms that were unfair and excessively burdensome. The loan carried a high interest rate and payment obligations that were not adequately explained and were not reasonably affordable. In addition, I believe my vehicle was wrongfully repossessed. I dispute that Credit Acceptance had a lawful basis to repossess my vehicle under the circumstances. The repossession caused significant financial hardship, including the loss of reliable transportation, emotional distress, and damage to my credit. Following the repossession, Credit Acceptance reported negative information to the consumer reporting agencies that I believe is inaccurate and/or incomplete. This reporting has significantly harmed my credit score and has affected my ability to qualify for a mortgage and other affordable credit. I request that the Consumer Financial Protection Bureau investigate whether Credit Acceptance violated federal consumer protection laws, including the Fair Debt Collection Practices Act ( where applicable ), the Fair Credit Reporting Act, the Consumer Financial Protection Act 's prohibition against unfair, deceptive, or abusive acts or practices ( UDAAP ), and any other applicable federal or state laws governing repossessions and consumer lending. * * I respectfully request the following resolution : * * * A complete investigation into the circumstances surrounding the repossession. * Copies of all records supporting Credit Acceptance 's decision to repossess my vehicle, including payment history, notices of default, notices of right to cure ( if required ), repossession authorization, and sale records. * Correction or removal of any inaccurate information reported to Equifax, Experian, and TransUnion. * Removal of any inaccurate late payments, repossession notation, deficiency balance, or other derogatory information that can not be verified. * A determination as to whether the repossession complied with all applicable federal and state laws. * Any additional relief deemed appropriate, including correction of my credit file and reimbursement for damages if the repossession is determined to have been improper. The actions of Credit Acceptance have caused substantial financial harm and continue to impact my ability to obtain housing and affordable credit. I ask the CFPB to investigate this matter thoroughly and require Credit Acceptance to provide a fair and lawful resolution. Thank you for your attention to this complaint. Sincerely, XXXX XXXX"
23884097,Debt collection,False statements or representation,Attempted to collect wrong amount,"I am disputing two debt collection accounts placed by XXXX, XXXX ( XXXX XXXX XXXX, XXXX, OH XXXX ) : Account XXXX for {$260.00}, and Account XXXX for {$190.00} ( current demand {$40.00} ). Both accounts trace back to XXXX XXXX XXXXXXXX billing for XXXX XXXX equipment ( XXXX XXXX account XXXX, XXXX XXXX ). I returned the XXXX XXXX equipment before the disputed dates of service ( XX/XX/XXXX and XX/XX/XXXX ) and should not have been charged for continued use after that return. Starting in XX/XX/XXXX, I repeatedly contacted XXXX XXXX, XXXX XXXXXXXX XXXX XXXXXXXX XXXX department, and XXXX XXXXXXXX XXXX Financial Counseling department in writing, requesting an itemized statement and explanation of these charges. Despite months of correspondence, I never received an itemized bill or documentation supporting the charges. On XX/XX/XXXX, XXXX XXXX 's own Corporate Compliance department told me in writing that the account number and XXXX on the bill I disputed "" are not IU Health numbers, '' and directed me to contact the number on the bill instead of resolving the discrepancy. IU Health never provided the itemized statement I requested. Despite this unresolved dispute, the account ( XXXX ) were placed with XXXX, XXXX for collection. XXXXXXXX XXXX notice for Account XXXX shows a balance of {$190.00} but demands only {$40.00}, implying a payment or credit of {$150.00} that I have no record of making. I do not believe I owe these amounts, or at minimum can not verify that I do, given the conflicting information from IU Health and the unexplained partial payment shown on the collection notice. I have sent XXXX, XXXX a written request for debt validation under the Fair Debt Collection Practices Act, disputing both accounts and requesting an itemized accounting and documentation of the original charges. I am filing this complaint because, despite over six months of written attempts to get clarification directly from XXXX XXXX, I have been unable to obtain a clear or itemized explanation of these charges, and the matter has nonetheless been referred to collections. I am requesting that these accounts be investigated, that collection activity and any credit reporting be paused pending validation, and that XXXX XXXX and/or RMP, LLC provide a documented, itemized explanation of the charges in question."
23784516,Debt collection,Written notification about debt,Didn't receive enough information to verify debt,"On XX/XX/year>, I requested from XXXX Technologies, to provide a series of documents regarding an alleged debt, from Resurgent Capital Services, within 30 days : Forward Flow Agreement Chain of Assignment Purchase Agreement Insurance claim of debt My wet Signature On XX/XX/XXXX, I received a 1 page account statement of sorts, but none of the requested documentation, that I need to verify validity of this said debt."
24146786,Debt collection,Took or threatened to take negative or legal action,Threatened or suggested your credit would be damaged,"On XX/XX/XXXX, I sent a written debt validation request via certified mail to Monarch Recovery XXXX XXXX regarding an alleged debt of {$2400.00}. The letter was delivered and confirmed via USPS tracking number XXXX on XX/XX/XXXX The debt collector never responded within the required 30 days. On XX/XX/XXXX I sent a second follow up letter via certified mail referencing their failure to validate. Tracking number XXXX, delivered XX/XX/XXXX. Again no response was received. As of today XX/XX/XXXX the debt continues to report on my XXXX XXXXXXXX and XXXX XXXX XXXX XXXX XXXX XXXX despite XXXX formal written validation requests with XXXX response. The collector has failed to validate the debt, failed to cease collection activity, and failed to mark the debt as disputed. This is damaging my business credit and preventing me from obtaining business financing."
23775609,Debt collection,False statements or representation,Attempted to collect wrong amount,"I am writing to formally dispute the alleged debt referenced in this collection account and to request validation of the debt pursuant to the Fair Debt Collection Practices Act ( FDCPA ). I dispute this debt in its entirety and request that you provide competent evidence that I have a legal obligation to pay it. Specifically, I request the following : * The name and address of the original creditor. * The original account number. * A complete itemization of the amount allegedly owed, including any interest, fees, or other charges added. * Documentation showing that I agreed to assume responsibility for this debt. * Documentation demonstrating that your company has the legal authority to collect this debt. * Documentation verifying that the debt is accurate and within the applicable statute of limitations. Until this information is provided, I request that all collection activity regarding this account cease to the extent required by applicable law. If you have reported this account to any consumer reporting agencies, I request that it be marked as disputed while this matter is under investigation. If you are unable to provide the requested validation, I request that the account be removed from your records and that any information furnished to consumer reporting agencies be corrected or deleted as appropriate. This letter is not an acknowledgment or acceptance of liability for the alleged debt, nor is it a promise to pay. My request is solely for validation of the debt as provided under applicable law. Thank you for your prompt attention to this matter. I look forward to your written response."
24522820,Debt collection,Took or threatened to take negative or legal action,Threatened or suggested your credit would be damaged,This account appeared on my credit report and has decreased my credit score causing me to not be able to purchase anything this appeared on my report in 2026. I have no idea who it is because they have no information on my report beside the name of credit company.
23951375,Debt collection,Attempts to collect debt not owed,Debt is not yours,"Wells Fargo Bank filed fraudulent lawsuits against XXXX XXXX XXXXXXXX XXXX XXXX XXXX, holding each liable for a {$49000.00} unpaid mortgage promissory note signed by XXXX XXXX. XXXX XXXX XXXXXXXX XXXX XXXXXXXX XXXX XXXX."
24191510,Debt collection,Written notification about debt,Didn't receive enough information to verify debt,"I am filing a formal consumer complaint against Caine & Weiner Company , Inc. for direct non-compliance with the Fair Debt Collection Practices Act ( FDCPA ), 15 U.S.C. 1692g, and CFPB Regulation F ( 12 CFR 1006.34 ) governing debt validation requirements. For transparency, a prior complaint regarding this account was closed after Caine & Weiner represented through the portal that supporting verification documentation would be provided via mail. This current complaint stands as a separate, distinct escalation concerning the fact that the documentation subsequently mailed completely fails to satisfy federal verification standards. On XX/XX/year>, I submitted a formal written Debt Validation Request explicitly demanding three specific categories of records : ( 1 ) A complete transaction history and itemized accounting explaining the calculation of the alleged {$550.00} balance ; ( 2 ) Documentation supporting the underlying consumer obligation with the original creditor ; and ( 3 ) Documentation establishing Caine & Weiners legal authority to collect and furnish information concerning this specific account. Under CFPB Regulation F ( 12 CFR 1006.34 ), a debt collector must provide a consumer with clear, itemized data if requested. Caine & Weiners mailed response completely failed to meet these mandates. They provided only a generic cover letter and a single-page XXXX final bill summary. Crucially, Caine & Weiners own correspondence explicitly admits that the balance differences are the result of adjustments made to the account by the creditor. Despite making this representation, the company completely failed to include any transaction history, payment ledger, or underlying records identifying those adjustments or explaining how they affected the balance now being asserted. A summary final billing statement that merely lists a total amount completely fails to satisfy verification obligations under 15 U.S.C. 1692g ( b ) when a consumer has explicitly disputed the underlying calculations and accounting entries. Furthermore, demanding a balance that relies on un-itemized, hidden 'adjustments ' constitutes a direct violation of 15 U.S.C. 1692e ( 2 ) ( A ) for misrepresenting the true legal character, nature, and amount of an alleged consumer debt. To further demonstrate their total lack of data integrity, the XXXX billing statement relies on an incorrect historical address ( XXXX XXXX XXXX, XXXX, PA ) that completely contradicts my current verified address. By continuously furnishing and verifying this unvalidated, mathematically inconsistent data to the consumer reporting agencies without possessing the underlying ledger records to substantiate it, Caine & Weiner is also operating in direct violation of Fair Credit Reporting Act ( FCRA ) data accuracy standards under 15 U.S.C. 1681s-2 ( b ). Because Caine & Weiner has completely failed to provide the mandatory itemized accounting, underlying obligation data, and collection authority records required to substantiate this debt, yet continues to actively collect on this unvalidated account, I request that the CFPB require Caine & Weiner to immediately cease all collection activity and permanently delete this non-compliant, unverified tradeline from all nationwide consumer reporting agencies."
24208345,Debt collection,Attempts to collect debt not owed,Debt is not yours,"I am the consumer submitting this complaint. The reported late payments on my credit report are inaccurate and are negatively impacting my credit. Please investigate and provide verification of the reported delinquencies, including supporting payment records. If the information can not be verified as accurate and complete, please remove or correct the late payment history."
24488794,Debt collection,Written notification about debt,Didn't receive enough information to verify debt,"I received a Total Loss Statement from Hyundai Motor Finance dated XX/XX/year>, which reflected an Insurance Deficiency balance of {$1600.00} ( Account # XXXX ). My lease agreement contains a XXXX XXXX XXXX provision. In addition, Hyundai Motor Finance 's Final Total Loss Statement expressly states : "" A XXXX Liability Waiver is standard on all Hyundai Motor Finance leases. '' I do not understand why the {$1600.00} XXXX XXXX remains my responsibility, so I sent Hyundai Motor Finance a letter via mail and fax, and requested a written explanation. In my letter, I also disputed the responsibility for the {$1600.00} Insurance Deficiency unless and until Hyundai Motor Finance provides a written statement, along with supporting documentation, identifying the specific lease provision that makes me responsible for that amount and explaining why it was not waived under the XXXX Liability Waiver applicable to my lease. The vehicle was delivered new and was in my possession for approximately XXXX months before the total loss occurred. To the best of my knowledge, there was no prior damage, excess mileage, rebate recapture, unpaid lease payments, or other lease-end adjustment that would fall within the exclusions referenced in the final statement. Accordingly, I requested the following in writing : 1. Confirmation whether the XXXX XXXX XXXX was applied to my account. 2. Identification of the specific lease provision relied upon in determining that the {$1600.00} XXXX XXXX remains my responsibility. 3. A written explanation of why the XXXX XXXX amount was not waived. 4. A breakdown of the total loss settlement calculation, including any amount waived under the XXXX Liability Waiver. As a result of my actions, Hyundai Motor Finance assigned a case manager to this matter, who contacted me by phone and promised a follow-up. However, instead of providing the requested written explanation, they sent me a second notice, dated XX/XX/year>, demanding payment of the alleged outstanding balance of {$1600.00} within XXXX days, without any supporting breakdown or explanation. Because of this, I contacted their collections department, and they told me they could not, and would not, provide any written explanation. They only offered a verbal explanation over the phone, which I found neither clear nor easy to understand. Account No : XXXX Vehicle : XXXX XXXXXXXX XXXX XXXX XXXX XXXX XXXX : XXXX"
24117318,Debt collection,Written notification about debt,Didn't receive enough information to verify debt,"On XX/XX/XXXX I received a summons and complaint. I responded with an answer to all parties listed and involved. Since that date I have tried multiple times to reach this company. XXXX different email addresses, several phone calls, XXXX online contact form and XXXX certified letter. Upon accessing the portal it came to my attention that they had incorrect contact information. I edited it and logged out to make sure it stuck, it did not. After accepting a settlement of their suggestion on that same portal and putting in my banking information - I was locked out of the portal completely. I set up the first payment for XX/XX/XXXX- they did not withdrawal it as scheduled. I can not access my portal or reach them to discuss."
23952293,Debt collection,Attempts to collect debt not owed,Debt was result of identity theft,NATLCRSYS is falsely reporting on my credit. I have never had any accounts with them. Per my research NATLCRSYS is a debt collector. They are falsely reporting on my credit!! Account number is XXXX is falsely reporting to my credit file and is against my rights and fair credit act. Under U.S Code 1618d - Disclosure of investigation consumer report ; you are in violation.
24027203,Debt collection,False statements or representation,"Impersonated attorney, law enforcement, or government official","I am submitting this complaint regarding a debt collection call I received concerning an alleged XXXX XXXX account from XXXX. On or about XX/XX/XXXX, I received a voicemail stating there was a formal complaint against me and that I could resolve the matter without an attorney. I later received a written Notice of Acceleration identifying the original creditor as XXXX XXXX. When I returned the call, the representative became aggressive after I declined to verify my address over the telephone. I was uncomfortable providing personal information before understanding who I was speaking with and what the claim involved. During the call, the representative : * Raised her voice and became confrontational. * Repeatedly demanded to know why I had not paid the alleged debt. * Became increasingly aggressive when I asked questions about the claim. * Told me that because of XXXX, the statute of limitations had been extended and that the debt remained legally enforceable. * Stated that if I did not pay that day, they would place a XXXX judgment on my credit. I asked that all future communications be made in writing and advised that any further communication should be through my attorney. Instead of calmly answering my questions, the representative continued to pressure me. At no time during the call was I provided with a court case number, informed that a lawsuit had already been filed, or given documentation supporting the statements made regarding a judgment. I believe the representatives conduct was intimidating and unprofessional. I am requesting that this matter be reviewed to determine whether the collection practices and representations made during the call complied with applicable federal and Texas law. I have retained copies of the voicemail, email correspondence, and the Notice of Acceleration and can provide them upon request. Thank you for your review."
23947314,Debt collection,False statements or representation,Attempted to collect wrong amount,"On XX/XX/XXXX, I sent this debt collector a written demand for debt validation under the Fair Debt Collection Practices Act, 15 USC Section 1692g, via USPS Certified Mail to their designated dispute address. The collector is attempting to collect {$24000.00} on an alleged rental debt. Only {$1900.00} of this amount was ever adjudicated by a court ( default judgment entered in a XXXX XXXX court on XX/XX/XXXX ). The remaining {$22000.00} has never been the subject of any court ruling and lacks documented legal basis. I demanded validation of the full amount, including the original signed lease, an itemized accounting of the {$24000.00} balance with legal authority for each added charge, a complete chain of assignment from the original creditor, and the original date of delinquency. More than 30 days have passed since the collector received my validation demand. They have provided no validation of any kind. Nonetheless, they continue to report this account to all three major credit bureaus ( Experian, Equifax, and TransUnion ) at the inflated {$24000.00} balance. Under FDCPA Section 1692g ( b ), a debt collector is prohibited from continuing collection activity, including credit reporting, until validation is provided. Their continued reporting is an ongoing violation of the FDCPA and the accuracy requirements of the Fair Credit Reporting Act. I filed formal disputes with all three credit bureaus on XX/XX/XXXX, via USPS Certified Mail. I am requesting the CFPB assist in obtaining : ( 1 ) Immediate cessation of all collection activity on this account ; ( 2 ) Deletion of the tradeline from all three credit bureaus ; ( 3 ) Written confirmation that the debt will not be resold, transferred, or re-aged to any third party."
24030275,Debt collection,False statements or representation,Attempted to collect wrong amount,"To Whom It May Concern, I am formally disputing the accuracy and completeness of the account listed on my credit report with your company. I request that you conduct a reasonable investigation as required under the Fair Credit Reporting Act ( FCRA ). If this account can not be fully verified with competent, accurate, and complete documentation, it must be deleted from my credit file. Verification should include, but is not limited to : The original signed contract or agreement bearing my signature that created the alleged obligation. A complete payment history from the original creditor. Itemized invoices, billing statements, or account records supporting the balance being reported. Documentation showing how the current balance, including any fees, interest, or charges, was calculated. Documentation establishing the legal authority of the reporting entity to collect or report this debt. The date of first delinquency and all dates of activity being reported to the credit bureaus. Evidence that the information being furnished is complete, accurate, and verifiable. Merely confirming information within your own records or relying on information provided electronically by the furnisher does not constitute sufficient verification if the underlying documentation can not substantiate the accuracy of the reported account. If you are unable to produce documentation that verifies the account and every material aspect of the information being reported, I request that the account be permanently deleted from my credit file pursuant to your obligations under the Fair Credit Reporting Act. Please provide me with the results of your investigation, including copies of the documentation relied upon to verify this account. If no such documentation exists, please delete the account immediately and notify all credit reporting agencies to which the information has been furnished. I expect that all information reported on my consumer file complies with the FCRA 's requirement that consumer reporting agencies maintain maximum possible accuracy. Thank you for your prompt attention to this matter. Sincerely, XXXX XXXX"
23811893,Debt collection,Attempts to collect debt not owed,Debt was already discharged in bankruptcy and is no longer owed,"I received a missed call from ( XXXX ) XXXX. XXXX system did not identify the name of company or law firm. When reaching a person name XXXX they confirmed my name and last XXXX of ssn. They stated they are contacting for an owed debt and needed a statement before perusing legal action on an owed debt. When asked about the debt they said a letter was sent in XXXX and then when I asked for further info the representative asked if I received the papers or not. I explained I wouldnt know if I have no idea who the papers came from. They did state a law firm name but I can not recall. I told them no but the debt they stated was from XXXX, which was included in my XXXX chapter XXXX bankruptcy. When I tried to explain and get further info the representative stated they will notate my refusal to pay and submit that to the courts and will be perusing a lien on my vehicle ( which I am financing ). The representative would not talk, barely provide any information, evasive on answering questions, and hung up on me after threatening me with the previously mentioned legal action."
23969763,Debt collection,Written notification about debt,Didn't receive enough information to verify debt,"I have two different debt collection accounts with Jefferson Capitol systems LLC and I have repeatedly tried to ask for verification of both accounts. However, I have only gotten a verification of one of the accounts that has been passed off to a third-party. But another account in the total of {$280.00} can not be verified. On multiple occasions I have not been given enough information to verify the debt as well as where it is located. The account also doesnt show up on my TransUnion credit report."
24016568,Debt collection,Took or threatened to take negative or legal action,Sued you in a state where you do not live or did not sign for the debt,"Collection Agency Pursuing to consumer law 15 USC 1692 E ) ( 15 USC 1692 J They Are Not Your Original debtor and you dont have a signed agreement with them. DELETE LATE PAYMENT 15 U.S. CODE 1666 ( b ) DELETE COLLECTIONS 15 U.S. CODE 1692 ( g ) DELETE CHARGE OFFS 15 U.S. CODE 1681 ( c ) 2 / 1681e ( b ) DELETE REPOS 15 U.S CODE 1681 ( s ) 15 USC 1681- FCRA 15 USC 1692 - FDCPA 15 USC 1601- TILA The primary federal law governing debt collection is the Fair Debt Collection Practices Act ( FDCPA ). It is codified in the U.S. Code at 15 U.S.C. 16921692p. This legislation prohibits third-party debt collectors from using abusive, unfair, or deceptive practices. Prohibited Harassment : Collectors are barred from using threats of violence, using obscene language, or continuously calling consumers with the intent to annoy or harass"
23921559,Debt collection,Written notification about debt,Didn't receive notice of right to dispute,"Account Credit Control , LLC # XXXX. I'm unaware of this debt and did not have the opportunity to dispute this account. If you believe you sent proper notification, please provide XXXX XXXX ' with receipt displaying my signature. If not, please delete this account as soon as possible from my report or I will have to take legal action."
24000483,Debt collection,Attempts to collect debt not owed,Debt was result of identity theft,ALDOUS is falsely reporting on my credit. I have never had any accounts with them. Per my research ALDOUS is a debt collector. They are falsely reporting on my credit!! Account number is XXXXXXXX XXXX XXXX is falsely reporting to my credit file and is against my rights and fair credit act. Under U.S Code 1618d - Disclosure of investigation consumer report ; you are in violation.
23901130,Debt collection,False statements or representation,Attempted to collect wrong amount,"In XX/XX/XXXX I was sued by Plumeria Accord Holdings LLC, a debt buyer, in the XXXX District Court of Michigan, XXXX XXXX, Case No. XXXX, for an alleged debt of {$8200.00} originally owed to XXXX XXXX XXXX Celtic Bank XXXX In their Motion for XXXX XXXX filed with the court, XXXX submitted documentation swearing that the last payment date on this account was XX/XX/XXXX. This representation was material to their motion seeking a judgment against me personally. I obtained my XXXX XXXX XXXX bank statement showing an ACH/KABBAGE PAYMENT of {$53.00} that posted and cleared on XX/XX/XXXX XXXX months after the date Plumeria swore to the court was the last payment. I submitted this authenticated bank statement as evidence. In their XXXX filed XX/XX/XXXX, XXXX conceded on page XXXX that the last payment was actually made in XX/XX/XXXX admitting their original sworn statement to the court was false. Additionally XXXX 's own Account XXXX Report submitted as Exhibit XXXX shows the account was not charged off until XX/XX/XXXX creating XXXX and a half months of account activity they have never produced or accounted for. Their Exhibit XXXX also shows {$13000.00} in payment attempts and {$12000.00} in total billed amounts from which the claimed balance of {$8200.00} can not be mathematically verified. XXXX has never produced a custodian of records affidavit from XXXX or XXXX Bank authenticating any of their records in over a year of litigation. This false sworn representation was made in a court filing in direct connection with a debt collection action against me personally."
23935600,Debt collection,Attempts to collect debt not owed,Debt was paid,I traded the car in and received the titles of the car w proof if needed
23762070,Debt collection,Written notification about debt,Didn't receive notice of right to dispute,"I am unaware of this debt ; I did not have the opportunity to dispute this debt. I did not receive proper notification. If in fact you think I received proper notification, send me a copy of the certified letter that was sent to me with my signature."
23920131,Debt collection,False statements or representation,Attempted to collect wrong amount,"Subject : XXXX XXXX Reporting Inaccurate Credit Information I am filing a complaint regarding XXXX XXXX XXXX and the nationwide credit reporting agencies. The account is being reported differently across multiple credit bureaus. Examples include : * Different reporting dates * Different creditor addresses * Different payment statuses * Missing XXXX XXXX fields * Inconsistent account remarks * Conflicting balance and credit limit information Despite these discrepancies, the account continues to be reported as accurate. Under the Fair Credit Reporting Act, specifically : * 15 USC 1681e ( b ) * 15 USC 1681i * 15 USC 1681s-2 ( b ) both the credit reporting agencies and the furnisher are required to investigate and report only verified and accurate information. I request that CFPB require XXXX XXXX and the credit bureaus to : XXXX. Conduct a reasonable investigation. XXXX. Produce the documentation used to verify the account. XXXX. Correct or delete any information that can not be substantiated. XXXX. Remove the account if accurate verification can not be provided."
23910292,Debt collection,False statements or representation,Attempted to collect wrong amount,"I entered into a payment agreement with the collection agency and made my XXXX payment on time. When it was time to make my second payment, I was informed that JetBlue had recalled the account and that the collection agency could no longer accept my payment. Since then, I have contacted both the collection agency and JetBlue multiple times to determine who currently owns the account and where I should send my payment. Every time I call, I am told that someone will contact me within XXXX days, but I never receive a call back. I have made every effort to resolve this debt in good faith, but I have been prevented from doing so because of the conflicting information provided by the companies. I am concerned that I may be sued or my credit may be negatively affected even though I have been trying to pay and comply with the payment agreement. The companies failure to properly communicate and manage my account has left me unable to resolve this matter despite my repeated attempts."
23897850,Debt collection,Attempts to collect debt not owed,Debt is not yours,XXXX XXXX went out of business and did not proved my aligners to continue treatment to fix my teeth. TekCollect responded to my CFPB complaint XXXX and said they will close and remove the account. They have not. I have attached documents showing these.
24144174,Debt collection,False statements or representation,Attempted to collect wrong amount,"I am filing this complaint against XXXX XXXX XXXX in XXXX, Illinois, because I believe they have inaccurately and unfairly reported a balance of {$3400.00} to my credit, causing significant financial and emotional hardship. During my tenancy, I lost my job as a result of the XXXX pandemic and experienced financial difficulties. Because of these circumstances, I applied for and was approved to receive XXXXhree months of rental assistance through an Illinois court-based rental assistance program. The purpose of this assistance was to cover my rent during my period of financial hardship. Despite this approved assistance, XXXX XXXX XXXX has continued to claim that I owe unpaid rent and has reported this alleged debt to my credit. In addition, the apartment management has claimed that I owe for damages to the unit. I dispute these allegations because there were no legitimate damages beyond normal wear and tear. I believe these charges are inaccurate and unsupported. I also believe the management intentionally misrepresented my move-out date in order to charge me additional rent and fees that I did not owe. These extra charges appear to be fraudulent and have unfairly increased the balance they are attempting to collect. The consequences of these actions have been severe. Because of this inaccurate debt appearing on my credit report, I have been denied opportunities to rent other apartments, making it extremely difficult to obtain stable housing. This has caused me ongoinXXXX XXXX XXXX and XXXX XXXX My mental health was already under significant strain due to the XXXX experience of a XXXX XXXX that occurred in my apartment building during my tenancy. That event had a profound impact on my emotional well-being. Combined with the loss of my job during the XXXX pandemic and the continuing issues surrounding this disputed debt, the situation has caused substantial mental and emotional hardship. I respectfully request that this matter be thoroughly investigated. Specifically, I request that XXXX XXXX XXXX : Investigate the disputed balance of {$3400.00} and remove it from my account and any credit reporting agencies if it can not be substantiated. Correct any false information regarding my move-out date. Provide documentation supporting all alleged rent and damage charges. Remove any fraudulent or unsupported fees. Correct my rental and credit records to reflect accurate information. I believe I have been treated unfairly and that the actions of XXXX XXXX XXXX have caused unnecessary financial harm, damage to my credit, difficulty obtaining housing, and significant emotional XXXX. I respectfully request that this matter be resolved promptly and fairly."
24147753,Debt collection,Attempts to collect debt not owed,Debt is not yours,"Hello, Received a letter saying I owe XXXX $ from XXXX XXXX, Reference number XXXX Account XXXX. Which is not correct and I am disputing this charge, I havent used dental service with XXXX XXXX. If was I had insured at all times. This is false and charges. Thank you."
23879146,Debt collection,Attempts to collect debt not owed,Debt was result of identity theft,SPRINGOAKS is falsely reporting on my credit. I have never had any accounts with them. Per my research SPRINGOAKS is a debt collector. They are falsely reporting on my credit!! Account number is # XXXX is falsely reporting to my credit file and is against my rights and fair credit act. Under U.S Code 1618d - Disclosure of investigation consumer report ; you are in violation.
23822259,Debt collection,Attempts to collect debt not owed,Debt is not yours,"Caine & Weiner Company Inc. should not be allowed to mark this complaint as resolved by repeating the same vague response while failing to directly answer the specific issues raised in my dispute. My next step will be to file a complaint with the my local attorney generals office if the small debts mean that much to this that they cant simply explain in more details shows the character of this company So I say again for the 3rd time Caine & Weiner Company Inc. only stated that they closed the account with their office. They did not state that this account will be deleted from all consumer reporting agencies, including XXXX XXXX, and XXXX. Their response is incomplete and does not fully resolve my dispute. Simply closing the account internally with Caine & Weiner Company Inc. does not prove that the alleged debt was validated, does not confirm that the account will be deleted from my credit reports, and does not protect me from this unverified account being sold, transferred, assigned, re-reported, or placed with another collection agency. Caine & Weiner Company Inc. also failed to state that, because this account has not been properly verified or validated, they will not sell, transfer, assign, or pass this alleged unverified debt to any third party. Closing the account in their office is not enough. I am requesting written confirmation that this account will be deleted from all credit bureaus and that Caine & Weiner Company Inc. will not sell, transfer, assign, re-report, or otherwise place this alleged debt with another company. Until Caine & Weiner Company Inc. provides that confirmation, this matter should not be considered fully resolved."
24005110,Debt collection,False statements or representation,Attempted to collect wrong amount,I have contacted the hospital responsible for the bill they will not provide the itemized bill for review and the collection company only has a bill with no medical codes so I can not review it for errors. When I asked the hospital they accidentally sent me another patient XXXX and then after I informed them said they can not provide the itemized bill at all.
24532811,Debt collection,Took or threatened to take negative or legal action,Threatened to arrest you or take you to jail if you do not pay,When they first reached out they threatened me with legal action if I hung up the phone or if my phone lost service. I worked out what they wanted and asked to be emailed paperwork and recipts and never got them. I then waited a month and called them back about the emails. They keep telling me they send them but I never receive and communication via email. Ive asked at least XXXX times now. Then have also called me while I was at work. I was explaining that I would need to call them back when I went to break. They then threatened me with legal action again even though I told the lady XXXX times I was at work and I would call back. Im tired of being threatened everytime they call and im tired of never having my emails I request sent to me. Ive been paying for a year now and my amount has not seemed to lower either.
24288563,Debt collection,Attempts to collect debt not owed,Debt is not yours,"XXXX XXXX XXXX XXXX XXXX XXXX Virginia XXXX VA XXXX VA IC SYSTEM INC XXXX XXXX XXXX XXXX XXXX, MN XXXX XX/XX/year> Account Number : XXXX * * * * Amount : I C SYSTEM - XXXX * * * * : {$2400.00} To whom it may concern, Please note that this is not a refusal to pay off the account but a notice sent as per the Fair Debt Collection Practices Act ( XXXX. ), XXXX XXXX. XXXX XXXX ( G ) Section XXXX ( B ). This notice states that your claim is disputed and validation of the account is required. This notice is not a request for verification of the account or proof of my mailing address but a request for validation made pursuant to the F D.C.P A. laws. I humbly request that your agency/ office sends me valid proof of claim that I am legally obligated to pay you. Please provide me with the below mentioned items : * The amount you claim the respondent owes you * An explanation showing me how you have computed the amount. * Copies of any documents that prove I agreed to pay the alleged amount * The identity of the original creditor * Confirmation that the account has not crossed the statute of limitation ( XXXX ) period * Evidence that you are a licensed debt collector * Evidence of your license numbers and your registered agent. * Chain of Title of ownership of the debt * XXXX & XXXX XXXX"
24000709,Debt collection,Took or threatened to take negative or legal action,Threatened or suggested your credit would be damaged,"I am filing this complaint against * * XXXX XXXX XXXX XXXX * * regarding an alleged collection account that is being reported on my consumer credit reports. I dispute this account in its entirety and demand that it be investigated immediately. According to my credit reports, XXXX XXXX XXXX began reporting an alleged collection account on or about * * XX/XX/year> * *, with a balance of * * {$510.00} * *. I do not recognize this debt, do not believe I have any legal obligation for this account, and have not been provided any documentation establishing that I am responsible for the alleged balance. Despite reporting this account to the nationwide consumer reporting agencies, XXXX XXXX XXXX has furnished information that I believe has not been properly verified. The continued reporting of an unverified account has negatively impacted my credit standing and financial opportunities. I formally dispute this account and demand that XXXX XXXX XXXX conduct a complete and reasonable investigation as required by federal law. I will not accept a cursory review or an automated verification process that merely repeats previously reported information. I demand that XXXX XXXX XXXX provide the following : * The name and address of the XXXX XXXX. * The original account number associated with the alleged debt. * A copy of the original signed contract or account agreement establishing my legal responsibility. * A complete payment and account history from the XXXX XXXX. * A complete chain of assignment or transfer establishing XXXX XXXX XXXX XXXX XXXX XXXX to collect and report this alleged debt. * Documentation proving that XXXX XXXX XXXX has the legal right to collect this account. * A complete itemization showing how the alleged balance of * * {$510.00} * * was calculated. * Documentation supporting every item of information currently being furnished to XXXX, XXXX, and TransUnion. Under the * * XXXX XXXX XXXX XXXX XXXX XXXX ) * *, furnishers of information are required to report information that is accurate and complete and to conduct a reasonable investigation after receiving notice of a consumer dispute. Continuing to report information that can not be substantiated undermines the accuracy of the consumer reporting system and causes ongoing financial harm. If XXXX XXXX XXXX can not produce competent documentary evidence establishing that I am legally responsible for this alleged debt and that every aspect of its reporting is accurate, I demand that the account be * * immediately deleted * * from * * XXXX XXXX, and TransUnion * *. I also request that the * * Consumer Financial Protection Bureau * * review XXXX XXXX XXXX ' investigation and reporting practices to ensure compliance with the Fair Credit Reporting Act and other applicable federal consumer protection laws. I will not accept a generic statement that the account has been "" verified. '' If XXXX XXXX XXXX continues to report this account, it should be prepared to produce documentary evidence supporting its claims. If it can not do so, the account should be deleted immediately. I reserve all rights and remedies available to me under the XXXX XXXX XXXX XXXX, tXXXX XXXX XXXX XXXX XXXX XXXX and any other applicable XXXX or XXXX laws."
23978568,Debt collection,Written notification about debt,Didn't receive notice of right to dispute,"On XX/XX/XXXX, I called XXXX XXXX ( who had the debt from synchrony ) and negotiated a settlement. They represented that accepting payment on a settlement that was for less, they would provide the {$0.00} balance letter once the payment had been received ; which did not take place. I never received a receipt just a confirmation number ( XXXX ). It was represented that the letter would be settled for less with {$0.00} balance and instead they reported the balance remaining from the settlement which is negatively impacting my XXXX XXXX. I am now being told that it takes up to XXXX days to report the settlement to synchrony and up to XXXX days to report it to credit bureaus but that it will never show a {$0.00} balance. Which was not what was told to me originally."
23956564,Debt collection,Took or threatened to take negative or legal action,Threatened to arrest you or take you to jail if you do not pay,"Im currently XXXX months behind on my student loan payments with Sallie Mae. For the past several weeks, Ive been getting multiple collection calls from them every XXXX day. I reached out to them to explain my financial hardship Im currently unemployed and actively looking for work and asked if they could temporarily pause my payments until I get back on my feet. They told me there was nothing they could do to help and continued calling me daily. On XX/XX/2026, I called them back and again explained that Im searching for a job and currently have no income to make payments. Because my account is XXXX days past due, the representative transferred me to another department. The person I spoke with there told me that if I couldnt make any payments, they would report the account again and pursue legal action against me. I felt she was threatening me to force a payment, even though I had clearly explained that I have no money right now and would need about XXXX months to get my finances in order. I ended the call after that and immediately called Sallie Mae back to escalate my complaint to a manager. The manager took down my complaint and said he would review the call recording. I also let him know that I will be looking into my own legal options regarding how Ive been treated."
24003286,Debt collection,Attempts to collect debt not owed,Debt is not yours,"* * Subject : Formal Complaint Regarding Failure to Conduct a Reasonable Investigation and Reporting of Inaccurate Information Under the Fair Credit Reporting Act ( FCRA ) * * * * Date : * * XX/XX/year> To Whom It May Concern, I respectfully submit this complaint requesting that the Consumer Financial Protection Bureau investigate the continued reporting of inaccurate, inconsistent, incomplete, and potentially unverifiable information appearing on my consumer credit files maintained by XXXX XXXX and TransUnion. After obtaining and comparing my credit reports from all three nationwide consumer reporting agencies, I identified numerous discrepancies in account status, payment histories, balances, dates of delinquency, account remarks, charge-off reporting, collection reporting, and account closures. These inconsistencies raise serious concerns regarding the accuracy and reliability of the information being furnished and maintained. Pursuant to the Fair Credit Reporting Act, including but not limited to * * 15 U.S.C. 1681e ( b ), 1681i, 1681s-2 ( a ), and 1681s-2 ( b ) * *, both the consumer reporting agencies and the data furnishers have a legal obligation to report only information that is complete and accurate and to conduct a reasonable investigation whenever information is disputed by a consumer. Despite my review of these reports, the negative information continues to be reported without sufficient evidence demonstrating that each tradeline has been properly verified. Accordingly, I formally dispute the accuracy and completeness of all negative information reported on my credit files, including but not limited to : All hard inquiries for which the furnishers can not demonstrate a permissible purpose under the Fair Credit Reporting Act. All closed accounts that continue to report derogatory information or contain inaccurate payment histories. All charge-off accounts. All collection accounts. All late payment histories that can not be fully documented. Any account reporting inconsistent balances, payment status, dates of first delinquency, account status, or reporting history among Experian, Equifax, and TransUnion. The disputed accounts include, but are not limited to : XXXX XXXX XXXX XXXX XXXX XXXX XXXX XXXX XXXX XXXX XXXX XXXX XXXX XXXX XXXX XXXX XXXX XXXX XXXX XXXX XXXX XXXX XXXX XXXX XXXX XXXX XXXX XXXX XXXX * Any additional derogatory account appearing on any of the three consumer reports. My review of the reports also revealed reporting inconsistencies between the nationwide consumer reporting agencies, including differences in account status, payment history, reporting dates, balance information, derogatory remarks, and account coding. Such inconsistencies strongly suggest that the information being reported has not been subjected to the level of reasonable investigation required under the FCRA. Accordingly, I respectfully request that the CFPB require the consumer reporting agencies and each respective furnisher to conduct a genuine and independent reinvestigation instead of relying solely upon automated verification systems such as e-OSCAR. Specifically, I request that each disputed furnisher produce competent documentary evidence supporting every item being reported, including : 1. The original signed contract or application establishing the account. 2. Complete account statements and payment history. 3. Documentation establishing ownership of the account and legal authority to report it. 4. Documentation supporting every delinquency reported. 5. Documentation supporting any charge-off, collection, or closed-account designation. 6. Documentation establishing the Date of First Delinquency. 7. Documentation supporting every hard inquiry, including proof of permissible purpose. 8. The method of verification used during the investigation, including identification of the party that verified the disputed information. If the consumer reporting agencies or furnishers can not produce competent documentary evidence supporting the accuracy and completeness of the disputed information, I respectfully request that the disputed tradelines, derogatory payment histories, collections, charge-offs, closed account derogatory reporting, and unauthorized inquiries be permanently deleted from my consumer files pursuant to the Fair Credit Reporting Act. I further request that the CFPB ensure full compliance with all applicable provisions of the Fair Credit Reporting Act and require corrective action where inaccurate or unverifiable information continues to be reported. Thank you for your attention to this matter and for protecting the rights afforded to consumers under federal law. Respectfully, * * XXXX XXXX XXXX * *"
23832990,Debt collection,Attempts to collect debt not owed,Debt is not yours,"I am submitting this complaint because I believe XXXX accounts are being reported inaccurately on my credit report and I am not responsible for them. The accounts are : Jefferson Capital Systems LLC Balance of {$820.00} XXXX XXXX XXXX of approximately {$1100.00} XXXX disputed the XXXX XXXX collection account with all three major credit bureaus ( Experian, Equifax, and TransUnion ) on XX/XX/year>. The account continues to show as under review and the matter has not been resolved. I have also sent several dispute letters and emails to XXXX XXXX XXXX regarding the Jefferson Capital Systems LLC account. I do not recognize this account, have never done business with Jefferson Capital Systems LLC, and do not believe I authorized or agreed to this debt. I have requested that these accounts be investigated and that documentation be provided showing that I am legally responsible for these debts. To date, I have not received sufficient evidence proving that these accounts belong to me. I am requesting that the companies and the credit bureaus conduct a thorough investigation. If they can not verify that I am legally responsible for these accounts, I request that they be removed from my credit reports in accordance with the Fair Credit Reporting Act."
24194504,Debt collection,Took or threatened to take negative or legal action,Threatened or suggested your credit would be damaged,"Consumer Adjustment Company , Inc. has furnished derogatory credit information to credit reporting agencies, specifically XXXX about a debt which I am not liable to them for. This information has damaged my credit standing and credit score which I use for personal, family, and household purposes. As a result, I am suffering damages. The information being furnished is false and misleading. The alleged debt was never officially validated and should not have been shared without consent obtained directly from me before sharing with another person. Such actions are dangerous and can seriously injure a taxpayer. I am serving notice to them through this complaint to immediately cease use of my legal name to report this information and provide to me the documents obtained and use to give rise to this information."
23784755,Debt collection,False statements or representation,Attempted to collect wrong amount,"Re : Dispute of Inaccurate Account CAPSTONE CREDIT & COLL Account Number : XXXX ( as shown on my XXXX report ) To Whom It May Concern : I am writing to formally dispute the above-referenced collection account on my XXXX credit report. The account contains multiple inaccuracies and fails to meet the accuracy and completeness requirements of the Fair Credit Reporting Act ( FCRA ), 15 U.S.C. 1681e ( b ) and 1681i. I am requesting a full reinvestigation and the immediate deletion of this tradeline. Basis of Dispute XXXX. The Amount Owed Can not Be Verified Original Balance Is Missing My credit report does not show an original balance for this account. Instead, the field lists only a date ( XX/XX/XXXX ). Without a disclosed original balance, it is impossible for meor for XXXXto verify whether the current reported balance of {$10000.00} is accurate. The FCRA requires furnishers to report complete and accurate information. A missing original amount makes this entire entry unreliable. XXXX. The Reported Balance Is Disputed and Unsubstantiated I specifically dispute the balance of {$10000.00}. I have no record or knowledge of owing this specific sum to XXXX XXXX XXXX XXXX or to the alleged original creditor, XXXX XXXX XXXX XXXX. I request that the furnisher provide a full accounting of how this amount was calculated, including the original debt amount, any payments, fees, or interest added, and the contract or agreement that authorizes such charges. The comment already on my reportAccount information disputed by consumer ( Meets requirement of the Fair Credit Reporting Act ) confirms that this account has been questioned before, yet it remains on my report with an unverified and unsupported balance. XXXX. Inconsistent Dates and Reporting Timeline The Status Updated date is XX/XX/XXXX, but the payment history block for XXXX and XX/XX/XXXX shows no collection status ( dashes ). The first reported collection month is XX/XX/XXXX. This inconsistency further undermines the reliability of the information being reported. Legal Context and Demand The notation already present on my report explicitly acknowledges that this account was disputed. Despite that, the same inaccurate and incomplete information continues to appear. The continued reporting of a disputed balance, without a disclosed original balance and without adequate verification, violates the FCRAs requirement that only accurate, verifiable information be maintained. Therefore, I request the following : A full reinvestigation of this account by XXXX That XXXX XXXX XXXX XXXX be required to provide complete documentation verifying the exact amount owed, including the original balance and a full itemization of any additional charges. The name, address, and phone number of the furnisher that verified the information, along with the method of verification used, as required by FCRA 611 ( a ) ( 6 ) & ( 7 ). Deletion of this account from my XXXX credit file upon failure to provide such verification within the statutory XXXX period ( or 45 days if you use additional information Ive submitted ). Please send me the written results of your investigation and an updated copy of my credit report when the reinvestigation is complete. Additionally, please notify all entities to which you have provided this inaccurate information of its deletion or correction. Thank you for your prompt attention to this matter. Sincerely,"
23779999,Debt collection,Took or threatened to take negative or legal action,Threatened to sue you for very old debt,"Midland Credit Management is illegally using my personal information to execute collections activities and legal proceedings based on an old account that was previously disputed and lawfully deleted through CFPB complaints. Ive issued formal validation requests under FDCPA 1692g, yet Midland has not provided any verification or validation of the alleged debt. Theyve also failed to send written disclosures required under 12 CFR 1006.30 ( a ) prior to furnishing negative data to CRAs. To date, Midland has not even acknowledged my requests for validation or provided any valid proof of legal contractual agreement, chain of title, or assignment to support their activities. Therefore, Midland is falsely representing ownership of a previously disputed and deleted account ( FDCPA 807 ) and reporting unverified information ( FCRA 623 ( a ) ( 1 ) ). Additionally, XXXX XXXX has stated in response to a CFPB complaint that they do not recognize me as a customer. Midlands actions are deceptive, unlawful, abusive, and continue to cause material harm."
23757648,Debt collection,False statements or representation,Attempted to collect wrong amount,"I leased a single-family rental home from XX/XX/year>, until XX/XX/year>. I vacated the property after purchasing a home and provided notice of my intent to vacate and a forwarding address. On XX/XX/year>, I received a move-out statement assessing a total balance of {$3300.00}. The charges included a two-month lease breakage fee and {$1500.00} for Carpet Replacement Heavy odor of pet XXXX. I immediately disputed the charges with the landlord by email and telephone. I denied causing any pet XXXX damage, explained that my dog was an authorized pet under my lease, and advised that I had commercially cleaned the carpets before moving out. I requested information and documentation supporting the charges but did not receive meaningful responses or substantiating documentation. I possess contemporaneous move-out photographs showing the carpeting was clean and free from visible damage. I also possess photographs from the subsequent listing of the property that appear to show the same carpeting remained in the home after my tenancy ended. I never received a collection notice, validation notice, demand letter, or any other correspondence from the collection agency before discovering this account on my credit reports. My first knowledge that a collection agency was involved occurred when I reviewed my credit reports and contacted the collection agency directly. During that call, the representative stated that it appeared this was the first time we had ever spoken regarding the alleged debt. The balance has since increased from {$3300.00} to approximately {$4000.00} due to alleged interest charges, which I also dispute. I have never been provided photographs of the alleged damage, inspection reports, carpet replacement invoices or receipts, proof that the carpet was actually replaced, documentation supporting the interest charges, or copies of any collection notices allegedly sent to me. The account is currently being reported on my credit reports and is negatively affecting my creditworthiness. I request that the companies conduct a reasonable investigation, provide all documentation supporting the alleged debt and interest charges, correct any inaccurate information being furnished to the credit bureaus, report the account as disputed, and delete the tradeline if the debt can not be substantiated with competent evidence."
23755855,Debt collection,Took or threatened to take negative or legal action,Collected or attempted to collect exempt funds,Repeated calls. And False debt amount on credit report.
23908558,Debt collection,Written notification about debt,Didn't receive enough information to verify debt,"Didn't receive full validation per code 15 U.S.C .. 1692g. Only got statements which isn't a validation. What needs too be in the validation per proof that you as the collector have the chain of ownership, original contract with my signature on it. You have failed too provide this information. Furthermore received a text message and email on the same day of the first phone call. Also different balance is reported on XXXX credit reports which is a violation of the fair credit act. This will need to be sent and fixed or removed completely under the fair debt act. Furthermore, debt was claimed on my report as written off meaning they ( creditor ) got paid by the IRS and I have never received a message from them which I am investigating as well"
24463785,Debt collection,False statements or representation,Attempted to collect wrong amount,"To Whom It May Concern : I am writing to dispute the alleged debt referenced by your company and to request validation of this debt pursuant to the Fair Debt Collection Practices Act ( FDCPA ), 15 U.S.C. 1692g. This letter is not an acknowledgment of liability, nor is it a promise to pay. I dispute this alleged debt in its entirety and request that you provide sufficient documentation demonstrating that I have a legal obligation to pay and that your company has the legal authority to collect. Please provide the following information and documentation : 1. The name and address of the original creditor. 2. The amount of the alleged debt, including an itemized accounting showing : * The original principal balance; * Interest ; * Late fees ; * Collection fees; * Any other charges added to the account ; and * An explanation of how the current balance was calculated. 3. Documentation showing the chain of assignment or ownership of the alleged debt from the original creditor to your company, if the debt has been sold or assigned. 4. A copy of the original account agreement, contract, promissory note, or other documentation supporting the existence of the alleged obligation, if available. 5. The date the account was opened, the date of default, and the date of the last payment, if any. 6. The name of the current creditor to whom the debt is allegedly owed. 7. Documentation demonstrating that your company has the legal authority to collect this debt. 8. The applicable licensing information required to collect debts in my state, if such licensing is required. Until you provide the information necessary to validate this debt as required by 15 U.S.C. 1692g, I request that you suspend collection efforts to the extent required by applicable law. If you are reporting this account to any consumer reporting agency, you are reminded of your duty to report information accurately under the Fair Credit Reporting Act ( FCRA ), 15 U.S.C. 1681s-2. If you can not substantiate the information you are reporting, you should take appropriate steps to correct or remove any inaccurate or unverifiable reporting. Please provide your response in writing. Thank you for your prompt attention to this matter. Sincerely, XXXX XXXX"
23904107,Debt collection,Took or threatened to take negative or legal action,Seized or attempted to seize your property,"My name is XXXX XXXX. I am filing this complaint to report deceptive commercial lending, predatory collections, lack of account transparency, and active XXXX by XXXX XXXX XXXX XXXX XXXX, facilitated by Square ( Block , Inc. ) XXXX XX/XX/XXXX, I signed a merchant cash advance agreement for my catering business, XXXX XXXX XXXX XXXX XXXX XXXX XXXX For months, XXXX aggressively drafted {$370.00} daily from my XXXX XXXX XXXX business account until it overdrew and closed. XXXX then enforced sweeping liens across my Cash App, XXXX, XXXX, and Square accounts, seizing all available funds. Since draining these accounts in XXXX, The XXXX XXXX completely ceased all communication with me, refused to provide an account balance, and provided XXXX transparency into whether this debt is already paid off.Despite refusing to communicate with me or validate my account balance for XXXX years, XXXX is now using a hidden clause in the XXXX paperwork to enforce an unauthorized cross-collateralization lien against an entirely separate businessPerfect XXXX XXXX XXXX XXXX XXXX ( owned by XXXX XXXX ). I am strictly a non-owner XXXX XXXX for XXXX XXXX, with XXXX equity or authority to bind their assets to a debt. In XX/XX/XXXX, XXXX used this unauthorized lien ( Alabama UCC File No : 22-7202440 ) to force Square to freeze XXXX XXXX XXXX processing account.LCF is now actively extorting the owner of XXXX XXXX, demanding a {$3000.00} payoff or forcing him to file a XXXX XXXX XXXX affidavit against me to release his own operational funds. Square is blindly allowing its automated platform to be weaponized by a predatory lender to hold an innocent merchant 's revenue XXXX without conducting basic due diligence on the validity of the lien. I demand that XXXX immediately terminate Alabama UCC File No : 22-7202440, provide a certified historical ledger of my XXXX swept funds, and order Square to lift the administrative hold on XXXX XXXX XXXX XXXX XXXX XXXX."
23873483,Debt collection,Took or threatened to take negative or legal action,Threatened or suggested your credit would be damaged,This company is violating my rights they have not provided validation Information XXXX XXXX XXXX XXXX ( b ) ( XXXX ) yet they have placed a collection on your consumer report recently
24022645,Debt collection,False statements or representation,Attempted to collect wrong amount,"XXXX XXXX XXXX XXXX XXXX XXXX XXXX XXXX FL, XXXX XXXX ( XXXX ) XXXX - XXXX Date : XX/XX/year> JEFFERSON CAPITAL SYSTEMS XXXX XXXX XXXX XXXX, XXXX MN XXXX CEASE & DESIST DEBT VALIDATION DEMAND - VIOLATIONS OF THE FDCPA & FCRA To Whom It May Concern : JEFFERSON CAPITAL SYSTEMS This letter serves as a formal CEASE AND DESIST and DEMAND FOR DEBT VALIDATION pursuant to my rights under the Fair Debt Collection Practices Act ( 15 U.S. Code 1692g ) and the Fair Credit Reporting Act ( 15 U.S. Code 1681s-2 ). You are hereby ordered to CEASE AND DESIST all forms of communication with me, my family, or my place of employment regarding the alleged debt referenced above. Your agency has no verified legal right to collect, report, or pursue action on this account without proper and complete validation of ownership and legal assignment of this debt. You are currently in violation of federal law by continuing to report this account to the credit bureaus without substantiating your right to collect. If you can not prove full ownership or legal right to collect this debt, you are knowingly furnishing inaccurate and unverifiable information, which is a direct violation of the FCRA ( 15 U.S. Code 1681s-2 ( a ) ( 1 ) ( A ) ). I am formally demanding the following documentation within 15 calendar days from the date of this letter : 1. The original signed contract or application bearing my signature showing liability for this debt. 2. The complete chain of title or assignment of debt, including all transfers and dates from the original creditor to your agency. 3. A copy of the bill of sale or purchase agreement showing your agency legally owns this debt. 4. An itemized statement of all amounts claimed to be owed, including principal, interest, fees, and charges. 5. Your debt collector license number and the state ( s ) in which you are licensed to colour sury bond information a require by a in earn urios. If you are unable to produce the above documentation in full, you are legally required to immediately remove this account from all consumer reporting agencies and cease any illection efforts. Further, if you do not legally own the debt, I demand that you retur le account to the original creditor and permanently cease any further action on thi matter. Be advised that continued failure to validate, coupled with continued furnishing of false information to credit bureaus, constitutes willful noncompliance under 15 U.S.C. 1681n and is subject to actual, statutory, and punitive damages, as well as attorney fees and court costs. I am documenting all violations and reserve the right to file complaints with the Consumer Financial Protection Bureau ( CFPB ), the Federal Trade Commission ( FTC ), my state attorney general 's office, and seck relief through litigation if necessary. Let this serve as your final warning. Failure to comply within 15 calendar days will result in further legal action. Sincerely, XXXX XXXX"
23957116,Debt collection,Written notification about debt,Didn't receive notice of right to dispute,"On XX/XX/year>, I was contacted by a representative named XXXX from Wilber Group subrogation dept regarding an alleged vehicle accident debt under {$3000.00}. No police report exists for this alleged incident. During this initial call, XXXX was highly aggressive, demanded immediate payment in full before hanging up, and threatened that he would suspend my driver 's license if I did not pay. This is a direct violation of FDCPA 15 U.S.C. 1692e regarding deceptive threats. I requested written validation of the debt. XXXX promised to send it but failed to do so, violating the 5-day written notice requirement under 15 U.S.C. 1692g. I followed up with a second representative who promised XXXX would email it ; it was never sent. Today, XX/XX/year>, XXXX escalated his harassment by calling my employer on his personal cell phone to pursue this unvalidated debt, violating 15 U.S.C. 1692c ( b ) regarding unauthorized third-party workplace disclosures. I demand that Wilber Group cease all workplace communications, stop all phone calls, and immediately validate this debt in writing as required by law."
23880928,Debt collection,Written notification about debt,Didn't receive enough information to verify debt,"I am submitting this formal complaint regarding the reporting and collection practices of Portfolio Recovery Associates , LLC. I believe this account has been reported inaccurately on my consumer report without my receiving the validation information required under applicable law. In addition, I was not provided a meaningful opportunity to dispute the alleged debt before it was reported. These circumstances raise serious concerns regarding your compliance with 12 CFR 1006.34 and 15 U.S.C. 1681s-2. Accordingly, I request that you conduct a THOROUGH REVIEW of this account, provide COMPLETE VALIDATION of the alleged debt and the basis for its reporting, and, if you are unable to verify its accuracy and compliance with applicable legal requirements, promptly REMOVE the account from my consumer report."
23908486,Debt collection,Took or threatened to take negative or legal action,Threatened or suggested your credit would be damaged,"I am stressed and concerned because Midland Credit Management continues contacting me despite my previous written request to cease communication. I mailed Midland a cease communication notice on XX/XX/XXXX, which USPS shows was delivered on XX/XX/XXXX. Despite my written request, Midland continued collection activity and sent a pre-legal notice dated XX/XX/XXXX. Then, on XX/XX/XXXX, I received a collection call stating that a lawsuit would be filed if I did not call back. I dispute this alleged debt and request that Midland provide documentation supporting the amount claimed and its authority to collect this specific account. I also want Midland to explain why it continued calling me after receiving my written cease communication request and whether a lawsuit had actually been approved or referred to an XXXX when the XX/XX/XXXX statement was made. The continued calls and threats of litigation have caused me significant stress. I am asking that Midland respect my written request, stop calling me to the extent required by law, investigate my dispute, and provide a meaningful written response."
24403939,Debt collection,Took or threatened to take negative or legal action,Threatened to sue you for very old debt,"In 2014, I took out a loan from CashCall with a principal amount of {$5000.00}. That principal was fully paid. However, CashCall claimed that with interest and fees, the balance had grown to more than {$35000.00}. The interest rate was extremely high and would now be considered illegal under XXXX later consumerprotection laws regarding loansharking and excessive interest rates. CashCall sued me in California and obtained a judgment, but California determined that CashCalls loan program fell into a category of unlawful lending practices. Because of this, CashCall was prohibited from collecting on the judgment. Despite that prohibition, CashCall later sold or transferred the account to XXXX XXXX XXXX and XXXX XXXX XXXX XXXX XXXX XXXX. This debt is now more than XXXX XXXX XXXX. I am XXXX XXXX XXXX and on Social Security XXXX. I am being contacted about a debt that was already found to be uncollectible under California law due to CashCalls illegal lending practices. I am requesting CFPB assistance because a thirdparty collector is attempting to collect a debt that should not be collectible."
23953394,Debt collection,Attempts to collect debt not owed,Debt was result of identity theft,IC SYSTEM INC is falsely reporting on my credit. I have never had any accounts with them. Per my research XXXX is a debt collector. They are falsely reporting on my credit!! Account number is XXXX XXXX XXXX XXXX XXXX is falsely reporting to my credit file and is against my rights and fair credit act. Under U.S Code 1618d - Disclosure of investigation consumer report ; you are in violation.
24524886,Debt collection,False statements or representation,Attempted to collect wrong amount,"I am filing a formal regulatory complaint against debt collector CB1, Inc. for severe statutory violations of the Fair Debt Collection Practices Act ( FDCPA ), XXXX XXXX. XXXX, and state consumer protection laws. On XX/XX/year>, I sent a timely, written Debt Validation Request to CB1 via XXXX XXXX Mail. Official postal records and a signed domestic return card prove CB1 accepted my dispute, and a postal postmark establishes it was processed at their local Billings distribution hub on XX/XX/year>. Under XXXX XXXX. XXXX ( b ), a debt collector must cease all collection efforts and litigation activities upon receipt of a consumer 's written dispute until the debt collector mails verification to the consumer. Rather than honoring this mandatory federal freeze, CB1s legal counsel signed a civil lawsuit complaint against me on XX/XX/year>, and actively filed it in court on XX/XX/year>. CB1 did not mail out my debt verification response packet until XX/XX/XXXX, XXXX full weeks after initiating active litigation. Furthermore, CB1 has utilized fraudulent, back-dated, and chronologically impossible billing documentation to sue me for an inflated principal balance of {$290.00} on a clinic account where the original creditor 's own ledger explicitly shows internal adjustments reduced my patient responsibility line to {$0.00}. CB1 has also initiated illegal collection actions and a lawsuit on a separate hospital account that was fully covered by my active XXXX of Montana ACA XXXX XXXX on the date of service, which is legally uncollectible under state billing regulations. I request a formal administrative investigation into CB1s deceptive litigation timelines, billing ledger integrity, and debt collection licensing status in the XXXX of Montana."
24166274,Debt collection,Took or threatened to take negative or legal action,Threatened or suggested your credit would be damaged,This company is violating my rights they have not provided validation Information Under 12 CFR 1006.34 ( b ) ( 5 ) yet they have placed a collection on your consumer report recently. I have made a previous attempt to fix these issues directly with them. I do not have an account with them and do not owe them monies. They are violating my rights and I am entitled to {$1000.00} for every violation listed. They either pay me or delete these accounts ASAP.
23815177,Debt collection,Attempts to collect debt not owed,Debt is not yours,"To whom it may concern, Please note that this is not a refusal to pay off the account but a notice sent as per the Fair Debt Collection Practices Act ( F.D.C.P.A. ), 15 U.S.C. S 1692 ( G ) Section 809 ( B ). This notice states that your claim is disputed and validation of the account is required. This notice is not a request for verification of the account or proof of my mailing address but a request for validation made pursuant to the F D.C.P A. laws. I humbly request that your agency/ office sends me valid proof of claim that I am legally obligated to pay you. Please provide me with the below mentioned items XXXX XXXX The amount you claim the respondent owes you XXXX An explanation showing me how you have computed the amount. XXXX Copies of any documents that prove I agreed to pay the alleged amount XXXX The identity of the original creditor XXXX Confirmation that the account has not crossed the statute of limitation ( XXXX ) period XXXX Evidence that you are a licensed debt collector XXXX Evidence of your license numbers and your registered agent. XXXX Chain of Title of ownership of the debt * XXXX & XXXX XXXX"
24702088,Debt collection,False statements or representation,Attempted to collect wrong amount,"XXXX XXXX XXXX XXXX, they need to remove this asap"
23975040,Debt collection,Took or threatened to take negative or legal action,Threatened or suggested your credit would be damaged,"Timeline of Unwanted Contact by XXXX XXXX XXXX ABC Fitness On XX/XX/year>, at XXXX XXXX, I sent a formal cease and desist letter via email to XXXX XXXX requesting that all communication regarding my account cease. My membership & My Wifes had already been canceled, and I made it clear that I no longer wished to be contacted. Despite this written request, the unwanted communications continued. I received contact on XX/XX/year>, at XXXX XXXX, and again on XX/XX/year>, at XXXX XXXX. In addition, I have continued to receive repeated phone calls from before my cease and desist request through the present. The most recent call occurred on Monday, XX/XX/year>, and the unwanted communications are still ongoing. I have repeatedly requested that XXXX XXXX stop contacting me, yet the calls and communications have continued despite my written demand. I consider this to be continued unwanted and harassing communication after I clearly revoked my consent to be contacted."
23960172,Debt collection,Attempts to collect debt not owed,Debt was result of identity theft,"XXXX XXXX XXXX XXXX XXXX XXXX XXXX XXXX XXXX XXXX XX/XX/year> Allied Interstate LLC XXXX XXXX XXXX XXXX XXXX XXXX Re : Identity Theft Dispute and Demand to Cease Collection Reference No. : XXXX Alleged Creditor : XXXX XXXX XXXX Original Creditor : XXXX / XXXX XXXX To Whom It May Concern : I am writing in response to your collection notice dated XX/XX/year>, regarding the above-referenced account. I dispute this alleged debt in its entirety. This account resulted from identity theft and is not my legal obligation. Enclosed is a copy of my Federal Trade Commission Identity Theft Report ( FTC Report No. XXXX ), which identifies the fraudulent XXXX account among the accounts opened through identity theft. In addition, this account was previously removed from my consumer credit reports as part of my identity theft claim. Despite that, I have now received collection efforts from Allied Interstate on behalf of XXXX XXXX XXXX. Because this account is the result of identity theft, I request that you immediately : Cease all collection activity on this account. Mark the account as disputed due to identity theft. Provide the complete chain of assignment showing how XXXX XXXX XXXX acquired this specific account from XXXX XXXX XXXX Provide copies of any application, agreement, signatures, or other evidence that you contend establishes that I opened or authorized this account. Provide documentation demonstrating that Allied Interstate has legal authority to collect this alleged debt. Confirm in writing that no further collection efforts will be made unless and until you possess competent evidence that I am legally responsible for this account. Please also preserve all records related to this account, including communications, account notes, assignment records, and any documents relied upon in determining that I owe this alleged debt. Any future communication should be in writing only at the address above or by email at : XXXX If you determine that this debt resulted from identity theft, I request written confirmation that your file has been closed and that no further collection activity will occur. Thank you for your prompt attention to this matter. Respectfully, XXXX XXXX XXXX Enclosures : FTC Identity Theft Report No. XXXX XXXX of Allied Interstate collection notice Any documentation showing the account 's prior deletion from your credit reports ( if available )"
24207014,Debt collection,Attempts to collect debt not owed,Debt is not yours,The information within the debt collection agency seems to be inaccurate and also I have no knowledge of owing the company who is trying to collect a debt
24639191,Debt collection,Written notification about debt,Didn't receive enough information to verify debt,"XXXX XXXX Account Number XXXX Im unaware of this account and did I have the opportunity to dispute this account. If you believe you provided proper notification, please provide certified mail with receipt displaying my signature. If not, please delete account as soon as possible from my report or I will have to take legal action."
23789089,Debt collection,Written notification about debt,Didn't receive enough information to verify debt,"Im writing to file a complaint against PORTFOLIO RECOVERY ASSOCIATES , LLC for violating my consumer rights under 12 CFR 1006.34 and 15 USC 1681-s2 ( 7 ) ( A ). Theyve added an inaccurate account to my consumer report without giving me the required validation info, as outlined in 12 CFR 1006.34 ( b ) ( 5 ). On top of that, I havent been given a chance to dispute the account, which Im entitled to under 12 CFR 1006.34 ( c ) ( 4 ) ( i ). Overall, their actions are not only against federal regulations but also misleading and deceptive."
23967210,Debt collection,Written notification about debt,Didn't receive enough information to verify debt,"I am writing to formally file a complaint against Midland Credit Management , Inc. for violating my consumer rights under 12 CFR 1006.34 and 15 USC 1681-s2 ( 7 ) ( A ). To be specific, Midland Credit Management has placed an inaccurate account on my credit report without providing any validation information, which is required under 12 CFR 1006.34 ( b ) ( 5 ). Additionally, I have not been given the opportunity to dispute this account, even though that is my right under 12 CFR 1006.34 ( c ) ( 4 ) ( i ). In my view, these actions go beyond mere regulatory oversightsthey amount to false, misleading, and deceptive practices. I respectfully urge you to review this matter thoroughly and take appropriate corrective action. I would appreciate your timely response and a fair resolution to this issue."
23896698,Debt collection,Took or threatened to take negative or legal action,Threatened or suggested your credit would be damaged,I spoke to a representative today named XXXX. I told her that I wanted the escalation of my balance taken off my credit report. Net Credit was being paid and I told them that I needed smaller payment arrangements instead of them continuing to give me up to XXXX due dates at once. I almost lost my car insurance and apartment because my employer changed their pay cycles from biweekly to weekly. I only was getting paid XXXX a week. Net Credit unfairly told me that they would escalate my total debt regardless
23970951,Debt collection,Attempts to collect debt not owed,Debt is not yours,"Under the Fair Credit Reporting Act, 15 U.S.C. 1681g I have the right to demand that you disclose to me all of the documents that you have recorded and retained in your file at the time of this request concerning the accounts that you are reporting in my credit report."
24662117,Debt collection,Attempts to collect debt not owed,Debt is not yours,"I am not liable for this debt with these following companies. I do not have a contract with these companies, They did not provide me with the original contract as i requested."
24383812,Debt collection,Took or threatened to take negative or legal action,Threatened or suggested your credit would be damaged,"This company is breaking the law by failing to provide proper validation details as required under 12 CFR 1006.34 ( b ) ( 5 ). Despite this, theyve re added a collection to my report for each validation I am entitled {$1000.00}. They must either compensate me or remove these account immediately"
