complaint_id,gate_id,concept,variant,noul,status,http_status,error,attempts,latency_ms,input_tokens,output_tokens,model
23742973,identity_theft__A,identity_theft,A,0.03,success,200,,1,1026,8461,3212,376,jev-1.13.0
23742973,identity_theft__B,identity_theft,B,0.97,success,200,,1,1026,8461,3212,376,jev-1.13.0
23742973,identity_theft__C,identity_theft,C,0.07,success,200,,1,1026,8461,3212,376,jev-1.13.0
23742973,insufficient_validation__A,insufficient_validation,A,0.17,success,200,,1,1026,8461,3212,376,jev-1.13.0
23742973,insufficient_validation__B,insufficient_validation,B,0.98,success,200,,1,1026,8461,3212,376,jev-1.13.0
23742973,insufficient_validation__C,insufficient_validation,C,0.93,success,200,,1,1026,8461,3212,376,jev-1.13.0
23742973,wrong_amount__A,wrong_amount,A,0.89,success,200,,1,1026,8461,3212,376,jev-1.13.0
23742973,wrong_amount__B,wrong_amount,B,0.98,success,200,,1,1026,8461,3212,376,jev-1.13.0
23742973,wrong_amount__C,wrong_amount,C,0.4,success,200,,1,1026,8461,3212,376,jev-1.13.0
23742973,credit_damage_threat__A,credit_damage_threat,A,0.05,success,200,,1,1026,8461,3212,376,jev-1.13.0
23742973,credit_damage_threat__B,credit_damage_threat,B,0.56,success,200,,1,1026,8461,3212,376,jev-1.13.0
23742973,credit_damage_threat__C,credit_damage_threat,C,0.05,success,200,,1,1026,8461,3212,376,jev-1.13.0
23742973,arrest_threat__A,arrest_threat,A,0.04,success,200,,1,1026,8461,3212,376,jev-1.13.0
23742973,arrest_threat__B,arrest_threat,B,0.04,success,200,,1,1026,8461,3212,376,jev-1.13.0
23742973,arrest_threat__C,arrest_threat,C,0.03,success,200,,1,1026,8461,3212,376,jev-1.13.0
23742973,sued_no_notice__A,sued_no_notice,A,0.54,success,200,,1,1026,8461,3212,376,jev-1.13.0
23742973,sued_no_notice__B,sued_no_notice,B,0.99,success,200,,1,1026,8461,3212,376,jev-1.13.0
23742973,sued_no_notice__C,sued_no_notice,C,0.93,success,200,,1,1026,8461,3212,376,jev-1.13.0
23749812,identity_theft__A,identity_theft,A,0.03,success,200,,1,330,4353,2689,376,jev-1.13.0
23749812,identity_theft__B,identity_theft,B,0.62,success,200,,1,330,4353,2689,376,jev-1.13.0
23749812,identity_theft__C,identity_theft,C,0.12,success,200,,1,330,4353,2689,376,jev-1.13.0
23749812,insufficient_validation__A,insufficient_validation,A,0.07,success,200,,1,330,4353,2689,376,jev-1.13.0
23749812,insufficient_validation__B,insufficient_validation,B,0.43,success,200,,1,330,4353,2689,376,jev-1.13.0
23749812,insufficient_validation__C,insufficient_validation,C,0.81,success,200,,1,330,4353,2689,376,jev-1.13.0
23749812,wrong_amount__A,wrong_amount,A,0.04,success,200,,1,330,4353,2689,376,jev-1.13.0
23749812,wrong_amount__B,wrong_amount,B,0.86,success,200,,1,330,4353,2689,376,jev-1.13.0
23749812,wrong_amount__C,wrong_amount,C,0.15,success,200,,1,330,4353,2689,376,jev-1.13.0
23749812,credit_damage_threat__A,credit_damage_threat,A,0.1,success,200,,1,330,4353,2689,376,jev-1.13.0
23749812,credit_damage_threat__B,credit_damage_threat,B,0.96,success,200,,1,330,4353,2689,376,jev-1.13.0
23749812,credit_damage_threat__C,credit_damage_threat,C,0.1,success,200,,1,330,4353,2689,376,jev-1.13.0
23749812,arrest_threat__A,arrest_threat,A,0.03,success,200,,1,330,4353,2689,376,jev-1.13.0
23749812,arrest_threat__B,arrest_threat,B,0.03,success,200,,1,330,4353,2689,376,jev-1.13.0
23749812,arrest_threat__C,arrest_threat,C,0.02,success,200,,1,330,4353,2689,376,jev-1.13.0
23749812,sued_no_notice__A,sued_no_notice,A,0.03,success,200,,1,330,4353,2689,376,jev-1.13.0
23749812,sued_no_notice__B,sued_no_notice,B,0.06,success,200,,1,330,4353,2689,376,jev-1.13.0
23749812,sued_no_notice__C,sued_no_notice,C,0.03,success,200,,1,330,4353,2689,376,jev-1.13.0
23751113,identity_theft__A,identity_theft,A,0.04,success,200,,1,362,5442,2691,376,jev-1.13.0
23751113,identity_theft__B,identity_theft,B,0.9,success,200,,1,362,5442,2691,376,jev-1.13.0
23751113,identity_theft__C,identity_theft,C,0.73,success,200,,1,362,5442,2691,376,jev-1.13.0
23751113,insufficient_validation__A,insufficient_validation,A,0.03,success,200,,1,362,5442,2691,376,jev-1.13.0
23751113,insufficient_validation__B,insufficient_validation,B,0.37,success,200,,1,362,5442,2691,376,jev-1.13.0
23751113,insufficient_validation__C,insufficient_validation,C,0.26,success,200,,1,362,5442,2691,376,jev-1.13.0
23751113,wrong_amount__A,wrong_amount,A,0.04,success,200,,1,362,5442,2691,376,jev-1.13.0
23751113,wrong_amount__B,wrong_amount,B,0.65,success,200,,1,362,5442,2691,376,jev-1.13.0
23751113,wrong_amount__C,wrong_amount,C,0.09,success,200,,1,362,5442,2691,376,jev-1.13.0
23751113,credit_damage_threat__A,credit_damage_threat,A,0.04,success,200,,1,362,5442,2691,376,jev-1.13.0
23751113,credit_damage_threat__B,credit_damage_threat,B,0.04,success,200,,1,362,5442,2691,376,jev-1.13.0
23751113,credit_damage_threat__C,credit_damage_threat,C,0.03,success,200,,1,362,5442,2691,376,jev-1.13.0
23751113,arrest_threat__A,arrest_threat,A,0.03,success,200,,1,362,5442,2691,376,jev-1.13.0
23751113,arrest_threat__B,arrest_threat,B,0.03,success,200,,1,362,5442,2691,376,jev-1.13.0
23751113,arrest_threat__C,arrest_threat,C,0.02,success,200,,1,362,5442,2691,376,jev-1.13.0
23751113,sued_no_notice__A,sued_no_notice,A,0.03,success,200,,1,362,5442,2691,376,jev-1.13.0
23751113,sued_no_notice__B,sued_no_notice,B,0.82,success,200,,1,362,5442,2691,376,jev-1.13.0
23751113,sued_no_notice__C,sued_no_notice,C,0.02,success,200,,1,362,5442,2691,376,jev-1.13.0
23751836,identity_theft__A,identity_theft,A,0.04,success,200,,1,319,4108,2706,376,jev-1.13.0
23751836,identity_theft__B,identity_theft,B,0.88,success,200,,1,319,4108,2706,376,jev-1.13.0
23751836,identity_theft__C,identity_theft,C,0.64,success,200,,1,319,4108,2706,376,jev-1.13.0
23751836,insufficient_validation__A,insufficient_validation,A,0.04,success,200,,1,319,4108,2706,376,jev-1.13.0
23751836,insufficient_validation__B,insufficient_validation,B,0.47,success,200,,1,319,4108,2706,376,jev-1.13.0
23751836,insufficient_validation__C,insufficient_validation,C,0.32,success,200,,1,319,4108,2706,376,jev-1.13.0
23751836,wrong_amount__A,wrong_amount,A,0.04,success,200,,1,319,4108,2706,376,jev-1.13.0
23751836,wrong_amount__B,wrong_amount,B,0.69,success,200,,1,319,4108,2706,376,jev-1.13.0
23751836,wrong_amount__C,wrong_amount,C,0.1,success,200,,1,319,4108,2706,376,jev-1.13.0
23751836,credit_damage_threat__A,credit_damage_threat,A,0.04,success,200,,1,319,4108,2706,376,jev-1.13.0
23751836,credit_damage_threat__B,credit_damage_threat,B,0.04,success,200,,1,319,4108,2706,376,jev-1.13.0
23751836,credit_damage_threat__C,credit_damage_threat,C,0.03,success,200,,1,319,4108,2706,376,jev-1.13.0
23751836,arrest_threat__A,arrest_threat,A,0.03,success,200,,1,319,4108,2706,376,jev-1.13.0
23751836,arrest_threat__B,arrest_threat,B,0.03,success,200,,1,319,4108,2706,376,jev-1.13.0
23751836,arrest_threat__C,arrest_threat,C,0.02,success,200,,1,319,4108,2706,376,jev-1.13.0
23751836,sued_no_notice__A,sued_no_notice,A,0.02,success,200,,1,319,4108,2706,376,jev-1.13.0
23751836,sued_no_notice__B,sued_no_notice,B,0.8,success,200,,1,319,4108,2706,376,jev-1.13.0
23751836,sued_no_notice__C,sued_no_notice,C,0.02,success,200,,1,319,4108,2706,376,jev-1.13.0
23753228,identity_theft__A,identity_theft,A,0.03,success,200,,1,290,6014,2683,376,jev-1.13.0
23753228,identity_theft__B,identity_theft,B,0.83,success,200,,1,290,6014,2683,376,jev-1.13.0
23753228,identity_theft__C,identity_theft,C,0.07,success,200,,1,290,6014,2683,376,jev-1.13.0
23753228,insufficient_validation__A,insufficient_validation,A,0.52,success,200,,1,290,6014,2683,376,jev-1.13.0
23753228,insufficient_validation__B,insufficient_validation,B,0.98,success,200,,1,290,6014,2683,376,jev-1.13.0
23753228,insufficient_validation__C,insufficient_validation,C,0.95,success,200,,1,290,6014,2683,376,jev-1.13.0
23753228,wrong_amount__A,wrong_amount,A,0.05,success,200,,1,290,6014,2683,376,jev-1.13.0
23753228,wrong_amount__B,wrong_amount,B,0.76,success,200,,1,290,6014,2683,376,jev-1.13.0
23753228,wrong_amount__C,wrong_amount,C,0.05,success,200,,1,290,6014,2683,376,jev-1.13.0
23753228,credit_damage_threat__A,credit_damage_threat,A,0.08,success,200,,1,290,6014,2683,376,jev-1.13.0
23753228,credit_damage_threat__B,credit_damage_threat,B,0.98,success,200,,1,290,6014,2683,376,jev-1.13.0
23753228,credit_damage_threat__C,credit_damage_threat,C,0.06,success,200,,1,290,6014,2683,376,jev-1.13.0
23753228,arrest_threat__A,arrest_threat,A,0.03,success,200,,1,290,6014,2683,376,jev-1.13.0
23753228,arrest_threat__B,arrest_threat,B,0.03,success,200,,1,290,6014,2683,376,jev-1.13.0
23753228,arrest_threat__C,arrest_threat,C,0.02,success,200,,1,290,6014,2683,376,jev-1.13.0
23753228,sued_no_notice__A,sued_no_notice,A,0.05,success,200,,1,290,6014,2683,376,jev-1.13.0
23753228,sued_no_notice__B,sued_no_notice,B,0.99,success,200,,1,290,6014,2683,376,jev-1.13.0
23753228,sued_no_notice__C,sued_no_notice,C,0.17,success,200,,1,290,6014,2683,376,jev-1.13.0
23757329,identity_theft__A,identity_theft,A,0.02,success,200,,1,284,8443,2768,376,jev-1.13.0
23757329,identity_theft__B,identity_theft,B,0.24,success,200,,1,284,8443,2768,376,jev-1.13.0
23757329,identity_theft__C,identity_theft,C,0.04,success,200,,1,284,8443,2768,376,jev-1.13.0
23757329,insufficient_validation__A,insufficient_validation,A,0.03,success,200,,1,284,8443,2768,376,jev-1.13.0
23757329,insufficient_validation__B,insufficient_validation,B,0.24,success,200,,1,284,8443,2768,376,jev-1.13.0
23757329,insufficient_validation__C,insufficient_validation,C,0.25,success,200,,1,284,8443,2768,376,jev-1.13.0
23757329,wrong_amount__A,wrong_amount,A,0.05,success,200,,1,284,8443,2768,376,jev-1.13.0
23757329,wrong_amount__B,wrong_amount,B,0.79,success,200,,1,284,8443,2768,376,jev-1.13.0
23757329,wrong_amount__C,wrong_amount,C,0.25,success,200,,1,284,8443,2768,376,jev-1.13.0
23757329,credit_damage_threat__A,credit_damage_threat,A,0.05,success,200,,1,284,8443,2768,376,jev-1.13.0
23757329,credit_damage_threat__B,credit_damage_threat,B,0.96,success,200,,1,284,8443,2768,376,jev-1.13.0
23757329,credit_damage_threat__C,credit_damage_threat,C,0.05,success,200,,1,284,8443,2768,376,jev-1.13.0
23757329,arrest_threat__A,arrest_threat,A,0.03,success,200,,1,284,8443,2768,376,jev-1.13.0
23757329,arrest_threat__B,arrest_threat,B,0.03,success,200,,1,284,8443,2768,376,jev-1.13.0
23757329,arrest_threat__C,arrest_threat,C,0.02,success,200,,1,284,8443,2768,376,jev-1.13.0
23757329,sued_no_notice__A,sued_no_notice,A,0.02,success,200,,1,284,8443,2768,376,jev-1.13.0
23757329,sued_no_notice__B,sued_no_notice,B,0.05,success,200,,1,284,8443,2768,376,jev-1.13.0
23757329,sued_no_notice__C,sued_no_notice,C,0.02,success,200,,1,284,8443,2768,376,jev-1.13.0
23769743,identity_theft__A,identity_theft,A,0.04,success,200,,1,319,5921,3242,376,jev-1.13.0
23769743,identity_theft__B,identity_theft,B,0.99,success,200,,1,319,5921,3242,376,jev-1.13.0
23769743,identity_theft__C,identity_theft,C,0.46,success,200,,1,319,5921,3242,376,jev-1.13.0
23769743,insufficient_validation__A,insufficient_validation,A,0.95,success,200,,1,319,5921,3242,376,jev-1.13.0
23769743,insufficient_validation__B,insufficient_validation,B,0.99,success,200,,1,319,5921,3242,376,jev-1.13.0
23769743,insufficient_validation__C,insufficient_validation,C,0.95,success,200,,1,319,5921,3242,376,jev-1.13.0
23769743,wrong_amount__A,wrong_amount,A,0.66,success,200,,1,319,5921,3242,376,jev-1.13.0
23769743,wrong_amount__B,wrong_amount,B,0.98,success,200,,1,319,5921,3242,376,jev-1.13.0
23769743,wrong_amount__C,wrong_amount,C,0.06,success,200,,1,319,5921,3242,376,jev-1.13.0
23769743,credit_damage_threat__A,credit_damage_threat,A,0.07,success,200,,1,319,5921,3242,376,jev-1.13.0
23769743,credit_damage_threat__B,credit_damage_threat,B,0.98,success,200,,1,319,5921,3242,376,jev-1.13.0
23769743,credit_damage_threat__C,credit_damage_threat,C,0.04,success,200,,1,319,5921,3242,376,jev-1.13.0
23769743,arrest_threat__A,arrest_threat,A,0.03,success,200,,1,319,5921,3242,376,jev-1.13.0
23769743,arrest_threat__B,arrest_threat,B,0.02,success,200,,1,319,5921,3242,376,jev-1.13.0
23769743,arrest_threat__C,arrest_threat,C,0.02,success,200,,1,319,5921,3242,376,jev-1.13.0
23769743,sued_no_notice__A,sued_no_notice,A,0.03,success,200,,1,319,5921,3242,376,jev-1.13.0
23769743,sued_no_notice__B,sued_no_notice,B,0.67,success,200,,1,319,5921,3242,376,jev-1.13.0
23769743,sued_no_notice__C,sued_no_notice,C,0.02,success,200,,1,319,5921,3242,376,jev-1.13.0
23770285,identity_theft__A,identity_theft,A,0.03,success,200,,1,257,6274,2691,376,jev-1.13.0
23770285,identity_theft__B,identity_theft,B,0.98,success,200,,1,257,6274,2691,376,jev-1.13.0
23770285,identity_theft__C,identity_theft,C,0.19,success,200,,1,257,6274,2691,376,jev-1.13.0
23770285,insufficient_validation__A,insufficient_validation,A,0.03,success,200,,1,257,6274,2691,376,jev-1.13.0
23770285,insufficient_validation__B,insufficient_validation,B,0.09,success,200,,1,257,6274,2691,376,jev-1.13.0
23770285,insufficient_validation__C,insufficient_validation,C,0.07,success,200,,1,257,6274,2691,376,jev-1.13.0
23770285,wrong_amount__A,wrong_amount,A,0.06,success,200,,1,257,6274,2691,376,jev-1.13.0
23770285,wrong_amount__B,wrong_amount,B,0.26,success,200,,1,257,6274,2691,376,jev-1.13.0
23770285,wrong_amount__C,wrong_amount,C,0.03,success,200,,1,257,6274,2691,376,jev-1.13.0
23770285,credit_damage_threat__A,credit_damage_threat,A,0.04,success,200,,1,257,6274,2691,376,jev-1.13.0
23770285,credit_damage_threat__B,credit_damage_threat,B,0.96,success,200,,1,257,6274,2691,376,jev-1.13.0
23770285,credit_damage_threat__C,credit_damage_threat,C,0.03,success,200,,1,257,6274,2691,376,jev-1.13.0
23770285,arrest_threat__A,arrest_threat,A,0.03,success,200,,1,257,6274,2691,376,jev-1.13.0
23770285,arrest_threat__B,arrest_threat,B,0.03,success,200,,1,257,6274,2691,376,jev-1.13.0
23770285,arrest_threat__C,arrest_threat,C,0.02,success,200,,1,257,6274,2691,376,jev-1.13.0
23770285,sued_no_notice__A,sued_no_notice,A,0.03,success,200,,1,257,6274,2691,376,jev-1.13.0
23770285,sued_no_notice__B,sued_no_notice,B,0.09,success,200,,1,257,6274,2691,376,jev-1.13.0
23770285,sued_no_notice__C,sued_no_notice,C,0.02,success,200,,1,257,6274,2691,376,jev-1.13.0
23772695,identity_theft__A,identity_theft,A,0.03,success,200,,1,282,772,2683,376,jev-1.13.0
23772695,identity_theft__B,identity_theft,B,0.96,success,200,,1,282,772,2683,376,jev-1.13.0
23772695,identity_theft__C,identity_theft,C,0.18,success,200,,1,282,772,2683,376,jev-1.13.0
23772695,insufficient_validation__A,insufficient_validation,A,0.03,success,200,,1,282,772,2683,376,jev-1.13.0
23772695,insufficient_validation__B,insufficient_validation,B,0.09,success,200,,1,282,772,2683,376,jev-1.13.0
23772695,insufficient_validation__C,insufficient_validation,C,0.07,success,200,,1,282,772,2683,376,jev-1.13.0
23772695,wrong_amount__A,wrong_amount,A,0.04,success,200,,1,282,772,2683,376,jev-1.13.0
23772695,wrong_amount__B,wrong_amount,B,0.29,success,200,,1,282,772,2683,376,jev-1.13.0
23772695,wrong_amount__C,wrong_amount,C,0.03,success,200,,1,282,772,2683,376,jev-1.13.0
23772695,credit_damage_threat__A,credit_damage_threat,A,0.05,success,200,,1,282,772,2683,376,jev-1.13.0
23772695,credit_damage_threat__B,credit_damage_threat,B,0.96,success,200,,1,282,772,2683,376,jev-1.13.0
23772695,credit_damage_threat__C,credit_damage_threat,C,0.03,success,200,,1,282,772,2683,376,jev-1.13.0
23772695,arrest_threat__A,arrest_threat,A,0.03,success,200,,1,282,772,2683,376,jev-1.13.0
23772695,arrest_threat__B,arrest_threat,B,0.02,success,200,,1,282,772,2683,376,jev-1.13.0
23772695,arrest_threat__C,arrest_threat,C,0.02,success,200,,1,282,772,2683,376,jev-1.13.0
23772695,sued_no_notice__A,sued_no_notice,A,0.03,success,200,,1,282,772,2683,376,jev-1.13.0
23772695,sued_no_notice__B,sued_no_notice,B,0.09,success,200,,1,282,772,2683,376,jev-1.13.0
23772695,sued_no_notice__C,sued_no_notice,C,0.02,success,200,,1,282,772,2683,376,jev-1.13.0
23780592,identity_theft__A,identity_theft,A,0.02,success,200,,1,347,0143,2818,376,jev-1.13.0
23780592,identity_theft__B,identity_theft,B,0.96,success,200,,1,347,0143,2818,376,jev-1.13.0
23780592,identity_theft__C,identity_theft,C,0.04,success,200,,1,347,0143,2818,376,jev-1.13.0
23780592,insufficient_validation__A,insufficient_validation,A,0.07,success,200,,1,347,0143,2818,376,jev-1.13.0
23780592,insufficient_validation__B,insufficient_validation,B,0.66,success,200,,1,347,0143,2818,376,jev-1.13.0
23780592,insufficient_validation__C,insufficient_validation,C,0.85,success,200,,1,347,0143,2818,376,jev-1.13.0
23780592,wrong_amount__A,wrong_amount,A,0.32,success,200,,1,347,0143,2818,376,jev-1.13.0
23780592,wrong_amount__B,wrong_amount,B,0.99,success,200,,1,347,0143,2818,376,jev-1.13.0
23780592,wrong_amount__C,wrong_amount,C,0.4,success,200,,1,347,0143,2818,376,jev-1.13.0
23780592,credit_damage_threat__A,credit_damage_threat,A,0.06,success,200,,1,347,0143,2818,376,jev-1.13.0
23780592,credit_damage_threat__B,credit_damage_threat,B,0.99,success,200,,1,347,0143,2818,376,jev-1.13.0
23780592,credit_damage_threat__C,credit_damage_threat,C,0.04,success,200,,1,347,0143,2818,376,jev-1.13.0
23780592,arrest_threat__A,arrest_threat,A,0.03,success,200,,1,347,0143,2818,376,jev-1.13.0
23780592,arrest_threat__B,arrest_threat,B,0.02,success,200,,1,347,0143,2818,376,jev-1.13.0
23780592,arrest_threat__C,arrest_threat,C,0.02,success,200,,1,347,0143,2818,376,jev-1.13.0
23780592,sued_no_notice__A,sued_no_notice,A,0.04,success,200,,1,347,0143,2818,376,jev-1.13.0
23780592,sued_no_notice__B,sued_no_notice,B,0.06,success,200,,1,347,0143,2818,376,jev-1.13.0
23780592,sued_no_notice__C,sued_no_notice,C,0.03,success,200,,1,347,0143,2818,376,jev-1.13.0
23781005,identity_theft__A,identity_theft,A,0.03,success,200,,1,273,6361,2800,376,jev-1.13.0
23781005,identity_theft__B,identity_theft,B,0.82,success,200,,1,273,6361,2800,376,jev-1.13.0
23781005,identity_theft__C,identity_theft,C,0.03,success,200,,1,273,6361,2800,376,jev-1.13.0
23781005,insufficient_validation__A,insufficient_validation,A,0.06,success,200,,1,273,6361,2800,376,jev-1.13.0
23781005,insufficient_validation__B,insufficient_validation,B,0.99,success,200,,1,273,6361,2800,376,jev-1.13.0
23781005,insufficient_validation__C,insufficient_validation,C,0.14,success,200,,1,273,6361,2800,376,jev-1.13.0
23781005,wrong_amount__A,wrong_amount,A,0.05,success,200,,1,273,6361,2800,376,jev-1.13.0
23781005,wrong_amount__B,wrong_amount,B,0.65,success,200,,1,273,6361,2800,376,jev-1.13.0
23781005,wrong_amount__C,wrong_amount,C,0.03,success,200,,1,273,6361,2800,376,jev-1.13.0
23781005,credit_damage_threat__A,credit_damage_threat,A,0.05,success,200,,1,273,6361,2800,376,jev-1.13.0
23781005,credit_damage_threat__B,credit_damage_threat,B,0.87,success,200,,1,273,6361,2800,376,jev-1.13.0
23781005,credit_damage_threat__C,credit_damage_threat,C,0.02,success,200,,1,273,6361,2800,376,jev-1.13.0
23781005,arrest_threat__A,arrest_threat,A,0.03,success,200,,1,273,6361,2800,376,jev-1.13.0
23781005,arrest_threat__B,arrest_threat,B,0.03,success,200,,1,273,6361,2800,376,jev-1.13.0
23781005,arrest_threat__C,arrest_threat,C,0.02,success,200,,1,273,6361,2800,376,jev-1.13.0
23781005,sued_no_notice__A,sued_no_notice,A,0.03,success,200,,1,273,6361,2800,376,jev-1.13.0
23781005,sued_no_notice__B,sued_no_notice,B,0.1,success,200,,1,273,6361,2800,376,jev-1.13.0
23781005,sued_no_notice__C,sued_no_notice,C,0.01,success,200,,1,273,6361,2800,376,jev-1.13.0
23785219,identity_theft__A,identity_theft,A,0.04,success,200,,1,271,9861,3042,376,jev-1.13.0
23785219,identity_theft__B,identity_theft,B,0.98,success,200,,1,271,9861,3042,376,jev-1.13.0
23785219,identity_theft__C,identity_theft,C,0.21,success,200,,1,271,9861,3042,376,jev-1.13.0
23785219,insufficient_validation__A,insufficient_validation,A,0.23,success,200,,1,271,9861,3042,376,jev-1.13.0
23785219,insufficient_validation__B,insufficient_validation,B,0.99,success,200,,1,271,9861,3042,376,jev-1.13.0
23785219,insufficient_validation__C,insufficient_validation,C,0.95,success,200,,1,271,9861,3042,376,jev-1.13.0
23785219,wrong_amount__A,wrong_amount,A,0.05,success,200,,1,271,9861,3042,376,jev-1.13.0
23785219,wrong_amount__B,wrong_amount,B,0.76,success,200,,1,271,9861,3042,376,jev-1.13.0
23785219,wrong_amount__C,wrong_amount,C,0.04,success,200,,1,271,9861,3042,376,jev-1.13.0
23785219,credit_damage_threat__A,credit_damage_threat,A,0.07,success,200,,1,271,9861,3042,376,jev-1.13.0
23785219,credit_damage_threat__B,credit_damage_threat,B,0.41,success,200,,1,271,9861,3042,376,jev-1.13.0
23785219,credit_damage_threat__C,credit_damage_threat,C,0.07,success,200,,1,271,9861,3042,376,jev-1.13.0
23785219,arrest_threat__A,arrest_threat,A,0.04,success,200,,1,271,9861,3042,376,jev-1.13.0
23785219,arrest_threat__B,arrest_threat,B,0.03,success,200,,1,271,9861,3042,376,jev-1.13.0
23785219,arrest_threat__C,arrest_threat,C,0.02,success,200,,1,271,9861,3042,376,jev-1.13.0
23785219,sued_no_notice__A,sued_no_notice,A,0.02,success,200,,1,271,9861,3042,376,jev-1.13.0
23785219,sued_no_notice__B,sued_no_notice,B,0.07,success,200,,1,271,9861,3042,376,jev-1.13.0
23785219,sued_no_notice__C,sued_no_notice,C,0.01,success,200,,1,271,9861,3042,376,jev-1.13.0
23792322,identity_theft__A,identity_theft,A,0.02,success,200,,1,269,182,2694,376,jev-1.13.0
23792322,identity_theft__B,identity_theft,B,0.13,success,200,,1,269,182,2694,376,jev-1.13.0
23792322,identity_theft__C,identity_theft,C,0.03,success,200,,1,269,182,2694,376,jev-1.13.0
23792322,insufficient_validation__A,insufficient_validation,A,0.03,success,200,,1,269,182,2694,376,jev-1.13.0
23792322,insufficient_validation__B,insufficient_validation,B,0.93,success,200,,1,269,182,2694,376,jev-1.13.0
23792322,insufficient_validation__C,insufficient_validation,C,0.53,success,200,,1,269,182,2694,376,jev-1.13.0
23792322,wrong_amount__A,wrong_amount,A,0.05,success,200,,1,269,182,2694,376,jev-1.13.0
23792322,wrong_amount__B,wrong_amount,B,0.4,success,200,,1,269,182,2694,376,jev-1.13.0
23792322,wrong_amount__C,wrong_amount,C,0.14,success,200,,1,269,182,2694,376,jev-1.13.0
23792322,credit_damage_threat__A,credit_damage_threat,A,0.04,success,200,,1,269,182,2694,376,jev-1.13.0
23792322,credit_damage_threat__B,credit_damage_threat,B,0.05,success,200,,1,269,182,2694,376,jev-1.13.0
23792322,credit_damage_threat__C,credit_damage_threat,C,0.05,success,200,,1,269,182,2694,376,jev-1.13.0
23792322,arrest_threat__A,arrest_threat,A,0.04,success,200,,1,269,182,2694,376,jev-1.13.0
23792322,arrest_threat__B,arrest_threat,B,0.05,success,200,,1,269,182,2694,376,jev-1.13.0
23792322,arrest_threat__C,arrest_threat,C,0.02,success,200,,1,269,182,2694,376,jev-1.13.0
23792322,sued_no_notice__A,sued_no_notice,A,0.03,success,200,,1,269,182,2694,376,jev-1.13.0
23792322,sued_no_notice__B,sued_no_notice,B,0.68,success,200,,1,269,182,2694,376,jev-1.13.0
23792322,sued_no_notice__C,sued_no_notice,C,0.02,success,200,,1,269,182,2694,376,jev-1.13.0
23799909,identity_theft__A,identity_theft,A,0.03,success,200,,1,329,42,2673,376,jev-1.13.0
23799909,identity_theft__B,identity_theft,B,0.99,success,200,,1,329,42,2673,376,jev-1.13.0
23799909,identity_theft__C,identity_theft,C,0.65,success,200,,1,329,42,2673,376,jev-1.13.0
23799909,insufficient_validation__A,insufficient_validation,A,0.39,success,200,,1,329,42,2673,376,jev-1.13.0
23799909,insufficient_validation__B,insufficient_validation,B,0.98,success,200,,1,329,42,2673,376,jev-1.13.0
23799909,insufficient_validation__C,insufficient_validation,C,0.94,success,200,,1,329,42,2673,376,jev-1.13.0
23799909,wrong_amount__A,wrong_amount,A,0.06,success,200,,1,329,42,2673,376,jev-1.13.0
23799909,wrong_amount__B,wrong_amount,B,0.97,success,200,,1,329,42,2673,376,jev-1.13.0
23799909,wrong_amount__C,wrong_amount,C,0.06,success,200,,1,329,42,2673,376,jev-1.13.0
23799909,credit_damage_threat__A,credit_damage_threat,A,0.05,success,200,,1,329,42,2673,376,jev-1.13.0
23799909,credit_damage_threat__B,credit_damage_threat,B,0.05,success,200,,1,329,42,2673,376,jev-1.13.0
23799909,credit_damage_threat__C,credit_damage_threat,C,0.03,success,200,,1,329,42,2673,376,jev-1.13.0
23799909,arrest_threat__A,arrest_threat,A,0.04,success,200,,1,329,42,2673,376,jev-1.13.0
23799909,arrest_threat__B,arrest_threat,B,0.03,success,200,,1,329,42,2673,376,jev-1.13.0
23799909,arrest_threat__C,arrest_threat,C,0.02,success,200,,1,329,42,2673,376,jev-1.13.0
23799909,sued_no_notice__A,sued_no_notice,A,0.03,success,200,,1,329,42,2673,376,jev-1.13.0
23799909,sued_no_notice__B,sued_no_notice,B,0.06,success,200,,1,329,42,2673,376,jev-1.13.0
23799909,sued_no_notice__C,sued_no_notice,C,0.02,success,200,,1,329,42,2673,376,jev-1.13.0
23801242,identity_theft__A,identity_theft,A,0.02,success,200,,1,271,5628,2728,376,jev-1.13.0
23801242,identity_theft__B,identity_theft,B,0.03,success,200,,1,271,5628,2728,376,jev-1.13.0
23801242,identity_theft__C,identity_theft,C,0.03,success,200,,1,271,5628,2728,376,jev-1.13.0
23801242,insufficient_validation__A,insufficient_validation,A,0.03,success,200,,1,271,5628,2728,376,jev-1.13.0
23801242,insufficient_validation__B,insufficient_validation,B,0.04,success,200,,1,271,5628,2728,376,jev-1.13.0
23801242,insufficient_validation__C,insufficient_validation,C,0.09,success,200,,1,271,5628,2728,376,jev-1.13.0
23801242,wrong_amount__A,wrong_amount,A,0.06,success,200,,1,271,5628,2728,376,jev-1.13.0
23801242,wrong_amount__B,wrong_amount,B,0.04,success,200,,1,271,5628,2728,376,jev-1.13.0
23801242,wrong_amount__C,wrong_amount,C,0.28,success,200,,1,271,5628,2728,376,jev-1.13.0
23801242,credit_damage_threat__A,credit_damage_threat,A,0.04,success,200,,1,271,5628,2728,376,jev-1.13.0
23801242,credit_damage_threat__B,credit_damage_threat,B,0.49,success,200,,1,271,5628,2728,376,jev-1.13.0
23801242,credit_damage_threat__C,credit_damage_threat,C,0.04,success,200,,1,271,5628,2728,376,jev-1.13.0
23801242,arrest_threat__A,arrest_threat,A,0.03,success,200,,1,271,5628,2728,376,jev-1.13.0
23801242,arrest_threat__B,arrest_threat,B,0.03,success,200,,1,271,5628,2728,376,jev-1.13.0
23801242,arrest_threat__C,arrest_threat,C,0.02,success,200,,1,271,5628,2728,376,jev-1.13.0
23801242,sued_no_notice__A,sued_no_notice,A,0.03,success,200,,1,271,5628,2728,376,jev-1.13.0
23801242,sued_no_notice__B,sued_no_notice,B,0.04,success,200,,1,271,5628,2728,376,jev-1.13.0
23801242,sued_no_notice__C,sued_no_notice,C,0.02,success,200,,1,271,5628,2728,376,jev-1.13.0
23802705,identity_theft__A,identity_theft,A,0.1,success,200,,1,302,9579,2638,376,jev-1.13.0
23802705,identity_theft__B,identity_theft,B,0.99,success,200,,1,302,9579,2638,376,jev-1.13.0
23802705,identity_theft__C,identity_theft,C,0.98,success,200,,1,302,9579,2638,376,jev-1.13.0
23802705,insufficient_validation__A,insufficient_validation,A,0.03,success,200,,1,302,9579,2638,376,jev-1.13.0
23802705,insufficient_validation__B,insufficient_validation,B,0.14,success,200,,1,302,9579,2638,376,jev-1.13.0
23802705,insufficient_validation__C,insufficient_validation,C,0.21,success,200,,1,302,9579,2638,376,jev-1.13.0
23802705,wrong_amount__A,wrong_amount,A,0.04,success,200,,1,302,9579,2638,376,jev-1.13.0
23802705,wrong_amount__B,wrong_amount,B,0.51,success,200,,1,302,9579,2638,376,jev-1.13.0
23802705,wrong_amount__C,wrong_amount,C,0.04,success,200,,1,302,9579,2638,376,jev-1.13.0
23802705,credit_damage_threat__A,credit_damage_threat,A,0.03,success,200,,1,302,9579,2638,376,jev-1.13.0
23802705,credit_damage_threat__B,credit_damage_threat,B,0.13,success,200,,1,302,9579,2638,376,jev-1.13.0
23802705,credit_damage_threat__C,credit_damage_threat,C,0.03,success,200,,1,302,9579,2638,376,jev-1.13.0
23802705,arrest_threat__A,arrest_threat,A,0.03,success,200,,1,302,9579,2638,376,jev-1.13.0
23802705,arrest_threat__B,arrest_threat,B,0.06,success,200,,1,302,9579,2638,376,jev-1.13.0
23802705,arrest_threat__C,arrest_threat,C,0.02,success,200,,1,302,9579,2638,376,jev-1.13.0
23802705,sued_no_notice__A,sued_no_notice,A,0.03,success,200,,1,302,9579,2638,376,jev-1.13.0
23802705,sued_no_notice__B,sued_no_notice,B,0.24,success,200,,1,302,9579,2638,376,jev-1.13.0
23802705,sued_no_notice__C,sued_no_notice,C,0.02,success,200,,1,302,9579,2638,376,jev-1.13.0
23806029,identity_theft__A,identity_theft,A,0.03,success,200,,1,272,5537,2728,376,jev-1.13.0
23806029,identity_theft__B,identity_theft,B,0.98,success,200,,1,272,5537,2728,376,jev-1.13.0
23806029,identity_theft__C,identity_theft,C,0.11,success,200,,1,272,5537,2728,376,jev-1.13.0
23806029,insufficient_validation__A,insufficient_validation,A,0.49,success,200,,1,272,5537,2728,376,jev-1.13.0
23806029,insufficient_validation__B,insufficient_validation,B,0.97,success,200,,1,272,5537,2728,376,jev-1.13.0
23806029,insufficient_validation__C,insufficient_validation,C,0.92,success,200,,1,272,5537,2728,376,jev-1.13.0
23806029,wrong_amount__A,wrong_amount,A,0.06,success,200,,1,272,5537,2728,376,jev-1.13.0
23806029,wrong_amount__B,wrong_amount,B,0.56,success,200,,1,272,5537,2728,376,jev-1.13.0
23806029,wrong_amount__C,wrong_amount,C,0.04,success,200,,1,272,5537,2728,376,jev-1.13.0
23806029,credit_damage_threat__A,credit_damage_threat,A,0.06,success,200,,1,272,5537,2728,376,jev-1.13.0
23806029,credit_damage_threat__B,credit_damage_threat,B,0.28,success,200,,1,272,5537,2728,376,jev-1.13.0
23806029,credit_damage_threat__C,credit_damage_threat,C,0.06,success,200,,1,272,5537,2728,376,jev-1.13.0
23806029,arrest_threat__A,arrest_threat,A,0.05,success,200,,1,272,5537,2728,376,jev-1.13.0
23806029,arrest_threat__B,arrest_threat,B,0.97,success,200,,1,272,5537,2728,376,jev-1.13.0
23806029,arrest_threat__C,arrest_threat,C,0.08,success,200,,1,272,5537,2728,376,jev-1.13.0
23806029,sued_no_notice__A,sued_no_notice,A,0.03,success,200,,1,272,5537,2728,376,jev-1.13.0
23806029,sued_no_notice__B,sued_no_notice,B,0.11,success,200,,1,272,5537,2728,376,jev-1.13.0
23806029,sued_no_notice__C,sued_no_notice,C,0.02,success,200,,1,272,5537,2728,376,jev-1.13.0
23808686,identity_theft__A,identity_theft,A,0.03,success,200,,1,282,1122,4299,376,jev-1.13.0
23808686,identity_theft__B,identity_theft,B,0.62,success,200,,1,282,1122,4299,376,jev-1.13.0
23808686,identity_theft__C,identity_theft,C,0.04,success,200,,1,282,1122,4299,376,jev-1.13.0
23808686,insufficient_validation__A,insufficient_validation,A,0.62,success,200,,1,282,1122,4299,376,jev-1.13.0
23808686,insufficient_validation__B,insufficient_validation,B,1,success,200,,1,282,1122,4299,376,jev-1.13.0
23808686,insufficient_validation__C,insufficient_validation,C,0.96,success,200,,1,282,1122,4299,376,jev-1.13.0
23808686,wrong_amount__A,wrong_amount,A,0.06,success,200,,1,282,1122,4299,376,jev-1.13.0
23808686,wrong_amount__B,wrong_amount,B,0.94,success,200,,1,282,1122,4299,376,jev-1.13.0
23808686,wrong_amount__C,wrong_amount,C,0.16,success,200,,1,282,1122,4299,376,jev-1.13.0
23808686,credit_damage_threat__A,credit_damage_threat,A,0.06,success,200,,1,282,1122,4299,376,jev-1.13.0
23808686,credit_damage_threat__B,credit_damage_threat,B,0.99,success,200,,1,282,1122,4299,376,jev-1.13.0
23808686,credit_damage_threat__C,credit_damage_threat,C,0.03,success,200,,1,282,1122,4299,376,jev-1.13.0
23808686,arrest_threat__A,arrest_threat,A,0.03,success,200,,1,282,1122,4299,376,jev-1.13.0
23808686,arrest_threat__B,arrest_threat,B,0.02,success,200,,1,282,1122,4299,376,jev-1.13.0
23808686,arrest_threat__C,arrest_threat,C,0.01,success,200,,1,282,1122,4299,376,jev-1.13.0
23808686,sued_no_notice__A,sued_no_notice,A,0.03,success,200,,1,282,1122,4299,376,jev-1.13.0
23808686,sued_no_notice__B,sued_no_notice,B,0.1,success,200,,1,282,1122,4299,376,jev-1.13.0
23808686,sued_no_notice__C,sued_no_notice,C,0.01,success,200,,1,282,1122,4299,376,jev-1.13.0
23809022,identity_theft__A,identity_theft,A,0.03,success,200,,1,265,2565,2623,376,jev-1.13.0
23809022,identity_theft__B,identity_theft,B,0.98,success,200,,1,265,2565,2623,376,jev-1.13.0
23809022,identity_theft__C,identity_theft,C,0.31,success,200,,1,265,2565,2623,376,jev-1.13.0
23809022,insufficient_validation__A,insufficient_validation,A,0.03,success,200,,1,265,2565,2623,376,jev-1.13.0
23809022,insufficient_validation__B,insufficient_validation,B,0.06,success,200,,1,265,2565,2623,376,jev-1.13.0
23809022,insufficient_validation__C,insufficient_validation,C,0.17,success,200,,1,265,2565,2623,376,jev-1.13.0
23809022,wrong_amount__A,wrong_amount,A,0.09,success,200,,1,265,2565,2623,376,jev-1.13.0
23809022,wrong_amount__B,wrong_amount,B,0.94,success,200,,1,265,2565,2623,376,jev-1.13.0
23809022,wrong_amount__C,wrong_amount,C,0.05,success,200,,1,265,2565,2623,376,jev-1.13.0
23809022,credit_damage_threat__A,credit_damage_threat,A,0.04,success,200,,1,265,2565,2623,376,jev-1.13.0
23809022,credit_damage_threat__B,credit_damage_threat,B,0.91,success,200,,1,265,2565,2623,376,jev-1.13.0
23809022,credit_damage_threat__C,credit_damage_threat,C,0.03,success,200,,1,265,2565,2623,376,jev-1.13.0
23809022,arrest_threat__A,arrest_threat,A,0.03,success,200,,1,265,2565,2623,376,jev-1.13.0
23809022,arrest_threat__B,arrest_threat,B,0.02,success,200,,1,265,2565,2623,376,jev-1.13.0
23809022,arrest_threat__C,arrest_threat,C,0.02,success,200,,1,265,2565,2623,376,jev-1.13.0
23809022,sued_no_notice__A,sued_no_notice,A,0.02,success,200,,1,265,2565,2623,376,jev-1.13.0
23809022,sued_no_notice__B,sued_no_notice,B,0.04,success,200,,1,265,2565,2623,376,jev-1.13.0
23809022,sued_no_notice__C,sued_no_notice,C,0.02,success,200,,1,265,2565,2623,376,jev-1.13.0
23809938,identity_theft__A,identity_theft,A,0.03,success,200,,1,338,5258,4464,376,jev-1.13.0
23809938,identity_theft__B,identity_theft,B,0.31,success,200,,1,338,5258,4464,376,jev-1.13.0
23809938,identity_theft__C,identity_theft,C,0.03,success,200,,1,338,5258,4464,376,jev-1.13.0
23809938,insufficient_validation__A,insufficient_validation,A,0.79,success,200,,1,338,5258,4464,376,jev-1.13.0
23809938,insufficient_validation__B,insufficient_validation,B,0.99,success,200,,1,338,5258,4464,376,jev-1.13.0
23809938,insufficient_validation__C,insufficient_validation,C,0.97,success,200,,1,338,5258,4464,376,jev-1.13.0
23809938,wrong_amount__A,wrong_amount,A,0.09,success,200,,1,338,5258,4464,376,jev-1.13.0
23809938,wrong_amount__B,wrong_amount,B,0.98,success,200,,1,338,5258,4464,376,jev-1.13.0
23809938,wrong_amount__C,wrong_amount,C,0.35,success,200,,1,338,5258,4464,376,jev-1.13.0
23809938,credit_damage_threat__A,credit_damage_threat,A,0.06,success,200,,1,338,5258,4464,376,jev-1.13.0
23809938,credit_damage_threat__B,credit_damage_threat,B,0.99,success,200,,1,338,5258,4464,376,jev-1.13.0
23809938,credit_damage_threat__C,credit_damage_threat,C,0.03,success,200,,1,338,5258,4464,376,jev-1.13.0
23809938,arrest_threat__A,arrest_threat,A,0.03,success,200,,1,338,5258,4464,376,jev-1.13.0
23809938,arrest_threat__B,arrest_threat,B,0.02,success,200,,1,338,5258,4464,376,jev-1.13.0
23809938,arrest_threat__C,arrest_threat,C,0.01,success,200,,1,338,5258,4464,376,jev-1.13.0
23809938,sued_no_notice__A,sued_no_notice,A,0.03,success,200,,1,338,5258,4464,376,jev-1.13.0
23809938,sued_no_notice__B,sued_no_notice,B,0.09,success,200,,1,338,5258,4464,376,jev-1.13.0
23809938,sued_no_notice__C,sued_no_notice,C,0.01,success,200,,1,338,5258,4464,376,jev-1.13.0
23810354,identity_theft__A,identity_theft,A,0.07,success,200,,1,271,0361,3317,376,jev-1.13.0
23810354,identity_theft__B,identity_theft,B,0.99,success,200,,1,271,0361,3317,376,jev-1.13.0
23810354,identity_theft__C,identity_theft,C,0.74,success,200,,1,271,0361,3317,376,jev-1.13.0
23810354,insufficient_validation__A,insufficient_validation,A,0.34,success,200,,1,271,0361,3317,376,jev-1.13.0
23810354,insufficient_validation__B,insufficient_validation,B,0.98,success,200,,1,271,0361,3317,376,jev-1.13.0
23810354,insufficient_validation__C,insufficient_validation,C,0.83,success,200,,1,271,0361,3317,376,jev-1.13.0
23810354,wrong_amount__A,wrong_amount,A,0.18,success,200,,1,271,0361,3317,376,jev-1.13.0
23810354,wrong_amount__B,wrong_amount,B,0.8,success,200,,1,271,0361,3317,376,jev-1.13.0
23810354,wrong_amount__C,wrong_amount,C,0.04,success,200,,1,271,0361,3317,376,jev-1.13.0
23810354,credit_damage_threat__A,credit_damage_threat,A,0.08,success,200,,1,271,0361,3317,376,jev-1.13.0
23810354,credit_damage_threat__B,credit_damage_threat,B,0.99,success,200,,1,271,0361,3317,376,jev-1.13.0
23810354,credit_damage_threat__C,credit_damage_threat,C,0.07,success,200,,1,271,0361,3317,376,jev-1.13.0
23810354,arrest_threat__A,arrest_threat,A,0.04,success,200,,1,271,0361,3317,376,jev-1.13.0
23810354,arrest_threat__B,arrest_threat,B,0.05,success,200,,1,271,0361,3317,376,jev-1.13.0
23810354,arrest_threat__C,arrest_threat,C,0.03,success,200,,1,271,0361,3317,376,jev-1.13.0
23810354,sued_no_notice__A,sued_no_notice,A,0.02,success,200,,1,271,0361,3317,376,jev-1.13.0
23810354,sued_no_notice__B,sued_no_notice,B,0.1,success,200,,1,271,0361,3317,376,jev-1.13.0
23810354,sued_no_notice__C,sued_no_notice,C,0.01,success,200,,1,271,0361,3317,376,jev-1.13.0
23811581,identity_theft__A,identity_theft,A,0.03,success,200,,1,301,2075,2677,376,jev-1.13.0
23811581,identity_theft__B,identity_theft,B,0.1,success,200,,1,301,2075,2677,376,jev-1.13.0
23811581,identity_theft__C,identity_theft,C,0.04,success,200,,1,301,2075,2677,376,jev-1.13.0
23811581,insufficient_validation__A,insufficient_validation,A,0.03,success,200,,1,301,2075,2677,376,jev-1.13.0
23811581,insufficient_validation__B,insufficient_validation,B,0.06,success,200,,1,301,2075,2677,376,jev-1.13.0
23811581,insufficient_validation__C,insufficient_validation,C,0.1,success,200,,1,301,2075,2677,376,jev-1.13.0
23811581,wrong_amount__A,wrong_amount,A,0.04,success,200,,1,301,2075,2677,376,jev-1.13.0
23811581,wrong_amount__B,wrong_amount,B,0.1,success,200,,1,301,2075,2677,376,jev-1.13.0
23811581,wrong_amount__C,wrong_amount,C,0.09,success,200,,1,301,2075,2677,376,jev-1.13.0
23811581,credit_damage_threat__A,credit_damage_threat,A,0.04,success,200,,1,301,2075,2677,376,jev-1.13.0
23811581,credit_damage_threat__B,credit_damage_threat,B,0.69,success,200,,1,301,2075,2677,376,jev-1.13.0
23811581,credit_damage_threat__C,credit_damage_threat,C,0.05,success,200,,1,301,2075,2677,376,jev-1.13.0
23811581,arrest_threat__A,arrest_threat,A,0.03,success,200,,1,301,2075,2677,376,jev-1.13.0
23811581,arrest_threat__B,arrest_threat,B,0.03,success,200,,1,301,2075,2677,376,jev-1.13.0
23811581,arrest_threat__C,arrest_threat,C,0.02,success,200,,1,301,2075,2677,376,jev-1.13.0
23811581,sued_no_notice__A,sued_no_notice,A,0.03,success,200,,1,301,2075,2677,376,jev-1.13.0
23811581,sued_no_notice__B,sued_no_notice,B,0.9,success,200,,1,301,2075,2677,376,jev-1.13.0
23811581,sued_no_notice__C,sued_no_notice,C,0.02,success,200,,1,301,2075,2677,376,jev-1.13.0
23812904,identity_theft__A,identity_theft,A,0.02,success,200,,1,289,7935,2723,376,jev-1.13.0
23812904,identity_theft__B,identity_theft,B,0.04,success,200,,1,289,7935,2723,376,jev-1.13.0
23812904,identity_theft__C,identity_theft,C,0.02,success,200,,1,289,7935,2723,376,jev-1.13.0
23812904,insufficient_validation__A,insufficient_validation,A,0.03,success,200,,1,289,7935,2723,376,jev-1.13.0
23812904,insufficient_validation__B,insufficient_validation,B,0.04,success,200,,1,289,7935,2723,376,jev-1.13.0
23812904,insufficient_validation__C,insufficient_validation,C,0.1,success,200,,1,289,7935,2723,376,jev-1.13.0
23812904,wrong_amount__A,wrong_amount,A,0.04,success,200,,1,289,7935,2723,376,jev-1.13.0
23812904,wrong_amount__B,wrong_amount,B,0.04,success,200,,1,289,7935,2723,376,jev-1.13.0
23812904,wrong_amount__C,wrong_amount,C,0.05,success,200,,1,289,7935,2723,376,jev-1.13.0
23812904,credit_damage_threat__A,credit_damage_threat,A,0.04,success,200,,1,289,7935,2723,376,jev-1.13.0
23812904,credit_damage_threat__B,credit_damage_threat,B,0.07,success,200,,1,289,7935,2723,376,jev-1.13.0
23812904,credit_damage_threat__C,credit_damage_threat,C,0.05,success,200,,1,289,7935,2723,376,jev-1.13.0
23812904,arrest_threat__A,arrest_threat,A,0.03,success,200,,1,289,7935,2723,376,jev-1.13.0
23812904,arrest_threat__B,arrest_threat,B,0.03,success,200,,1,289,7935,2723,376,jev-1.13.0
23812904,arrest_threat__C,arrest_threat,C,0.02,success,200,,1,289,7935,2723,376,jev-1.13.0
23812904,sued_no_notice__A,sued_no_notice,A,0.03,success,200,,1,289,7935,2723,376,jev-1.13.0
23812904,sued_no_notice__B,sued_no_notice,B,0.04,success,200,,1,289,7935,2723,376,jev-1.13.0
23812904,sued_no_notice__C,sued_no_notice,C,0.02,success,200,,1,289,7935,2723,376,jev-1.13.0
23813041,identity_theft__A,identity_theft,A,0.03,success,200,,1,336,622,2784,376,jev-1.13.0
23813041,identity_theft__B,identity_theft,B,0.7,success,200,,1,336,622,2784,376,jev-1.13.0
23813041,identity_theft__C,identity_theft,C,0.04,success,200,,1,336,622,2784,376,jev-1.13.0
23813041,insufficient_validation__A,insufficient_validation,A,0.05,success,200,,1,336,622,2784,376,jev-1.13.0
23813041,insufficient_validation__B,insufficient_validation,B,0.99,success,200,,1,336,622,2784,376,jev-1.13.0
23813041,insufficient_validation__C,insufficient_validation,C,0.11,success,200,,1,336,622,2784,376,jev-1.13.0
23813041,wrong_amount__A,wrong_amount,A,0.04,success,200,,1,336,622,2784,376,jev-1.13.0
23813041,wrong_amount__B,wrong_amount,B,0.83,success,200,,1,336,622,2784,376,jev-1.13.0
23813041,wrong_amount__C,wrong_amount,C,0.04,success,200,,1,336,622,2784,376,jev-1.13.0
23813041,credit_damage_threat__A,credit_damage_threat,A,0.05,success,200,,1,336,622,2784,376,jev-1.13.0
23813041,credit_damage_threat__B,credit_damage_threat,B,0.66,success,200,,1,336,622,2784,376,jev-1.13.0
23813041,credit_damage_threat__C,credit_damage_threat,C,0.05,success,200,,1,336,622,2784,376,jev-1.13.0
23813041,arrest_threat__A,arrest_threat,A,0.03,success,200,,1,336,622,2784,376,jev-1.13.0
23813041,arrest_threat__B,arrest_threat,B,0.02,success,200,,1,336,622,2784,376,jev-1.13.0
23813041,arrest_threat__C,arrest_threat,C,0.01,success,200,,1,336,622,2784,376,jev-1.13.0
23813041,sued_no_notice__A,sued_no_notice,A,0.02,success,200,,1,336,622,2784,376,jev-1.13.0
23813041,sued_no_notice__B,sued_no_notice,B,0.07,success,200,,1,336,622,2784,376,jev-1.13.0
23813041,sued_no_notice__C,sued_no_notice,C,0.01,success,200,,1,336,622,2784,376,jev-1.13.0
23818430,identity_theft__A,identity_theft,A,0.03,success,200,,1,321,1153,2860,376,jev-1.13.0
23818430,identity_theft__B,identity_theft,B,0.22,success,200,,1,321,1153,2860,376,jev-1.13.0
23818430,identity_theft__C,identity_theft,C,0.03,success,200,,1,321,1153,2860,376,jev-1.13.0
23818430,insufficient_validation__A,insufficient_validation,A,0.06,success,200,,1,321,1153,2860,376,jev-1.13.0
23818430,insufficient_validation__B,insufficient_validation,B,0.37,success,200,,1,321,1153,2860,376,jev-1.13.0
23818430,insufficient_validation__C,insufficient_validation,C,0.74,success,200,,1,321,1153,2860,376,jev-1.13.0
23818430,wrong_amount__A,wrong_amount,A,0.05,success,200,,1,321,1153,2860,376,jev-1.13.0
23818430,wrong_amount__B,wrong_amount,B,0.13,success,200,,1,321,1153,2860,376,jev-1.13.0
23818430,wrong_amount__C,wrong_amount,C,0.06,success,200,,1,321,1153,2860,376,jev-1.13.0
23818430,credit_damage_threat__A,credit_damage_threat,A,0.04,success,200,,1,321,1153,2860,376,jev-1.13.0
23818430,credit_damage_threat__B,credit_damage_threat,B,0.05,success,200,,1,321,1153,2860,376,jev-1.13.0
23818430,credit_damage_threat__C,credit_damage_threat,C,0.04,success,200,,1,321,1153,2860,376,jev-1.13.0
23818430,arrest_threat__A,arrest_threat,A,0.04,success,200,,1,321,1153,2860,376,jev-1.13.0
23818430,arrest_threat__B,arrest_threat,B,0.03,success,200,,1,321,1153,2860,376,jev-1.13.0
23818430,arrest_threat__C,arrest_threat,C,0.02,success,200,,1,321,1153,2860,376,jev-1.13.0
23818430,sued_no_notice__A,sued_no_notice,A,0.06,success,200,,1,321,1153,2860,376,jev-1.13.0
23818430,sued_no_notice__B,sued_no_notice,B,0.99,success,200,,1,321,1153,2860,376,jev-1.13.0
23818430,sued_no_notice__C,sued_no_notice,C,0.16,success,200,,1,321,1153,2860,376,jev-1.13.0
23818433,identity_theft__A,identity_theft,A,0.03,success,200,,1,339,4372,2860,376,jev-1.13.0
23818433,identity_theft__B,identity_theft,B,0.23,success,200,,1,339,4372,2860,376,jev-1.13.0
23818433,identity_theft__C,identity_theft,C,0.04,success,200,,1,339,4372,2860,376,jev-1.13.0
23818433,insufficient_validation__A,insufficient_validation,A,0.06,success,200,,1,339,4372,2860,376,jev-1.13.0
23818433,insufficient_validation__B,insufficient_validation,B,0.34,success,200,,1,339,4372,2860,376,jev-1.13.0
23818433,insufficient_validation__C,insufficient_validation,C,0.71,success,200,,1,339,4372,2860,376,jev-1.13.0
23818433,wrong_amount__A,wrong_amount,A,0.06,success,200,,1,339,4372,2860,376,jev-1.13.0
23818433,wrong_amount__B,wrong_amount,B,0.14,success,200,,1,339,4372,2860,376,jev-1.13.0
23818433,wrong_amount__C,wrong_amount,C,0.06,success,200,,1,339,4372,2860,376,jev-1.13.0
23818433,credit_damage_threat__A,credit_damage_threat,A,0.04,success,200,,1,339,4372,2860,376,jev-1.13.0
23818433,credit_damage_threat__B,credit_damage_threat,B,0.05,success,200,,1,339,4372,2860,376,jev-1.13.0
23818433,credit_damage_threat__C,credit_damage_threat,C,0.04,success,200,,1,339,4372,2860,376,jev-1.13.0
23818433,arrest_threat__A,arrest_threat,A,0.03,success,200,,1,339,4372,2860,376,jev-1.13.0
23818433,arrest_threat__B,arrest_threat,B,0.03,success,200,,1,339,4372,2860,376,jev-1.13.0
23818433,arrest_threat__C,arrest_threat,C,0.03,success,200,,1,339,4372,2860,376,jev-1.13.0
23818433,sued_no_notice__A,sued_no_notice,A,0.06,success,200,,1,339,4372,2860,376,jev-1.13.0
23818433,sued_no_notice__B,sued_no_notice,B,0.99,success,200,,1,339,4372,2860,376,jev-1.13.0
23818433,sued_no_notice__C,sued_no_notice,C,0.17,success,200,,1,339,4372,2860,376,jev-1.13.0
23836672,identity_theft__A,identity_theft,A,0.03,success,200,,1,293,2962,2717,376,jev-1.13.0
23836672,identity_theft__B,identity_theft,B,0.99,success,200,,1,293,2962,2717,376,jev-1.13.0
23836672,identity_theft__C,identity_theft,C,0.15,success,200,,1,293,2962,2717,376,jev-1.13.0
23836672,insufficient_validation__A,insufficient_validation,A,0.13,success,200,,1,293,2962,2717,376,jev-1.13.0
23836672,insufficient_validation__B,insufficient_validation,B,0.99,success,200,,1,293,2962,2717,376,jev-1.13.0
23836672,insufficient_validation__C,insufficient_validation,C,0.19,success,200,,1,293,2962,2717,376,jev-1.13.0
23836672,wrong_amount__A,wrong_amount,A,0.07,success,200,,1,293,2962,2717,376,jev-1.13.0
23836672,wrong_amount__B,wrong_amount,B,0.94,success,200,,1,293,2962,2717,376,jev-1.13.0
23836672,wrong_amount__C,wrong_amount,C,0.03,success,200,,1,293,2962,2717,376,jev-1.13.0
23836672,credit_damage_threat__A,credit_damage_threat,A,0.05,success,200,,1,293,2962,2717,376,jev-1.13.0
23836672,credit_damage_threat__B,credit_damage_threat,B,0.54,success,200,,1,293,2962,2717,376,jev-1.13.0
23836672,credit_damage_threat__C,credit_damage_threat,C,0.03,success,200,,1,293,2962,2717,376,jev-1.13.0
23836672,arrest_threat__A,arrest_threat,A,0.03,success,200,,1,293,2962,2717,376,jev-1.13.0
23836672,arrest_threat__B,arrest_threat,B,0.02,success,200,,1,293,2962,2717,376,jev-1.13.0
23836672,arrest_threat__C,arrest_threat,C,0.01,success,200,,1,293,2962,2717,376,jev-1.13.0
23836672,sued_no_notice__A,sued_no_notice,A,0.02,success,200,,1,293,2962,2717,376,jev-1.13.0
23836672,sued_no_notice__B,sued_no_notice,B,0.05,success,200,,1,293,2962,2717,376,jev-1.13.0
23836672,sued_no_notice__C,sued_no_notice,C,0.02,success,200,,1,293,2962,2717,376,jev-1.13.0
23836960,identity_theft__A,identity_theft,A,0.03,success,200,,1,299,5999,2691,376,jev-1.13.0
23836960,identity_theft__B,identity_theft,B,0.97,success,200,,1,299,5999,2691,376,jev-1.13.0
23836960,identity_theft__C,identity_theft,C,0.14,success,200,,1,299,5999,2691,376,jev-1.13.0
23836960,insufficient_validation__A,insufficient_validation,A,0.03,success,200,,1,299,5999,2691,376,jev-1.13.0
23836960,insufficient_validation__B,insufficient_validation,B,0.1,success,200,,1,299,5999,2691,376,jev-1.13.0
23836960,insufficient_validation__C,insufficient_validation,C,0.07,success,200,,1,299,5999,2691,376,jev-1.13.0
23836960,wrong_amount__A,wrong_amount,A,0.05,success,200,,1,299,5999,2691,376,jev-1.13.0
23836960,wrong_amount__B,wrong_amount,B,0.22,success,200,,1,299,5999,2691,376,jev-1.13.0
23836960,wrong_amount__C,wrong_amount,C,0.03,success,200,,1,299,5999,2691,376,jev-1.13.0
23836960,credit_damage_threat__A,credit_damage_threat,A,0.05,success,200,,1,299,5999,2691,376,jev-1.13.0
23836960,credit_damage_threat__B,credit_damage_threat,B,0.96,success,200,,1,299,5999,2691,376,jev-1.13.0
23836960,credit_damage_threat__C,credit_damage_threat,C,0.03,success,200,,1,299,5999,2691,376,jev-1.13.0
23836960,arrest_threat__A,arrest_threat,A,0.03,success,200,,1,299,5999,2691,376,jev-1.13.0
23836960,arrest_threat__B,arrest_threat,B,0.02,success,200,,1,299,5999,2691,376,jev-1.13.0
23836960,arrest_threat__C,arrest_threat,C,0.02,success,200,,1,299,5999,2691,376,jev-1.13.0
23836960,sued_no_notice__A,sued_no_notice,A,0.03,success,200,,1,299,5999,2691,376,jev-1.13.0
23836960,sued_no_notice__B,sued_no_notice,B,0.09,success,200,,1,299,5999,2691,376,jev-1.13.0
23836960,sued_no_notice__C,sued_no_notice,C,0.02,success,200,,1,299,5999,2691,376,jev-1.13.0
23837766,identity_theft__A,identity_theft,A,0.03,success,200,,1,279,8251,2691,376,jev-1.13.0
23837766,identity_theft__B,identity_theft,B,0.97,success,200,,1,279,8251,2691,376,jev-1.13.0
23837766,identity_theft__C,identity_theft,C,0.15,success,200,,1,279,8251,2691,376,jev-1.13.0
23837766,insufficient_validation__A,insufficient_validation,A,0.03,success,200,,1,279,8251,2691,376,jev-1.13.0
23837766,insufficient_validation__B,insufficient_validation,B,0.1,success,200,,1,279,8251,2691,376,jev-1.13.0
23837766,insufficient_validation__C,insufficient_validation,C,0.08,success,200,,1,279,8251,2691,376,jev-1.13.0
23837766,wrong_amount__A,wrong_amount,A,0.05,success,200,,1,279,8251,2691,376,jev-1.13.0
23837766,wrong_amount__B,wrong_amount,B,0.19,success,200,,1,279,8251,2691,376,jev-1.13.0
23837766,wrong_amount__C,wrong_amount,C,0.03,success,200,,1,279,8251,2691,376,jev-1.13.0
23837766,credit_damage_threat__A,credit_damage_threat,A,0.04,success,200,,1,279,8251,2691,376,jev-1.13.0
23837766,credit_damage_threat__B,credit_damage_threat,B,0.96,success,200,,1,279,8251,2691,376,jev-1.13.0
23837766,credit_damage_threat__C,credit_damage_threat,C,0.03,success,200,,1,279,8251,2691,376,jev-1.13.0
23837766,arrest_threat__A,arrest_threat,A,0.03,success,200,,1,279,8251,2691,376,jev-1.13.0
23837766,arrest_threat__B,arrest_threat,B,0.03,success,200,,1,279,8251,2691,376,jev-1.13.0
23837766,arrest_threat__C,arrest_threat,C,0.02,success,200,,1,279,8251,2691,376,jev-1.13.0
23837766,sued_no_notice__A,sued_no_notice,A,0.02,success,200,,1,279,8251,2691,376,jev-1.13.0
23837766,sued_no_notice__B,sued_no_notice,B,0.1,success,200,,1,279,8251,2691,376,jev-1.13.0
23837766,sued_no_notice__C,sued_no_notice,C,0.02,success,200,,1,279,8251,2691,376,jev-1.13.0
23841412,identity_theft__A,identity_theft,A,0.99,success,200,,1,317,261,2666,376,jev-1.13.0
23841412,identity_theft__B,identity_theft,B,0.99,success,200,,1,317,261,2666,376,jev-1.13.0
23841412,identity_theft__C,identity_theft,C,0.98,success,200,,1,317,261,2666,376,jev-1.13.0
23841412,insufficient_validation__A,insufficient_validation,A,0.03,success,200,,1,317,261,2666,376,jev-1.13.0
23841412,insufficient_validation__B,insufficient_validation,B,0.07,success,200,,1,317,261,2666,376,jev-1.13.0
23841412,insufficient_validation__C,insufficient_validation,C,0.06,success,200,,1,317,261,2666,376,jev-1.13.0
23841412,wrong_amount__A,wrong_amount,A,0.07,success,200,,1,317,261,2666,376,jev-1.13.0
23841412,wrong_amount__B,wrong_amount,B,0.88,success,200,,1,317,261,2666,376,jev-1.13.0
23841412,wrong_amount__C,wrong_amount,C,0.04,success,200,,1,317,261,2666,376,jev-1.13.0
23841412,credit_damage_threat__A,credit_damage_threat,A,0.03,success,200,,1,317,261,2666,376,jev-1.13.0
23841412,credit_damage_threat__B,credit_damage_threat,B,0.77,success,200,,1,317,261,2666,376,jev-1.13.0
23841412,credit_damage_threat__C,credit_damage_threat,C,0.02,success,200,,1,317,261,2666,376,jev-1.13.0
23841412,arrest_threat__A,arrest_threat,A,0.03,success,200,,1,317,261,2666,376,jev-1.13.0
23841412,arrest_threat__B,arrest_threat,B,0.03,success,200,,1,317,261,2666,376,jev-1.13.0
23841412,arrest_threat__C,arrest_threat,C,0.01,success,200,,1,317,261,2666,376,jev-1.13.0
23841412,sued_no_notice__A,sued_no_notice,A,0.03,success,200,,1,317,261,2666,376,jev-1.13.0
23841412,sued_no_notice__B,sued_no_notice,B,0.04,success,200,,1,317,261,2666,376,jev-1.13.0
23841412,sued_no_notice__C,sued_no_notice,C,0.01,success,200,,1,317,261,2666,376,jev-1.13.0
23842277,identity_theft__A,identity_theft,A,0.04,success,200,,1,288,1764,3281,376,jev-1.13.0
23842277,identity_theft__B,identity_theft,B,0.98,success,200,,1,288,1764,3281,376,jev-1.13.0
23842277,identity_theft__C,identity_theft,C,0.28,success,200,,1,288,1764,3281,376,jev-1.13.0
23842277,insufficient_validation__A,insufficient_validation,A,0.94,success,200,,1,288,1764,3281,376,jev-1.13.0
23842277,insufficient_validation__B,insufficient_validation,B,0.99,success,200,,1,288,1764,3281,376,jev-1.13.0
23842277,insufficient_validation__C,insufficient_validation,C,0.98,success,200,,1,288,1764,3281,376,jev-1.13.0
23842277,wrong_amount__A,wrong_amount,A,0.1,success,200,,1,288,1764,3281,376,jev-1.13.0
23842277,wrong_amount__B,wrong_amount,B,0.92,success,200,,1,288,1764,3281,376,jev-1.13.0
23842277,wrong_amount__C,wrong_amount,C,0.22,success,200,,1,288,1764,3281,376,jev-1.13.0
23842277,credit_damage_threat__A,credit_damage_threat,A,0.05,success,200,,1,288,1764,3281,376,jev-1.13.0
23842277,credit_damage_threat__B,credit_damage_threat,B,0.96,success,200,,1,288,1764,3281,376,jev-1.13.0
23842277,credit_damage_threat__C,credit_damage_threat,C,0.04,success,200,,1,288,1764,3281,376,jev-1.13.0
23842277,arrest_threat__A,arrest_threat,A,0.03,success,200,,1,288,1764,3281,376,jev-1.13.0
23842277,arrest_threat__B,arrest_threat,B,0.02,success,200,,1,288,1764,3281,376,jev-1.13.0
23842277,arrest_threat__C,arrest_threat,C,0.02,success,200,,1,288,1764,3281,376,jev-1.13.0
23842277,sued_no_notice__A,sued_no_notice,A,0.03,success,200,,1,288,1764,3281,376,jev-1.13.0
23842277,sued_no_notice__B,sued_no_notice,B,0.11,success,200,,1,288,1764,3281,376,jev-1.13.0
23842277,sued_no_notice__C,sued_no_notice,C,0.01,success,200,,1,288,1764,3281,376,jev-1.13.0
23843558,identity_theft__A,identity_theft,A,0.03,success,200,,1,335,0431,2925,376,jev-1.13.0
23843558,identity_theft__B,identity_theft,B,0.29,success,200,,1,335,0431,2925,376,jev-1.13.0
23843558,identity_theft__C,identity_theft,C,0.02,success,200,,1,335,0431,2925,376,jev-1.13.0
23843558,insufficient_validation__A,insufficient_validation,A,0.05,success,200,,1,335,0431,2925,376,jev-1.13.0
23843558,insufficient_validation__B,insufficient_validation,B,0.99,success,200,,1,335,0431,2925,376,jev-1.13.0
23843558,insufficient_validation__C,insufficient_validation,C,0.18,success,200,,1,335,0431,2925,376,jev-1.13.0
23843558,wrong_amount__A,wrong_amount,A,0.04,success,200,,1,335,0431,2925,376,jev-1.13.0
23843558,wrong_amount__B,wrong_amount,B,0.52,success,200,,1,335,0431,2925,376,jev-1.13.0
23843558,wrong_amount__C,wrong_amount,C,0.05,success,200,,1,335,0431,2925,376,jev-1.13.0
23843558,credit_damage_threat__A,credit_damage_threat,A,0.04,success,200,,1,335,0431,2925,376,jev-1.13.0
23843558,credit_damage_threat__B,credit_damage_threat,B,0.15,success,200,,1,335,0431,2925,376,jev-1.13.0
23843558,credit_damage_threat__C,credit_damage_threat,C,0.02,success,200,,1,335,0431,2925,376,jev-1.13.0
23843558,arrest_threat__A,arrest_threat,A,0.03,success,200,,1,335,0431,2925,376,jev-1.13.0
23843558,arrest_threat__B,arrest_threat,B,0.02,success,200,,1,335,0431,2925,376,jev-1.13.0
23843558,arrest_threat__C,arrest_threat,C,0.01,success,200,,1,335,0431,2925,376,jev-1.13.0
23843558,sued_no_notice__A,sued_no_notice,A,0.03,success,200,,1,335,0431,2925,376,jev-1.13.0
23843558,sued_no_notice__B,sued_no_notice,B,0.09,success,200,,1,335,0431,2925,376,jev-1.13.0
23843558,sued_no_notice__C,sued_no_notice,C,0.01,success,200,,1,335,0431,2925,376,jev-1.13.0
23843672,identity_theft__A,identity_theft,A,0.02,success,200,,1,356,0848,2953,376,jev-1.13.0
23843672,identity_theft__B,identity_theft,B,0.19,success,200,,1,356,0848,2953,376,jev-1.13.0
23843672,identity_theft__C,identity_theft,C,0.02,success,200,,1,356,0848,2953,376,jev-1.13.0
23843672,insufficient_validation__A,insufficient_validation,A,0.07,success,200,,1,356,0848,2953,376,jev-1.13.0
23843672,insufficient_validation__B,insufficient_validation,B,0.99,success,200,,1,356,0848,2953,376,jev-1.13.0
23843672,insufficient_validation__C,insufficient_validation,C,0.5,success,200,,1,356,0848,2953,376,jev-1.13.0
23843672,wrong_amount__A,wrong_amount,A,0.32,success,200,,1,356,0848,2953,376,jev-1.13.0
23843672,wrong_amount__B,wrong_amount,B,0.19,success,200,,1,356,0848,2953,376,jev-1.13.0
23843672,wrong_amount__C,wrong_amount,C,0.43,success,200,,1,356,0848,2953,376,jev-1.13.0
23843672,credit_damage_threat__A,credit_damage_threat,A,0.14,success,200,,1,356,0848,2953,376,jev-1.13.0
23843672,credit_damage_threat__B,credit_damage_threat,B,0.98,success,200,,1,356,0848,2953,376,jev-1.13.0
23843672,credit_damage_threat__C,credit_damage_threat,C,0.07,success,200,,1,356,0848,2953,376,jev-1.13.0
23843672,arrest_threat__A,arrest_threat,A,0.03,success,200,,1,356,0848,2953,376,jev-1.13.0
23843672,arrest_threat__B,arrest_threat,B,0.05,success,200,,1,356,0848,2953,376,jev-1.13.0
23843672,arrest_threat__C,arrest_threat,C,0.03,success,200,,1,356,0848,2953,376,jev-1.13.0
23843672,sued_no_notice__A,sued_no_notice,A,0.03,success,200,,1,356,0848,2953,376,jev-1.13.0
23843672,sued_no_notice__B,sued_no_notice,B,0.93,success,200,,1,356,0848,2953,376,jev-1.13.0
23843672,sued_no_notice__C,sued_no_notice,C,0.05,success,200,,1,356,0848,2953,376,jev-1.13.0
23843927,identity_theft__A,identity_theft,A,0.02,success,200,,1,278,2605,3457,376,jev-1.13.0
23843927,identity_theft__B,identity_theft,B,0.49,success,200,,1,278,2605,3457,376,jev-1.13.0
23843927,identity_theft__C,identity_theft,C,0.02,success,200,,1,278,2605,3457,376,jev-1.13.0
23843927,insufficient_validation__A,insufficient_validation,A,0.04,success,200,,1,278,2605,3457,376,jev-1.13.0
23843927,insufficient_validation__B,insufficient_validation,B,0.11,success,200,,1,278,2605,3457,376,jev-1.13.0
23843927,insufficient_validation__C,insufficient_validation,C,0.08,success,200,,1,278,2605,3457,376,jev-1.13.0
23843927,wrong_amount__A,wrong_amount,A,0.95,success,200,,1,278,2605,3457,376,jev-1.13.0
23843927,wrong_amount__B,wrong_amount,B,0.96,success,200,,1,278,2605,3457,376,jev-1.13.0
23843927,wrong_amount__C,wrong_amount,C,0.93,success,200,,1,278,2605,3457,376,jev-1.13.0
23843927,credit_damage_threat__A,credit_damage_threat,A,0.04,success,200,,1,278,2605,3457,376,jev-1.13.0
23843927,credit_damage_threat__B,credit_damage_threat,B,0.05,success,200,,1,278,2605,3457,376,jev-1.13.0
23843927,credit_damage_threat__C,credit_damage_threat,C,0.03,success,200,,1,278,2605,3457,376,jev-1.13.0
23843927,arrest_threat__A,arrest_threat,A,0.04,success,200,,1,278,2605,3457,376,jev-1.13.0
23843927,arrest_threat__B,arrest_threat,B,0.06,success,200,,1,278,2605,3457,376,jev-1.13.0
23843927,arrest_threat__C,arrest_threat,C,0.03,success,200,,1,278,2605,3457,376,jev-1.13.0
23843927,sued_no_notice__A,sued_no_notice,A,0.05,success,200,,1,278,2605,3457,376,jev-1.13.0
23843927,sued_no_notice__B,sued_no_notice,B,0.99,success,200,,1,278,2605,3457,376,jev-1.13.0
23843927,sued_no_notice__C,sued_no_notice,C,0.07,success,200,,1,278,2605,3457,376,jev-1.13.0
23851209,identity_theft__A,identity_theft,A,0.03,success,200,,1,256,9573,2855,376,jev-1.13.0
23851209,identity_theft__B,identity_theft,B,0.15,success,200,,1,256,9573,2855,376,jev-1.13.0
23851209,identity_theft__C,identity_theft,C,0.04,success,200,,1,256,9573,2855,376,jev-1.13.0
23851209,insufficient_validation__A,insufficient_validation,A,0.09,success,200,,1,256,9573,2855,376,jev-1.13.0
23851209,insufficient_validation__B,insufficient_validation,B,0.76,success,200,,1,256,9573,2855,376,jev-1.13.0
23851209,insufficient_validation__C,insufficient_validation,C,0.86,success,200,,1,256,9573,2855,376,jev-1.13.0
23851209,wrong_amount__A,wrong_amount,A,0.04,success,200,,1,256,9573,2855,376,jev-1.13.0
23851209,wrong_amount__B,wrong_amount,B,0.27,success,200,,1,256,9573,2855,376,jev-1.13.0
23851209,wrong_amount__C,wrong_amount,C,0.04,success,200,,1,256,9573,2855,376,jev-1.13.0
23851209,credit_damage_threat__A,credit_damage_threat,A,0.08,success,200,,1,256,9573,2855,376,jev-1.13.0
23851209,credit_damage_threat__B,credit_damage_threat,B,0.93,success,200,,1,256,9573,2855,376,jev-1.13.0
23851209,credit_damage_threat__C,credit_damage_threat,C,0.05,success,200,,1,256,9573,2855,376,jev-1.13.0
23851209,arrest_threat__A,arrest_threat,A,0.03,success,200,,1,256,9573,2855,376,jev-1.13.0
23851209,arrest_threat__B,arrest_threat,B,0.02,success,200,,1,256,9573,2855,376,jev-1.13.0
23851209,arrest_threat__C,arrest_threat,C,0.02,success,200,,1,256,9573,2855,376,jev-1.13.0
23851209,sued_no_notice__A,sued_no_notice,A,0.03,success,200,,1,256,9573,2855,376,jev-1.13.0
23851209,sued_no_notice__B,sued_no_notice,B,0.15,success,200,,1,256,9573,2855,376,jev-1.13.0
23851209,sued_no_notice__C,sued_no_notice,C,0.02,success,200,,1,256,9573,2855,376,jev-1.13.0
23878954,identity_theft__A,identity_theft,A,0.02,success,200,,1,294,9793,2934,376,jev-1.13.0
23878954,identity_theft__B,identity_theft,B,0.4,success,200,,1,294,9793,2934,376,jev-1.13.0
23878954,identity_theft__C,identity_theft,C,0.02,success,200,,1,294,9793,2934,376,jev-1.13.0
23878954,insufficient_validation__A,insufficient_validation,A,0.03,success,200,,1,294,9793,2934,376,jev-1.13.0
23878954,insufficient_validation__B,insufficient_validation,B,0.08,success,200,,1,294,9793,2934,376,jev-1.13.0
23878954,insufficient_validation__C,insufficient_validation,C,0.1,success,200,,1,294,9793,2934,376,jev-1.13.0
23878954,wrong_amount__A,wrong_amount,A,0.06,success,200,,1,294,9793,2934,376,jev-1.13.0
23878954,wrong_amount__B,wrong_amount,B,0.96,success,200,,1,294,9793,2934,376,jev-1.13.0
23878954,wrong_amount__C,wrong_amount,C,0.38,success,200,,1,294,9793,2934,376,jev-1.13.0
23878954,credit_damage_threat__A,credit_damage_threat,A,0.04,success,200,,1,294,9793,2934,376,jev-1.13.0
23878954,credit_damage_threat__B,credit_damage_threat,B,0.11,success,200,,1,294,9793,2934,376,jev-1.13.0
23878954,credit_damage_threat__C,credit_damage_threat,C,0.06,success,200,,1,294,9793,2934,376,jev-1.13.0
23878954,arrest_threat__A,arrest_threat,A,0.03,success,200,,1,294,9793,2934,376,jev-1.13.0
23878954,arrest_threat__B,arrest_threat,B,0.03,success,200,,1,294,9793,2934,376,jev-1.13.0
23878954,arrest_threat__C,arrest_threat,C,0.02,success,200,,1,294,9793,2934,376,jev-1.13.0
23878954,sued_no_notice__A,sued_no_notice,A,0.03,success,200,,1,294,9793,2934,376,jev-1.13.0
23878954,sued_no_notice__B,sued_no_notice,B,0.41,success,200,,1,294,9793,2934,376,jev-1.13.0
23878954,sued_no_notice__C,sued_no_notice,C,0.03,success,200,,1,294,9793,2934,376,jev-1.13.0
23880267,identity_theft__A,identity_theft,A,0.02,success,200,,1,307,3046,3461,376,jev-1.13.0
23880267,identity_theft__B,identity_theft,B,0.09,success,200,,1,307,3046,3461,376,jev-1.13.0
23880267,identity_theft__C,identity_theft,C,0.02,success,200,,1,307,3046,3461,376,jev-1.13.0
23880267,insufficient_validation__A,insufficient_validation,A,0.23,success,200,,1,307,3046,3461,376,jev-1.13.0
23880267,insufficient_validation__B,insufficient_validation,B,0.99,success,200,,1,307,3046,3461,376,jev-1.13.0
23880267,insufficient_validation__C,insufficient_validation,C,0.9,success,200,,1,307,3046,3461,376,jev-1.13.0
23880267,wrong_amount__A,wrong_amount,A,0.44,success,200,,1,307,3046,3461,376,jev-1.13.0
23880267,wrong_amount__B,wrong_amount,B,0.99,success,200,,1,307,3046,3461,376,jev-1.13.0
23880267,wrong_amount__C,wrong_amount,C,0.93,success,200,,1,307,3046,3461,376,jev-1.13.0
23880267,credit_damage_threat__A,credit_damage_threat,A,0.06,success,200,,1,307,3046,3461,376,jev-1.13.0
23880267,credit_damage_threat__B,credit_damage_threat,B,0.98,success,200,,1,307,3046,3461,376,jev-1.13.0
23880267,credit_damage_threat__C,credit_damage_threat,C,0.04,success,200,,1,307,3046,3461,376,jev-1.13.0
23880267,arrest_threat__A,arrest_threat,A,0.03,success,200,,1,307,3046,3461,376,jev-1.13.0
23880267,arrest_threat__B,arrest_threat,B,0.03,success,200,,1,307,3046,3461,376,jev-1.13.0
23880267,arrest_threat__C,arrest_threat,C,0.02,success,200,,1,307,3046,3461,376,jev-1.13.0
23880267,sued_no_notice__A,sued_no_notice,A,0.03,success,200,,1,307,3046,3461,376,jev-1.13.0
23880267,sued_no_notice__B,sued_no_notice,B,0.06,success,200,,1,307,3046,3461,376,jev-1.13.0
23880267,sued_no_notice__C,sued_no_notice,C,0.01,success,200,,1,307,3046,3461,376,jev-1.13.0
23885354,identity_theft__A,identity_theft,A,0.03,success,200,,1,304,8584,3149,376,jev-1.13.0
23885354,identity_theft__B,identity_theft,B,0.9,success,200,,1,304,8584,3149,376,jev-1.13.0
23885354,identity_theft__C,identity_theft,C,0.04,success,200,,1,304,8584,3149,376,jev-1.13.0
23885354,insufficient_validation__A,insufficient_validation,A,0.15,success,200,,1,304,8584,3149,376,jev-1.13.0
23885354,insufficient_validation__B,insufficient_validation,B,0.99,success,200,,1,304,8584,3149,376,jev-1.13.0
23885354,insufficient_validation__C,insufficient_validation,C,0.6,success,200,,1,304,8584,3149,376,jev-1.13.0
23885354,wrong_amount__A,wrong_amount,A,0.1,success,200,,1,304,8584,3149,376,jev-1.13.0
23885354,wrong_amount__B,wrong_amount,B,0.98,success,200,,1,304,8584,3149,376,jev-1.13.0
23885354,wrong_amount__C,wrong_amount,C,0.14,success,200,,1,304,8584,3149,376,jev-1.13.0
23885354,credit_damage_threat__A,credit_damage_threat,A,0.05,success,200,,1,304,8584,3149,376,jev-1.13.0
23885354,credit_damage_threat__B,credit_damage_threat,B,0.9,success,200,,1,304,8584,3149,376,jev-1.13.0
23885354,credit_damage_threat__C,credit_damage_threat,C,0.03,success,200,,1,304,8584,3149,376,jev-1.13.0
23885354,arrest_threat__A,arrest_threat,A,0.03,success,200,,1,304,8584,3149,376,jev-1.13.0
23885354,arrest_threat__B,arrest_threat,B,0.03,success,200,,1,304,8584,3149,376,jev-1.13.0
23885354,arrest_threat__C,arrest_threat,C,0.02,success,200,,1,304,8584,3149,376,jev-1.13.0
23885354,sued_no_notice__A,sued_no_notice,A,0.03,success,200,,1,304,8584,3149,376,jev-1.13.0
23885354,sued_no_notice__B,sued_no_notice,B,0.1,success,200,,1,304,8584,3149,376,jev-1.13.0
23885354,sued_no_notice__C,sued_no_notice,C,0.02,success,200,,1,304,8584,3149,376,jev-1.13.0
23885496,identity_theft__A,identity_theft,A,0.03,success,200,,1,275,5348,2915,376,jev-1.13.0
23885496,identity_theft__B,identity_theft,B,0.53,success,200,,1,275,5348,2915,376,jev-1.13.0
23885496,identity_theft__C,identity_theft,C,0.04,success,200,,1,275,5348,2915,376,jev-1.13.0
23885496,insufficient_validation__A,insufficient_validation,A,0.06,success,200,,1,275,5348,2915,376,jev-1.13.0
23885496,insufficient_validation__B,insufficient_validation,B,0.99,success,200,,1,275,5348,2915,376,jev-1.13.0
23885496,insufficient_validation__C,insufficient_validation,C,0.18,success,200,,1,275,5348,2915,376,jev-1.13.0
23885496,wrong_amount__A,wrong_amount,A,0.05,success,200,,1,275,5348,2915,376,jev-1.13.0
23885496,wrong_amount__B,wrong_amount,B,0.91,success,200,,1,275,5348,2915,376,jev-1.13.0
23885496,wrong_amount__C,wrong_amount,C,0.06,success,200,,1,275,5348,2915,376,jev-1.13.0
23885496,credit_damage_threat__A,credit_damage_threat,A,0.05,success,200,,1,275,5348,2915,376,jev-1.13.0
23885496,credit_damage_threat__B,credit_damage_threat,B,0.04,success,200,,1,275,5348,2915,376,jev-1.13.0
23885496,credit_damage_threat__C,credit_damage_threat,C,0.03,success,200,,1,275,5348,2915,376,jev-1.13.0
23885496,arrest_threat__A,arrest_threat,A,0.04,success,200,,1,275,5348,2915,376,jev-1.13.0
23885496,arrest_threat__B,arrest_threat,B,0.03,success,200,,1,275,5348,2915,376,jev-1.13.0
23885496,arrest_threat__C,arrest_threat,C,0.02,success,200,,1,275,5348,2915,376,jev-1.13.0
23885496,sued_no_notice__A,sued_no_notice,A,0.03,success,200,,1,275,5348,2915,376,jev-1.13.0
23885496,sued_no_notice__B,sued_no_notice,B,0.98,success,200,,1,275,5348,2915,376,jev-1.13.0
23885496,sued_no_notice__C,sued_no_notice,C,0.05,success,200,,1,275,5348,2915,376,jev-1.13.0
23888241,identity_theft__A,identity_theft,A,0.03,success,200,,1,303,7096,3052,376,jev-1.13.0
23888241,identity_theft__B,identity_theft,B,0.07,success,200,,1,303,7096,3052,376,jev-1.13.0
23888241,identity_theft__C,identity_theft,C,0.02,success,200,,1,303,7096,3052,376,jev-1.13.0
23888241,insufficient_validation__A,insufficient_validation,A,0.1,success,200,,1,303,7096,3052,376,jev-1.13.0
23888241,insufficient_validation__B,insufficient_validation,B,0.98,success,200,,1,303,7096,3052,376,jev-1.13.0
23888241,insufficient_validation__C,insufficient_validation,C,0.38,success,200,,1,303,7096,3052,376,jev-1.13.0
23888241,wrong_amount__A,wrong_amount,A,0.5,success,200,,1,303,7096,3052,376,jev-1.13.0
23888241,wrong_amount__B,wrong_amount,B,0.97,success,200,,1,303,7096,3052,376,jev-1.13.0
23888241,wrong_amount__C,wrong_amount,C,0.91,success,200,,1,303,7096,3052,376,jev-1.13.0
23888241,credit_damage_threat__A,credit_damage_threat,A,0.04,success,200,,1,303,7096,3052,376,jev-1.13.0
23888241,credit_damage_threat__B,credit_damage_threat,B,0.98,success,200,,1,303,7096,3052,376,jev-1.13.0
23888241,credit_damage_threat__C,credit_damage_threat,C,0.03,success,200,,1,303,7096,3052,376,jev-1.13.0
23888241,arrest_threat__A,arrest_threat,A,0.02,success,200,,1,303,7096,3052,376,jev-1.13.0
23888241,arrest_threat__B,arrest_threat,B,0.02,success,200,,1,303,7096,3052,376,jev-1.13.0
23888241,arrest_threat__C,arrest_threat,C,0.02,success,200,,1,303,7096,3052,376,jev-1.13.0
23888241,sued_no_notice__A,sued_no_notice,A,0.02,success,200,,1,303,7096,3052,376,jev-1.13.0
23888241,sued_no_notice__B,sued_no_notice,B,0.05,success,200,,1,303,7096,3052,376,jev-1.13.0
23888241,sued_no_notice__C,sued_no_notice,C,0.01,success,200,,1,303,7096,3052,376,jev-1.13.0
23888302,identity_theft__A,identity_theft,A,0.03,success,200,,1,284,9692,3000,376,jev-1.13.0
23888302,identity_theft__B,identity_theft,B,0.07,success,200,,1,284,9692,3000,376,jev-1.13.0
23888302,identity_theft__C,identity_theft,C,0.02,success,200,,1,284,9692,3000,376,jev-1.13.0
23888302,insufficient_validation__A,insufficient_validation,A,0.07,success,200,,1,284,9692,3000,376,jev-1.13.0
23888302,insufficient_validation__B,insufficient_validation,B,0.19,success,200,,1,284,9692,3000,376,jev-1.13.0
23888302,insufficient_validation__C,insufficient_validation,C,0.07,success,200,,1,284,9692,3000,376,jev-1.13.0
23888302,wrong_amount__A,wrong_amount,A,0.79,success,200,,1,284,9692,3000,376,jev-1.13.0
23888302,wrong_amount__B,wrong_amount,B,0.97,success,200,,1,284,9692,3000,376,jev-1.13.0
23888302,wrong_amount__C,wrong_amount,C,0.95,success,200,,1,284,9692,3000,376,jev-1.13.0
23888302,credit_damage_threat__A,credit_damage_threat,A,0.05,success,200,,1,284,9692,3000,376,jev-1.13.0
23888302,credit_damage_threat__B,credit_damage_threat,B,0.96,success,200,,1,284,9692,3000,376,jev-1.13.0
23888302,credit_damage_threat__C,credit_damage_threat,C,0.03,success,200,,1,284,9692,3000,376,jev-1.13.0
23888302,arrest_threat__A,arrest_threat,A,0.03,success,200,,1,284,9692,3000,376,jev-1.13.0
23888302,arrest_threat__B,arrest_threat,B,0.02,success,200,,1,284,9692,3000,376,jev-1.13.0
23888302,arrest_threat__C,arrest_threat,C,0.02,success,200,,1,284,9692,3000,376,jev-1.13.0
23888302,sued_no_notice__A,sued_no_notice,A,0.02,success,200,,1,284,9692,3000,376,jev-1.13.0
23888302,sued_no_notice__B,sued_no_notice,B,0.13,success,200,,1,284,9692,3000,376,jev-1.13.0
23888302,sued_no_notice__C,sued_no_notice,C,0.01,success,200,,1,284,9692,3000,376,jev-1.13.0
23895552,identity_theft__A,identity_theft,A,0.03,success,200,,1,289,6561,2719,376,jev-1.13.0
23895552,identity_theft__B,identity_theft,B,0.2,success,200,,1,289,6561,2719,376,jev-1.13.0
23895552,identity_theft__C,identity_theft,C,0.03,success,200,,1,289,6561,2719,376,jev-1.13.0
23895552,insufficient_validation__A,insufficient_validation,A,0.05,success,200,,1,289,6561,2719,376,jev-1.13.0
23895552,insufficient_validation__B,insufficient_validation,B,0.08,success,200,,1,289,6561,2719,376,jev-1.13.0
23895552,insufficient_validation__C,insufficient_validation,C,0.14,success,200,,1,289,6561,2719,376,jev-1.13.0
23895552,wrong_amount__A,wrong_amount,A,0.17,success,200,,1,289,6561,2719,376,jev-1.13.0
23895552,wrong_amount__B,wrong_amount,B,0.64,success,200,,1,289,6561,2719,376,jev-1.13.0
23895552,wrong_amount__C,wrong_amount,C,0.46,success,200,,1,289,6561,2719,376,jev-1.13.0
23895552,credit_damage_threat__A,credit_damage_threat,A,0.04,success,200,,1,289,6561,2719,376,jev-1.13.0
23895552,credit_damage_threat__B,credit_damage_threat,B,0.96,success,200,,1,289,6561,2719,376,jev-1.13.0
23895552,credit_damage_threat__C,credit_damage_threat,C,0.03,success,200,,1,289,6561,2719,376,jev-1.13.0
23895552,arrest_threat__A,arrest_threat,A,0.03,success,200,,1,289,6561,2719,376,jev-1.13.0
23895552,arrest_threat__B,arrest_threat,B,0.02,success,200,,1,289,6561,2719,376,jev-1.13.0
23895552,arrest_threat__C,arrest_threat,C,0.02,success,200,,1,289,6561,2719,376,jev-1.13.0
23895552,sued_no_notice__A,sued_no_notice,A,0.03,success,200,,1,289,6561,2719,376,jev-1.13.0
23895552,sued_no_notice__B,sued_no_notice,B,0.1,success,200,,1,289,6561,2719,376,jev-1.13.0
23895552,sued_no_notice__C,sued_no_notice,C,0.02,success,200,,1,289,6561,2719,376,jev-1.13.0
23895642,identity_theft__A,identity_theft,A,0.03,success,200,,1,297,553,2860,376,jev-1.13.0
23895642,identity_theft__B,identity_theft,B,0.06,success,200,,1,297,553,2860,376,jev-1.13.0
23895642,identity_theft__C,identity_theft,C,0.02,success,200,,1,297,553,2860,376,jev-1.13.0
23895642,insufficient_validation__A,insufficient_validation,A,0.03,success,200,,1,297,553,2860,376,jev-1.13.0
23895642,insufficient_validation__B,insufficient_validation,B,0.09,success,200,,1,297,553,2860,376,jev-1.13.0
23895642,insufficient_validation__C,insufficient_validation,C,0.05,success,200,,1,297,553,2860,376,jev-1.13.0
23895642,wrong_amount__A,wrong_amount,A,0.98,success,200,,1,297,553,2860,376,jev-1.13.0
23895642,wrong_amount__B,wrong_amount,B,0.99,success,200,,1,297,553,2860,376,jev-1.13.0
23895642,wrong_amount__C,wrong_amount,C,0.97,success,200,,1,297,553,2860,376,jev-1.13.0
23895642,credit_damage_threat__A,credit_damage_threat,A,0.05,success,200,,1,297,553,2860,376,jev-1.13.0
23895642,credit_damage_threat__B,credit_damage_threat,B,0.98,success,200,,1,297,553,2860,376,jev-1.13.0
23895642,credit_damage_threat__C,credit_damage_threat,C,0.02,success,200,,1,297,553,2860,376,jev-1.13.0
23895642,arrest_threat__A,arrest_threat,A,0.03,success,200,,1,297,553,2860,376,jev-1.13.0
23895642,arrest_threat__B,arrest_threat,B,0.02,success,200,,1,297,553,2860,376,jev-1.13.0
23895642,arrest_threat__C,arrest_threat,C,0.01,success,200,,1,297,553,2860,376,jev-1.13.0
23895642,sued_no_notice__A,sued_no_notice,A,0.03,success,200,,1,297,553,2860,376,jev-1.13.0
23895642,sued_no_notice__B,sued_no_notice,B,0.03,success,200,,1,297,553,2860,376,jev-1.13.0
23895642,sued_no_notice__C,sued_no_notice,C,0.01,success,200,,1,297,553,2860,376,jev-1.13.0
23897657,identity_theft__A,identity_theft,A,0.97,success,200,,1,334,9103,2747,376,jev-1.13.0
23897657,identity_theft__B,identity_theft,B,0.99,success,200,,1,334,9103,2747,376,jev-1.13.0
23897657,identity_theft__C,identity_theft,C,0.99,success,200,,1,334,9103,2747,376,jev-1.13.0
23897657,insufficient_validation__A,insufficient_validation,A,0.03,success,200,,1,334,9103,2747,376,jev-1.13.0
23897657,insufficient_validation__B,insufficient_validation,B,0.09,success,200,,1,334,9103,2747,376,jev-1.13.0
23897657,insufficient_validation__C,insufficient_validation,C,0.05,success,200,,1,334,9103,2747,376,jev-1.13.0
23897657,wrong_amount__A,wrong_amount,A,0.04,success,200,,1,334,9103,2747,376,jev-1.13.0
23897657,wrong_amount__B,wrong_amount,B,0.9,success,200,,1,334,9103,2747,376,jev-1.13.0
23897657,wrong_amount__C,wrong_amount,C,0.03,success,200,,1,334,9103,2747,376,jev-1.13.0
23897657,credit_damage_threat__A,credit_damage_threat,A,0.04,success,200,,1,334,9103,2747,376,jev-1.13.0
23897657,credit_damage_threat__B,credit_damage_threat,B,0.06,success,200,,1,334,9103,2747,376,jev-1.13.0
23897657,credit_damage_threat__C,credit_damage_threat,C,0.02,success,200,,1,334,9103,2747,376,jev-1.13.0
23897657,arrest_threat__A,arrest_threat,A,0.03,success,200,,1,334,9103,2747,376,jev-1.13.0
23897657,arrest_threat__B,arrest_threat,B,0.04,success,200,,1,334,9103,2747,376,jev-1.13.0
23897657,arrest_threat__C,arrest_threat,C,0.02,success,200,,1,334,9103,2747,376,jev-1.13.0
23897657,sued_no_notice__A,sued_no_notice,A,0.03,success,200,,1,334,9103,2747,376,jev-1.13.0
23897657,sued_no_notice__B,sued_no_notice,B,0.14,success,200,,1,334,9103,2747,376,jev-1.13.0
23897657,sued_no_notice__C,sued_no_notice,C,0.02,success,200,,1,334,9103,2747,376,jev-1.13.0
23899536,identity_theft__A,identity_theft,A,0.04,success,200,,1,269,2038,3131,376,jev-1.13.0
23899536,identity_theft__B,identity_theft,B,0.86,success,200,,1,269,2038,3131,376,jev-1.13.0
23899536,identity_theft__C,identity_theft,C,0.57,success,200,,1,269,2038,3131,376,jev-1.13.0
23899536,insufficient_validation__A,insufficient_validation,A,0.04,success,200,,1,269,2038,3131,376,jev-1.13.0
23899536,insufficient_validation__B,insufficient_validation,B,0.99,success,200,,1,269,2038,3131,376,jev-1.13.0
23899536,insufficient_validation__C,insufficient_validation,C,0.85,success,200,,1,269,2038,3131,376,jev-1.13.0
23899536,wrong_amount__A,wrong_amount,A,0.1,success,200,,1,269,2038,3131,376,jev-1.13.0
23899536,wrong_amount__B,wrong_amount,B,0.98,success,200,,1,269,2038,3131,376,jev-1.13.0
23899536,wrong_amount__C,wrong_amount,C,0.58,success,200,,1,269,2038,3131,376,jev-1.13.0
23899536,credit_damage_threat__A,credit_damage_threat,A,0.04,success,200,,1,269,2038,3131,376,jev-1.13.0
23899536,credit_damage_threat__B,credit_damage_threat,B,0.05,success,200,,1,269,2038,3131,376,jev-1.13.0
23899536,credit_damage_threat__C,credit_damage_threat,C,0.02,success,200,,1,269,2038,3131,376,jev-1.13.0
23899536,arrest_threat__A,arrest_threat,A,0.02,success,200,,1,269,2038,3131,376,jev-1.13.0
23899536,arrest_threat__B,arrest_threat,B,0.03,success,200,,1,269,2038,3131,376,jev-1.13.0
23899536,arrest_threat__C,arrest_threat,C,0.01,success,200,,1,269,2038,3131,376,jev-1.13.0
23899536,sued_no_notice__A,sued_no_notice,A,0.03,success,200,,1,269,2038,3131,376,jev-1.13.0
23899536,sued_no_notice__B,sued_no_notice,B,0.11,success,200,,1,269,2038,3131,376,jev-1.13.0
23899536,sued_no_notice__C,sued_no_notice,C,0.01,success,200,,1,269,2038,3131,376,jev-1.13.0
23902251,identity_theft__A,identity_theft,A,0.02,success,200,,1,311,1705,3387,376,jev-1.13.0
23902251,identity_theft__B,identity_theft,B,0.77,success,200,,1,311,1705,3387,376,jev-1.13.0
23902251,identity_theft__C,identity_theft,C,0.03,success,200,,1,311,1705,3387,376,jev-1.13.0
23902251,insufficient_validation__A,insufficient_validation,A,0.08,success,200,,1,311,1705,3387,376,jev-1.13.0
23902251,insufficient_validation__B,insufficient_validation,B,0.99,success,200,,1,311,1705,3387,376,jev-1.13.0
23902251,insufficient_validation__C,insufficient_validation,C,0.16,success,200,,1,311,1705,3387,376,jev-1.13.0
23902251,wrong_amount__A,wrong_amount,A,0.06,success,200,,1,311,1705,3387,376,jev-1.13.0
23902251,wrong_amount__B,wrong_amount,B,0.98,success,200,,1,311,1705,3387,376,jev-1.13.0
23902251,wrong_amount__C,wrong_amount,C,0.05,success,200,,1,311,1705,3387,376,jev-1.13.0
23902251,credit_damage_threat__A,credit_damage_threat,A,0.06,success,200,,1,311,1705,3387,376,jev-1.13.0
23902251,credit_damage_threat__B,credit_damage_threat,B,0.9,success,200,,1,311,1705,3387,376,jev-1.13.0
23902251,credit_damage_threat__C,credit_damage_threat,C,0.05,success,200,,1,311,1705,3387,376,jev-1.13.0
23902251,arrest_threat__A,arrest_threat,A,0.03,success,200,,1,311,1705,3387,376,jev-1.13.0
23902251,arrest_threat__B,arrest_threat,B,0.02,success,200,,1,311,1705,3387,376,jev-1.13.0
23902251,arrest_threat__C,arrest_threat,C,0.01,success,200,,1,311,1705,3387,376,jev-1.13.0
23902251,sued_no_notice__A,sued_no_notice,A,0.02,success,200,,1,311,1705,3387,376,jev-1.13.0
23902251,sued_no_notice__B,sued_no_notice,B,0.15,success,200,,1,311,1705,3387,376,jev-1.13.0
23902251,sued_no_notice__C,sued_no_notice,C,0.01,success,200,,1,311,1705,3387,376,jev-1.13.0
23902676,identity_theft__A,identity_theft,A,0.03,success,200,,1,320,8096,2692,376,jev-1.13.0
23902676,identity_theft__B,identity_theft,B,0.42,success,200,,1,320,8096,2692,376,jev-1.13.0
23902676,identity_theft__C,identity_theft,C,0.02,success,200,,1,320,8096,2692,376,jev-1.13.0
23902676,insufficient_validation__A,insufficient_validation,A,0.04,success,200,,1,320,8096,2692,376,jev-1.13.0
23902676,insufficient_validation__B,insufficient_validation,B,0.12,success,200,,1,320,8096,2692,376,jev-1.13.0
23902676,insufficient_validation__C,insufficient_validation,C,0.13,success,200,,1,320,8096,2692,376,jev-1.13.0
23902676,wrong_amount__A,wrong_amount,A,0.05,success,200,,1,320,8096,2692,376,jev-1.13.0
23902676,wrong_amount__B,wrong_amount,B,0.57,success,200,,1,320,8096,2692,376,jev-1.13.0
23902676,wrong_amount__C,wrong_amount,C,0.51,success,200,,1,320,8096,2692,376,jev-1.13.0
23902676,credit_damage_threat__A,credit_damage_threat,A,0.04,success,200,,1,320,8096,2692,376,jev-1.13.0
23902676,credit_damage_threat__B,credit_damage_threat,B,0.92,success,200,,1,320,8096,2692,376,jev-1.13.0
23902676,credit_damage_threat__C,credit_damage_threat,C,0.03,success,200,,1,320,8096,2692,376,jev-1.13.0
23902676,arrest_threat__A,arrest_threat,A,0.03,success,200,,1,320,8096,2692,376,jev-1.13.0
23902676,arrest_threat__B,arrest_threat,B,0.02,success,200,,1,320,8096,2692,376,jev-1.13.0
23902676,arrest_threat__C,arrest_threat,C,0.02,success,200,,1,320,8096,2692,376,jev-1.13.0
23902676,sued_no_notice__A,sued_no_notice,A,0.03,success,200,,1,320,8096,2692,376,jev-1.13.0
23902676,sued_no_notice__B,sued_no_notice,B,0.05,success,200,,1,320,8096,2692,376,jev-1.13.0
23902676,sued_no_notice__C,sued_no_notice,C,0.01,success,200,,1,320,8096,2692,376,jev-1.13.0
23906063,identity_theft__A,identity_theft,A,0.03,success,200,,1,315,8774,2732,376,jev-1.13.0
23906063,identity_theft__B,identity_theft,B,0.15,success,200,,1,315,8774,2732,376,jev-1.13.0
23906063,identity_theft__C,identity_theft,C,0.05,success,200,,1,315,8774,2732,376,jev-1.13.0
23906063,insufficient_validation__A,insufficient_validation,A,0.04,success,200,,1,315,8774,2732,376,jev-1.13.0
23906063,insufficient_validation__B,insufficient_validation,B,0.21,success,200,,1,315,8774,2732,376,jev-1.13.0
23906063,insufficient_validation__C,insufficient_validation,C,0.18,success,200,,1,315,8774,2732,376,jev-1.13.0
23906063,wrong_amount__A,wrong_amount,A,0.04,success,200,,1,315,8774,2732,376,jev-1.13.0
23906063,wrong_amount__B,wrong_amount,B,0.25,success,200,,1,315,8774,2732,376,jev-1.13.0
23906063,wrong_amount__C,wrong_amount,C,0.06,success,200,,1,315,8774,2732,376,jev-1.13.0
23906063,credit_damage_threat__A,credit_damage_threat,A,0.06,success,200,,1,315,8774,2732,376,jev-1.13.0
23906063,credit_damage_threat__B,credit_damage_threat,B,0.95,success,200,,1,315,8774,2732,376,jev-1.13.0
23906063,credit_damage_threat__C,credit_damage_threat,C,0.08,success,200,,1,315,8774,2732,376,jev-1.13.0
23906063,arrest_threat__A,arrest_threat,A,0.03,success,200,,1,315,8774,2732,376,jev-1.13.0
23906063,arrest_threat__B,arrest_threat,B,0.03,success,200,,1,315,8774,2732,376,jev-1.13.0
23906063,arrest_threat__C,arrest_threat,C,0.02,success,200,,1,315,8774,2732,376,jev-1.13.0
23906063,sued_no_notice__A,sued_no_notice,A,0.03,success,200,,1,315,8774,2732,376,jev-1.13.0
23906063,sued_no_notice__B,sued_no_notice,B,0.42,success,200,,1,315,8774,2732,376,jev-1.13.0
23906063,sued_no_notice__C,sued_no_notice,C,0.03,success,200,,1,315,8774,2732,376,jev-1.13.0
23909415,identity_theft__A,identity_theft,A,0.03,success,200,,1,278,3596,2774,376,jev-1.13.0
23909415,identity_theft__B,identity_theft,B,0.54,success,200,,1,278,3596,2774,376,jev-1.13.0
23909415,identity_theft__C,identity_theft,C,0.04,success,200,,1,278,3596,2774,376,jev-1.13.0
23909415,insufficient_validation__A,insufficient_validation,A,0.04,success,200,,1,278,3596,2774,376,jev-1.13.0
23909415,insufficient_validation__B,insufficient_validation,B,0.24,success,200,,1,278,3596,2774,376,jev-1.13.0
23909415,insufficient_validation__C,insufficient_validation,C,0.56,success,200,,1,278,3596,2774,376,jev-1.13.0
23909415,wrong_amount__A,wrong_amount,A,0.04,success,200,,1,278,3596,2774,376,jev-1.13.0
23909415,wrong_amount__B,wrong_amount,B,0.38,success,200,,1,278,3596,2774,376,jev-1.13.0
23909415,wrong_amount__C,wrong_amount,C,0.08,success,200,,1,278,3596,2774,376,jev-1.13.0
23909415,credit_damage_threat__A,credit_damage_threat,A,0.04,success,200,,1,278,3596,2774,376,jev-1.13.0
23909415,credit_damage_threat__B,credit_damage_threat,B,0.84,success,200,,1,278,3596,2774,376,jev-1.13.0
23909415,credit_damage_threat__C,credit_damage_threat,C,0.05,success,200,,1,278,3596,2774,376,jev-1.13.0
23909415,arrest_threat__A,arrest_threat,A,0.03,success,200,,1,278,3596,2774,376,jev-1.13.0
23909415,arrest_threat__B,arrest_threat,B,0.04,success,200,,1,278,3596,2774,376,jev-1.13.0
23909415,arrest_threat__C,arrest_threat,C,0.03,success,200,,1,278,3596,2774,376,jev-1.13.0
23909415,sued_no_notice__A,sued_no_notice,A,0.72,success,200,,1,278,3596,2774,376,jev-1.13.0
23909415,sued_no_notice__B,sued_no_notice,B,0.99,success,200,,1,278,3596,2774,376,jev-1.13.0
23909415,sued_no_notice__C,sued_no_notice,C,0.82,success,200,,1,278,3596,2774,376,jev-1.13.0
23917815,identity_theft__A,identity_theft,A,0.02,success,200,,1,308,6498,2849,376,jev-1.13.0
23917815,identity_theft__B,identity_theft,B,0.48,success,200,,1,308,6498,2849,376,jev-1.13.0
23917815,identity_theft__C,identity_theft,C,0.02,success,200,,1,308,6498,2849,376,jev-1.13.0
23917815,insufficient_validation__A,insufficient_validation,A,0.06,success,200,,1,308,6498,2849,376,jev-1.13.0
23917815,insufficient_validation__B,insufficient_validation,B,0.99,success,200,,1,308,6498,2849,376,jev-1.13.0
23917815,insufficient_validation__C,insufficient_validation,C,0.11,success,200,,1,308,6498,2849,376,jev-1.13.0
23917815,wrong_amount__A,wrong_amount,A,0.04,success,200,,1,308,6498,2849,376,jev-1.13.0
23917815,wrong_amount__B,wrong_amount,B,0.32,success,200,,1,308,6498,2849,376,jev-1.13.0
23917815,wrong_amount__C,wrong_amount,C,0.03,success,200,,1,308,6498,2849,376,jev-1.13.0
23917815,credit_damage_threat__A,credit_damage_threat,A,0.04,success,200,,1,308,6498,2849,376,jev-1.13.0
23917815,credit_damage_threat__B,credit_damage_threat,B,0.04,success,200,,1,308,6498,2849,376,jev-1.13.0
23917815,credit_damage_threat__C,credit_damage_threat,C,0.02,success,200,,1,308,6498,2849,376,jev-1.13.0
23917815,arrest_threat__A,arrest_threat,A,0.03,success,200,,1,308,6498,2849,376,jev-1.13.0
23917815,arrest_threat__B,arrest_threat,B,0.03,success,200,,1,308,6498,2849,376,jev-1.13.0
23917815,arrest_threat__C,arrest_threat,C,0.01,success,200,,1,308,6498,2849,376,jev-1.13.0
23917815,sued_no_notice__A,sued_no_notice,A,0.02,success,200,,1,308,6498,2849,376,jev-1.13.0
23917815,sued_no_notice__B,sued_no_notice,B,0.06,success,200,,1,308,6498,2849,376,jev-1.13.0
23917815,sued_no_notice__C,sued_no_notice,C,0.01,success,200,,1,308,6498,2849,376,jev-1.13.0
23918008,identity_theft__A,identity_theft,A,0.03,success,200,,1,270,9358,2835,376,jev-1.13.0
23918008,identity_theft__B,identity_theft,B,0.96,success,200,,1,270,9358,2835,376,jev-1.13.0
23918008,identity_theft__C,identity_theft,C,0.15,success,200,,1,270,9358,2835,376,jev-1.13.0
23918008,insufficient_validation__A,insufficient_validation,A,0.91,success,200,,1,270,9358,2835,376,jev-1.13.0
23918008,insufficient_validation__B,insufficient_validation,B,0.99,success,200,,1,270,9358,2835,376,jev-1.13.0
23918008,insufficient_validation__C,insufficient_validation,C,0.9,success,200,,1,270,9358,2835,376,jev-1.13.0
23918008,wrong_amount__A,wrong_amount,A,0.05,success,200,,1,270,9358,2835,376,jev-1.13.0
23918008,wrong_amount__B,wrong_amount,B,0.93,success,200,,1,270,9358,2835,376,jev-1.13.0
23918008,wrong_amount__C,wrong_amount,C,0.05,success,200,,1,270,9358,2835,376,jev-1.13.0
23918008,credit_damage_threat__A,credit_damage_threat,A,0.06,success,200,,1,270,9358,2835,376,jev-1.13.0
23918008,credit_damage_threat__B,credit_damage_threat,B,0.98,success,200,,1,270,9358,2835,376,jev-1.13.0
23918008,credit_damage_threat__C,credit_damage_threat,C,0.04,success,200,,1,270,9358,2835,376,jev-1.13.0
23918008,arrest_threat__A,arrest_threat,A,0.03,success,200,,1,270,9358,2835,376,jev-1.13.0
23918008,arrest_threat__B,arrest_threat,B,0.02,success,200,,1,270,9358,2835,376,jev-1.13.0
23918008,arrest_threat__C,arrest_threat,C,0.02,success,200,,1,270,9358,2835,376,jev-1.13.0
23918008,sued_no_notice__A,sued_no_notice,A,0.03,success,200,,1,270,9358,2835,376,jev-1.13.0
23918008,sued_no_notice__B,sued_no_notice,B,0.07,success,200,,1,270,9358,2835,376,jev-1.13.0
23918008,sued_no_notice__C,sued_no_notice,C,0.02,success,200,,1,270,9358,2835,376,jev-1.13.0
23918406,identity_theft__A,identity_theft,A,0.02,success,200,,1,255,7273,3056,376,jev-1.13.0
23918406,identity_theft__B,identity_theft,B,0.54,success,200,,1,255,7273,3056,376,jev-1.13.0
23918406,identity_theft__C,identity_theft,C,0.03,success,200,,1,255,7273,3056,376,jev-1.13.0
23918406,insufficient_validation__A,insufficient_validation,A,0.07,success,200,,1,255,7273,3056,376,jev-1.13.0
23918406,insufficient_validation__B,insufficient_validation,B,0.99,success,200,,1,255,7273,3056,376,jev-1.13.0
23918406,insufficient_validation__C,insufficient_validation,C,0.13,success,200,,1,255,7273,3056,376,jev-1.13.0
23918406,wrong_amount__A,wrong_amount,A,0.06,success,200,,1,255,7273,3056,376,jev-1.13.0
23918406,wrong_amount__B,wrong_amount,B,0.98,success,200,,1,255,7273,3056,376,jev-1.13.0
23918406,wrong_amount__C,wrong_amount,C,0.05,success,200,,1,255,7273,3056,376,jev-1.13.0
23918406,credit_damage_threat__A,credit_damage_threat,A,0.09,success,200,,1,255,7273,3056,376,jev-1.13.0
23918406,credit_damage_threat__B,credit_damage_threat,B,0.81,success,200,,1,255,7273,3056,376,jev-1.13.0
23918406,credit_damage_threat__C,credit_damage_threat,C,0.08,success,200,,1,255,7273,3056,376,jev-1.13.0
23918406,arrest_threat__A,arrest_threat,A,0.03,success,200,,1,255,7273,3056,376,jev-1.13.0
23918406,arrest_threat__B,arrest_threat,B,0.03,success,200,,1,255,7273,3056,376,jev-1.13.0
23918406,arrest_threat__C,arrest_threat,C,0.02,success,200,,1,255,7273,3056,376,jev-1.13.0
23918406,sued_no_notice__A,sued_no_notice,A,0.03,success,200,,1,255,7273,3056,376,jev-1.13.0
23918406,sued_no_notice__B,sued_no_notice,B,0.09,success,200,,1,255,7273,3056,376,jev-1.13.0
23918406,sued_no_notice__C,sued_no_notice,C,0.01,success,200,,1,255,7273,3056,376,jev-1.13.0
23920803,identity_theft__A,identity_theft,A,0.02,success,200,,1,301,39,2671,376,jev-1.13.0
23920803,identity_theft__B,identity_theft,B,0.07,success,200,,1,301,39,2671,376,jev-1.13.0
23920803,identity_theft__C,identity_theft,C,0.04,success,200,,1,301,39,2671,376,jev-1.13.0
23920803,insufficient_validation__A,insufficient_validation,A,0.03,success,200,,1,301,39,2671,376,jev-1.13.0
23920803,insufficient_validation__B,insufficient_validation,B,0.06,success,200,,1,301,39,2671,376,jev-1.13.0
23920803,insufficient_validation__C,insufficient_validation,C,0.14,success,200,,1,301,39,2671,376,jev-1.13.0
23920803,wrong_amount__A,wrong_amount,A,0.04,success,200,,1,301,39,2671,376,jev-1.13.0
23920803,wrong_amount__B,wrong_amount,B,0.22,success,200,,1,301,39,2671,376,jev-1.13.0
23920803,wrong_amount__C,wrong_amount,C,0.08,success,200,,1,301,39,2671,376,jev-1.13.0
23920803,credit_damage_threat__A,credit_damage_threat,A,0.04,success,200,,1,301,39,2671,376,jev-1.13.0
23920803,credit_damage_threat__B,credit_damage_threat,B,0.04,success,200,,1,301,39,2671,376,jev-1.13.0
23920803,credit_damage_threat__C,credit_damage_threat,C,0.04,success,200,,1,301,39,2671,376,jev-1.13.0
23920803,arrest_threat__A,arrest_threat,A,0.04,success,200,,1,301,39,2671,376,jev-1.13.0
23920803,arrest_threat__B,arrest_threat,B,0.05,success,200,,1,301,39,2671,376,jev-1.13.0
23920803,arrest_threat__C,arrest_threat,C,0.03,success,200,,1,301,39,2671,376,jev-1.13.0
23920803,sued_no_notice__A,sued_no_notice,A,0.04,success,200,,1,301,39,2671,376,jev-1.13.0
23920803,sued_no_notice__B,sued_no_notice,B,0.98,success,200,,1,301,39,2671,376,jev-1.13.0
23920803,sued_no_notice__C,sued_no_notice,C,0.13,success,200,,1,301,39,2671,376,jev-1.13.0
23922066,identity_theft__A,identity_theft,A,0.02,success,200,,1,291,7479,2668,376,jev-1.13.0
23922066,identity_theft__B,identity_theft,B,0.28,success,200,,1,291,7479,2668,376,jev-1.13.0
23922066,identity_theft__C,identity_theft,C,0.03,success,200,,1,291,7479,2668,376,jev-1.13.0
23922066,insufficient_validation__A,insufficient_validation,A,0.03,success,200,,1,291,7479,2668,376,jev-1.13.0
23922066,insufficient_validation__B,insufficient_validation,B,0.12,success,200,,1,291,7479,2668,376,jev-1.13.0
23922066,insufficient_validation__C,insufficient_validation,C,0.34,success,200,,1,291,7479,2668,376,jev-1.13.0
23922066,wrong_amount__A,wrong_amount,A,0.03,success,200,,1,291,7479,2668,376,jev-1.13.0
23922066,wrong_amount__B,wrong_amount,B,0.16,success,200,,1,291,7479,2668,376,jev-1.13.0
23922066,wrong_amount__C,wrong_amount,C,0.05,success,200,,1,291,7479,2668,376,jev-1.13.0
23922066,credit_damage_threat__A,credit_damage_threat,A,0.14,success,200,,1,291,7479,2668,376,jev-1.13.0
23922066,credit_damage_threat__B,credit_damage_threat,B,0.9,success,200,,1,291,7479,2668,376,jev-1.13.0
23922066,credit_damage_threat__C,credit_damage_threat,C,0.18,success,200,,1,291,7479,2668,376,jev-1.13.0
23922066,arrest_threat__A,arrest_threat,A,0.04,success,200,,1,291,7479,2668,376,jev-1.13.0
23922066,arrest_threat__B,arrest_threat,B,0.07,success,200,,1,291,7479,2668,376,jev-1.13.0
23922066,arrest_threat__C,arrest_threat,C,0.03,success,200,,1,291,7479,2668,376,jev-1.13.0
23922066,sued_no_notice__A,sued_no_notice,A,0.03,success,200,,1,291,7479,2668,376,jev-1.13.0
23922066,sued_no_notice__B,sued_no_notice,B,0.71,success,200,,1,291,7479,2668,376,jev-1.13.0
23922066,sued_no_notice__C,sued_no_notice,C,0.03,success,200,,1,291,7479,2668,376,jev-1.13.0
23926520,identity_theft__A,identity_theft,A,0.03,success,200,,1,295,4195,2965,376,jev-1.13.0
23926520,identity_theft__B,identity_theft,B,0.28,success,200,,1,295,4195,2965,376,jev-1.13.0
23926520,identity_theft__C,identity_theft,C,0.03,success,200,,1,295,4195,2965,376,jev-1.13.0
23926520,insufficient_validation__A,insufficient_validation,A,0.66,success,200,,1,295,4195,2965,376,jev-1.13.0
23926520,insufficient_validation__B,insufficient_validation,B,0.86,success,200,,1,295,4195,2965,376,jev-1.13.0
23926520,insufficient_validation__C,insufficient_validation,C,0.9,success,200,,1,295,4195,2965,376,jev-1.13.0
23926520,wrong_amount__A,wrong_amount,A,0.63,success,200,,1,295,4195,2965,376,jev-1.13.0
23926520,wrong_amount__B,wrong_amount,B,0.94,success,200,,1,295,4195,2965,376,jev-1.13.0
23926520,wrong_amount__C,wrong_amount,C,0.61,success,200,,1,295,4195,2965,376,jev-1.13.0
23926520,credit_damage_threat__A,credit_damage_threat,A,0.04,success,200,,1,295,4195,2965,376,jev-1.13.0
23926520,credit_damage_threat__B,credit_damage_threat,B,0.08,success,200,,1,295,4195,2965,376,jev-1.13.0
23926520,credit_damage_threat__C,credit_damage_threat,C,0.04,success,200,,1,295,4195,2965,376,jev-1.13.0
23926520,arrest_threat__A,arrest_threat,A,0.03,success,200,,1,295,4195,2965,376,jev-1.13.0
23926520,arrest_threat__B,arrest_threat,B,0.03,success,200,,1,295,4195,2965,376,jev-1.13.0
23926520,arrest_threat__C,arrest_threat,C,0.02,success,200,,1,295,4195,2965,376,jev-1.13.0
23926520,sued_no_notice__A,sued_no_notice,A,0.03,success,200,,1,295,4195,2965,376,jev-1.13.0
23926520,sued_no_notice__B,sued_no_notice,B,0.44,success,200,,1,295,4195,2965,376,jev-1.13.0
23926520,sued_no_notice__C,sued_no_notice,C,0.02,success,200,,1,295,4195,2965,376,jev-1.13.0
23927087,identity_theft__A,identity_theft,A,0.02,success,200,,1,303,9825,2743,376,jev-1.13.0
23927087,identity_theft__B,identity_theft,B,0.95,success,200,,1,303,9825,2743,376,jev-1.13.0
23927087,identity_theft__C,identity_theft,C,0.03,success,200,,1,303,9825,2743,376,jev-1.13.0
23927087,insufficient_validation__A,insufficient_validation,A,0.04,success,200,,1,303,9825,2743,376,jev-1.13.0
23927087,insufficient_validation__B,insufficient_validation,B,0.47,success,200,,1,303,9825,2743,376,jev-1.13.0
23927087,insufficient_validation__C,insufficient_validation,C,0.43,success,200,,1,303,9825,2743,376,jev-1.13.0
23927087,wrong_amount__A,wrong_amount,A,0.11,success,200,,1,303,9825,2743,376,jev-1.13.0
23927087,wrong_amount__B,wrong_amount,B,0.98,success,200,,1,303,9825,2743,376,jev-1.13.0
23927087,wrong_amount__C,wrong_amount,C,0.55,success,200,,1,303,9825,2743,376,jev-1.13.0
23927087,credit_damage_threat__A,credit_damage_threat,A,0.04,success,200,,1,303,9825,2743,376,jev-1.13.0
23927087,credit_damage_threat__B,credit_damage_threat,B,0.05,success,200,,1,303,9825,2743,376,jev-1.13.0
23927087,credit_damage_threat__C,credit_damage_threat,C,0.04,success,200,,1,303,9825,2743,376,jev-1.13.0
23927087,arrest_threat__A,arrest_threat,A,0.03,success,200,,1,303,9825,2743,376,jev-1.13.0
23927087,arrest_threat__B,arrest_threat,B,0.03,success,200,,1,303,9825,2743,376,jev-1.13.0
23927087,arrest_threat__C,arrest_threat,C,0.02,success,200,,1,303,9825,2743,376,jev-1.13.0
23927087,sued_no_notice__A,sued_no_notice,A,0.03,success,200,,1,303,9825,2743,376,jev-1.13.0
23927087,sued_no_notice__B,sued_no_notice,B,0.22,success,200,,1,303,9825,2743,376,jev-1.13.0
23927087,sued_no_notice__C,sued_no_notice,C,0.03,success,200,,1,303,9825,2743,376,jev-1.13.0
23928612,identity_theft__A,identity_theft,A,0.99,success,200,,1,392,3116,3168,376,jev-1.13.0
23928612,identity_theft__B,identity_theft,B,0.99,success,200,,1,392,3116,3168,376,jev-1.13.0
23928612,identity_theft__C,identity_theft,C,0.99,success,200,,1,392,3116,3168,376,jev-1.13.0
23928612,insufficient_validation__A,insufficient_validation,A,0.03,success,200,,1,392,3116,3168,376,jev-1.13.0
23928612,insufficient_validation__B,insufficient_validation,B,0.14,success,200,,1,392,3116,3168,376,jev-1.13.0
23928612,insufficient_validation__C,insufficient_validation,C,0.08,success,200,,1,392,3116,3168,376,jev-1.13.0
23928612,wrong_amount__A,wrong_amount,A,0.06,success,200,,1,392,3116,3168,376,jev-1.13.0
23928612,wrong_amount__B,wrong_amount,B,0.43,success,200,,1,392,3116,3168,376,jev-1.13.0
23928612,wrong_amount__C,wrong_amount,C,0.04,success,200,,1,392,3116,3168,376,jev-1.13.0
23928612,credit_damage_threat__A,credit_damage_threat,A,0.04,success,200,,1,392,3116,3168,376,jev-1.13.0
23928612,credit_damage_threat__B,credit_damage_threat,B,0.06,success,200,,1,392,3116,3168,376,jev-1.13.0
23928612,credit_damage_threat__C,credit_damage_threat,C,0.04,success,200,,1,392,3116,3168,376,jev-1.13.0
23928612,arrest_threat__A,arrest_threat,A,0.04,success,200,,1,392,3116,3168,376,jev-1.13.0
23928612,arrest_threat__B,arrest_threat,B,0.05,success,200,,1,392,3116,3168,376,jev-1.13.0
23928612,arrest_threat__C,arrest_threat,C,0.02,success,200,,1,392,3116,3168,376,jev-1.13.0
23928612,sued_no_notice__A,sued_no_notice,A,0.61,success,200,,1,392,3116,3168,376,jev-1.13.0
23928612,sued_no_notice__B,sued_no_notice,B,0.99,success,200,,1,392,3116,3168,376,jev-1.13.0
23928612,sued_no_notice__C,sued_no_notice,C,0.96,success,200,,1,392,3116,3168,376,jev-1.13.0
23929675,identity_theft__A,identity_theft,A,0.03,success,200,,1,284,2255,2905,376,jev-1.13.0
23929675,identity_theft__B,identity_theft,B,0.64,success,200,,1,284,2255,2905,376,jev-1.13.0
23929675,identity_theft__C,identity_theft,C,0.03,success,200,,1,284,2255,2905,376,jev-1.13.0
23929675,insufficient_validation__A,insufficient_validation,A,0.32,success,200,,1,284,2255,2905,376,jev-1.13.0
23929675,insufficient_validation__B,insufficient_validation,B,0.99,success,200,,1,284,2255,2905,376,jev-1.13.0
23929675,insufficient_validation__C,insufficient_validation,C,0.79,success,200,,1,284,2255,2905,376,jev-1.13.0
23929675,wrong_amount__A,wrong_amount,A,0.07,success,200,,1,284,2255,2905,376,jev-1.13.0
23929675,wrong_amount__B,wrong_amount,B,0.91,success,200,,1,284,2255,2905,376,jev-1.13.0
23929675,wrong_amount__C,wrong_amount,C,0.08,success,200,,1,284,2255,2905,376,jev-1.13.0
23929675,credit_damage_threat__A,credit_damage_threat,A,0.05,success,200,,1,284,2255,2905,376,jev-1.13.0
23929675,credit_damage_threat__B,credit_damage_threat,B,0.85,success,200,,1,284,2255,2905,376,jev-1.13.0
23929675,credit_damage_threat__C,credit_damage_threat,C,0.03,success,200,,1,284,2255,2905,376,jev-1.13.0
23929675,arrest_threat__A,arrest_threat,A,0.02,success,200,,1,284,2255,2905,376,jev-1.13.0
23929675,arrest_threat__B,arrest_threat,B,0.02,success,200,,1,284,2255,2905,376,jev-1.13.0
23929675,arrest_threat__C,arrest_threat,C,0.01,success,200,,1,284,2255,2905,376,jev-1.13.0
23929675,sued_no_notice__A,sued_no_notice,A,0.03,success,200,,1,284,2255,2905,376,jev-1.13.0
23929675,sued_no_notice__B,sued_no_notice,B,0.05,success,200,,1,284,2255,2905,376,jev-1.13.0
23929675,sued_no_notice__C,sued_no_notice,C,0.01,success,200,,1,284,2255,2905,376,jev-1.13.0
23930429,identity_theft__A,identity_theft,A,0.02,success,200,,1,306,8757,2674,376,jev-1.13.0
23930429,identity_theft__B,identity_theft,B,0.89,success,200,,1,306,8757,2674,376,jev-1.13.0
23930429,identity_theft__C,identity_theft,C,0.04,success,200,,1,306,8757,2674,376,jev-1.13.0
23930429,insufficient_validation__A,insufficient_validation,A,0.04,success,200,,1,306,8757,2674,376,jev-1.13.0
23930429,insufficient_validation__B,insufficient_validation,B,0.66,success,200,,1,306,8757,2674,376,jev-1.13.0
23930429,insufficient_validation__C,insufficient_validation,C,0.37,success,200,,1,306,8757,2674,376,jev-1.13.0
23930429,wrong_amount__A,wrong_amount,A,0.27,success,200,,1,306,8757,2674,376,jev-1.13.0
23930429,wrong_amount__B,wrong_amount,B,0.98,success,200,,1,306,8757,2674,376,jev-1.13.0
23930429,wrong_amount__C,wrong_amount,C,0.85,success,200,,1,306,8757,2674,376,jev-1.13.0
23930429,credit_damage_threat__A,credit_damage_threat,A,0.04,success,200,,1,306,8757,2674,376,jev-1.13.0
23930429,credit_damage_threat__B,credit_damage_threat,B,0.05,success,200,,1,306,8757,2674,376,jev-1.13.0
23930429,credit_damage_threat__C,credit_damage_threat,C,0.03,success,200,,1,306,8757,2674,376,jev-1.13.0
23930429,arrest_threat__A,arrest_threat,A,0.03,success,200,,1,306,8757,2674,376,jev-1.13.0
23930429,arrest_threat__B,arrest_threat,B,0.02,success,200,,1,306,8757,2674,376,jev-1.13.0
23930429,arrest_threat__C,arrest_threat,C,0.02,success,200,,1,306,8757,2674,376,jev-1.13.0
23930429,sued_no_notice__A,sued_no_notice,A,0.03,success,200,,1,306,8757,2674,376,jev-1.13.0
23930429,sued_no_notice__B,sued_no_notice,B,0.04,success,200,,1,306,8757,2674,376,jev-1.13.0
23930429,sued_no_notice__C,sued_no_notice,C,0.02,success,200,,1,306,8757,2674,376,jev-1.13.0
23931324,identity_theft__A,identity_theft,A,0.02,success,200,,1,320,8452,2656,376,jev-1.13.0
23931324,identity_theft__B,identity_theft,B,0.58,success,200,,1,320,8452,2656,376,jev-1.13.0
23931324,identity_theft__C,identity_theft,C,0.02,success,200,,1,320,8452,2656,376,jev-1.13.0
23931324,insufficient_validation__A,insufficient_validation,A,0.06,success,200,,1,320,8452,2656,376,jev-1.13.0
23931324,insufficient_validation__B,insufficient_validation,B,0.95,success,200,,1,320,8452,2656,376,jev-1.13.0
23931324,insufficient_validation__C,insufficient_validation,C,0.83,success,200,,1,320,8452,2656,376,jev-1.13.0
23931324,wrong_amount__A,wrong_amount,A,0.79,success,200,,1,320,8452,2656,376,jev-1.13.0
23931324,wrong_amount__B,wrong_amount,B,0.96,success,200,,1,320,8452,2656,376,jev-1.13.0
23931324,wrong_amount__C,wrong_amount,C,0.68,success,200,,1,320,8452,2656,376,jev-1.13.0
23931324,credit_damage_threat__A,credit_damage_threat,A,0.1,success,200,,1,320,8452,2656,376,jev-1.13.0
23931324,credit_damage_threat__B,credit_damage_threat,B,0.94,success,200,,1,320,8452,2656,376,jev-1.13.0
23931324,credit_damage_threat__C,credit_damage_threat,C,0.21,success,200,,1,320,8452,2656,376,jev-1.13.0
23931324,arrest_threat__A,arrest_threat,A,0.03,success,200,,1,320,8452,2656,376,jev-1.13.0
23931324,arrest_threat__B,arrest_threat,B,0.03,success,200,,1,320,8452,2656,376,jev-1.13.0
23931324,arrest_threat__C,arrest_threat,C,0.02,success,200,,1,320,8452,2656,376,jev-1.13.0
23931324,sued_no_notice__A,sued_no_notice,A,0.02,success,200,,1,320,8452,2656,376,jev-1.13.0
23931324,sued_no_notice__B,sued_no_notice,B,0.08,success,200,,1,320,8452,2656,376,jev-1.13.0
23931324,sued_no_notice__C,sued_no_notice,C,0.03,success,200,,1,320,8452,2656,376,jev-1.13.0
23935113,identity_theft__A,identity_theft,A,0.02,success,200,,1,318,3018,2765,376,jev-1.13.0
23935113,identity_theft__B,identity_theft,B,0.06,success,200,,1,318,3018,2765,376,jev-1.13.0
23935113,identity_theft__C,identity_theft,C,0.02,success,200,,1,318,3018,2765,376,jev-1.13.0
23935113,insufficient_validation__A,insufficient_validation,A,0.03,success,200,,1,318,3018,2765,376,jev-1.13.0
23935113,insufficient_validation__B,insufficient_validation,B,0.57,success,200,,1,318,3018,2765,376,jev-1.13.0
23935113,insufficient_validation__C,insufficient_validation,C,0.23,success,200,,1,318,3018,2765,376,jev-1.13.0
23935113,wrong_amount__A,wrong_amount,A,0.03,success,200,,1,318,3018,2765,376,jev-1.13.0
23935113,wrong_amount__B,wrong_amount,B,0.1,success,200,,1,318,3018,2765,376,jev-1.13.0
23935113,wrong_amount__C,wrong_amount,C,0.05,success,200,,1,318,3018,2765,376,jev-1.13.0
23935113,credit_damage_threat__A,credit_damage_threat,A,0.04,success,200,,1,318,3018,2765,376,jev-1.13.0
23935113,credit_damage_threat__B,credit_damage_threat,B,0.04,success,200,,1,318,3018,2765,376,jev-1.13.0
23935113,credit_damage_threat__C,credit_damage_threat,C,0.04,success,200,,1,318,3018,2765,376,jev-1.13.0
23935113,arrest_threat__A,arrest_threat,A,0.03,success,200,,1,318,3018,2765,376,jev-1.13.0
23935113,arrest_threat__B,arrest_threat,B,0.07,success,200,,1,318,3018,2765,376,jev-1.13.0
23935113,arrest_threat__C,arrest_threat,C,0.02,success,200,,1,318,3018,2765,376,jev-1.13.0
23935113,sued_no_notice__A,sued_no_notice,A,0.06,success,200,,1,318,3018,2765,376,jev-1.13.0
23935113,sued_no_notice__B,sued_no_notice,B,0.99,success,200,,1,318,3018,2765,376,jev-1.13.0
23935113,sued_no_notice__C,sued_no_notice,C,0.58,success,200,,1,318,3018,2765,376,jev-1.13.0
23940087,identity_theft__A,identity_theft,A,0.02,success,200,,1,301,9636,2826,376,jev-1.13.0
23940087,identity_theft__B,identity_theft,B,0.73,success,200,,1,301,9636,2826,376,jev-1.13.0
23940087,identity_theft__C,identity_theft,C,0.03,success,200,,1,301,9636,2826,376,jev-1.13.0
23940087,insufficient_validation__A,insufficient_validation,A,0.03,success,200,,1,301,9636,2826,376,jev-1.13.0
23940087,insufficient_validation__B,insufficient_validation,B,0.53,success,200,,1,301,9636,2826,376,jev-1.13.0
23940087,insufficient_validation__C,insufficient_validation,C,0.11,success,200,,1,301,9636,2826,376,jev-1.13.0
23940087,wrong_amount__A,wrong_amount,A,0.19,success,200,,1,301,9636,2826,376,jev-1.13.0
23940087,wrong_amount__B,wrong_amount,B,0.98,success,200,,1,301,9636,2826,376,jev-1.13.0
23940087,wrong_amount__C,wrong_amount,C,0.63,success,200,,1,301,9636,2826,376,jev-1.13.0
23940087,credit_damage_threat__A,credit_damage_threat,A,0.04,success,200,,1,301,9636,2826,376,jev-1.13.0
23940087,credit_damage_threat__B,credit_damage_threat,B,0.05,success,200,,1,301,9636,2826,376,jev-1.13.0
23940087,credit_damage_threat__C,credit_damage_threat,C,0.04,success,200,,1,301,9636,2826,376,jev-1.13.0
23940087,arrest_threat__A,arrest_threat,A,0.04,success,200,,1,301,9636,2826,376,jev-1.13.0
23940087,arrest_threat__B,arrest_threat,B,0.02,success,200,,1,301,9636,2826,376,jev-1.13.0
23940087,arrest_threat__C,arrest_threat,C,0.02,success,200,,1,301,9636,2826,376,jev-1.13.0
23940087,sued_no_notice__A,sued_no_notice,A,0.03,success,200,,1,301,9636,2826,376,jev-1.13.0
23940087,sued_no_notice__B,sued_no_notice,B,0.06,success,200,,1,301,9636,2826,376,jev-1.13.0
23940087,sued_no_notice__C,sued_no_notice,C,0.02,success,200,,1,301,9636,2826,376,jev-1.13.0
23946671,identity_theft__A,identity_theft,A,0.03,success,200,,1,298,8292,2910,376,jev-1.13.0
23946671,identity_theft__B,identity_theft,B,0.29,success,200,,1,298,8292,2910,376,jev-1.13.0
23946671,identity_theft__C,identity_theft,C,0.03,success,200,,1,298,8292,2910,376,jev-1.13.0
23946671,insufficient_validation__A,insufficient_validation,A,0.72,success,200,,1,298,8292,2910,376,jev-1.13.0
23946671,insufficient_validation__B,insufficient_validation,B,0.98,success,200,,1,298,8292,2910,376,jev-1.13.0
23946671,insufficient_validation__C,insufficient_validation,C,0.95,success,200,,1,298,8292,2910,376,jev-1.13.0
23946671,wrong_amount__A,wrong_amount,A,0.04,success,200,,1,298,8292,2910,376,jev-1.13.0
23946671,wrong_amount__B,wrong_amount,B,0.53,success,200,,1,298,8292,2910,376,jev-1.13.0
23946671,wrong_amount__C,wrong_amount,C,0.07,success,200,,1,298,8292,2910,376,jev-1.13.0
23946671,credit_damage_threat__A,credit_damage_threat,A,0.04,success,200,,1,298,8292,2910,376,jev-1.13.0
23946671,credit_damage_threat__B,credit_damage_threat,B,0.05,success,200,,1,298,8292,2910,376,jev-1.13.0
23946671,credit_damage_threat__C,credit_damage_threat,C,0.02,success,200,,1,298,8292,2910,376,jev-1.13.0
23946671,arrest_threat__A,arrest_threat,A,0.03,success,200,,1,298,8292,2910,376,jev-1.13.0
23946671,arrest_threat__B,arrest_threat,B,0.02,success,200,,1,298,8292,2910,376,jev-1.13.0
23946671,arrest_threat__C,arrest_threat,C,0.02,success,200,,1,298,8292,2910,376,jev-1.13.0
23946671,sued_no_notice__A,sued_no_notice,A,0.03,success,200,,1,298,8292,2910,376,jev-1.13.0
23946671,sued_no_notice__B,sued_no_notice,B,0.25,success,200,,1,298,8292,2910,376,jev-1.13.0
23946671,sued_no_notice__C,sued_no_notice,C,0.02,success,200,,1,298,8292,2910,376,jev-1.13.0
23947963,identity_theft__A,identity_theft,A,0.03,success,200,,1,323,4947,2662,376,jev-1.13.0
23947963,identity_theft__B,identity_theft,B,0.46,success,200,,1,323,4947,2662,376,jev-1.13.0
23947963,identity_theft__C,identity_theft,C,0.03,success,200,,1,323,4947,2662,376,jev-1.13.0
23947963,insufficient_validation__A,insufficient_validation,A,0.1,success,200,,1,323,4947,2662,376,jev-1.13.0
23947963,insufficient_validation__B,insufficient_validation,B,0.98,success,200,,1,323,4947,2662,376,jev-1.13.0
23947963,insufficient_validation__C,insufficient_validation,C,0.31,success,200,,1,323,4947,2662,376,jev-1.13.0
23947963,wrong_amount__A,wrong_amount,A,0.04,success,200,,1,323,4947,2662,376,jev-1.13.0
23947963,wrong_amount__B,wrong_amount,B,0.54,success,200,,1,323,4947,2662,376,jev-1.13.0
23947963,wrong_amount__C,wrong_amount,C,0.04,success,200,,1,323,4947,2662,376,jev-1.13.0
23947963,credit_damage_threat__A,credit_damage_threat,A,0.05,success,200,,1,323,4947,2662,376,jev-1.13.0
23947963,credit_damage_threat__B,credit_damage_threat,B,0.81,success,200,,1,323,4947,2662,376,jev-1.13.0
23947963,credit_damage_threat__C,credit_damage_threat,C,0.04,success,200,,1,323,4947,2662,376,jev-1.13.0
23947963,arrest_threat__A,arrest_threat,A,0.03,success,200,,1,323,4947,2662,376,jev-1.13.0
23947963,arrest_threat__B,arrest_threat,B,0.02,success,200,,1,323,4947,2662,376,jev-1.13.0
23947963,arrest_threat__C,arrest_threat,C,0.01,success,200,,1,323,4947,2662,376,jev-1.13.0
23947963,sued_no_notice__A,sued_no_notice,A,0.02,success,200,,1,323,4947,2662,376,jev-1.13.0
23947963,sued_no_notice__B,sued_no_notice,B,0.14,success,200,,1,323,4947,2662,376,jev-1.13.0
23947963,sued_no_notice__C,sued_no_notice,C,0.01,success,200,,1,323,4947,2662,376,jev-1.13.0
23952121,identity_theft__A,identity_theft,A,0.93,success,200,,1,278,4205,2760,376,jev-1.13.0
23952121,identity_theft__B,identity_theft,B,0.99,success,200,,1,278,4205,2760,376,jev-1.13.0
23952121,identity_theft__C,identity_theft,C,0.97,success,200,,1,278,4205,2760,376,jev-1.13.0
23952121,insufficient_validation__A,insufficient_validation,A,0.08,success,200,,1,278,4205,2760,376,jev-1.13.0
23952121,insufficient_validation__B,insufficient_validation,B,0.46,success,200,,1,278,4205,2760,376,jev-1.13.0
23952121,insufficient_validation__C,insufficient_validation,C,0.54,success,200,,1,278,4205,2760,376,jev-1.13.0
23952121,wrong_amount__A,wrong_amount,A,0.06,success,200,,1,278,4205,2760,376,jev-1.13.0
23952121,wrong_amount__B,wrong_amount,B,0.83,success,200,,1,278,4205,2760,376,jev-1.13.0
23952121,wrong_amount__C,wrong_amount,C,0.11,success,200,,1,278,4205,2760,376,jev-1.13.0
23952121,credit_damage_threat__A,credit_damage_threat,A,0.04,success,200,,1,278,4205,2760,376,jev-1.13.0
23952121,credit_damage_threat__B,credit_damage_threat,B,0.9,success,200,,1,278,4205,2760,376,jev-1.13.0
23952121,credit_damage_threat__C,credit_damage_threat,C,0.04,success,200,,1,278,4205,2760,376,jev-1.13.0
23952121,arrest_threat__A,arrest_threat,A,0.07,success,200,,1,278,4205,2760,376,jev-1.13.0
23952121,arrest_threat__B,arrest_threat,B,0.96,success,200,,1,278,4205,2760,376,jev-1.13.0
23952121,arrest_threat__C,arrest_threat,C,0.83,success,200,,1,278,4205,2760,376,jev-1.13.0
23952121,sued_no_notice__A,sued_no_notice,A,0.02,success,200,,1,278,4205,2760,376,jev-1.13.0
23952121,sued_no_notice__B,sued_no_notice,B,0.07,success,200,,1,278,4205,2760,376,jev-1.13.0
23952121,sued_no_notice__C,sued_no_notice,C,0.02,success,200,,1,278,4205,2760,376,jev-1.13.0
23953942,identity_theft__A,identity_theft,A,0.02,success,200,,1,287,8483,2621,376,jev-1.13.0
23953942,identity_theft__B,identity_theft,B,0.45,success,200,,1,287,8483,2621,376,jev-1.13.0
23953942,identity_theft__C,identity_theft,C,0.02,success,200,,1,287,8483,2621,376,jev-1.13.0
23953942,insufficient_validation__A,insufficient_validation,A,0.02,success,200,,1,287,8483,2621,376,jev-1.13.0
23953942,insufficient_validation__B,insufficient_validation,B,0.06,success,200,,1,287,8483,2621,376,jev-1.13.0
23953942,insufficient_validation__C,insufficient_validation,C,0.1,success,200,,1,287,8483,2621,376,jev-1.13.0
23953942,wrong_amount__A,wrong_amount,A,0.14,success,200,,1,287,8483,2621,376,jev-1.13.0
23953942,wrong_amount__B,wrong_amount,B,0.91,success,200,,1,287,8483,2621,376,jev-1.13.0
23953942,wrong_amount__C,wrong_amount,C,0.9,success,200,,1,287,8483,2621,376,jev-1.13.0
23953942,credit_damage_threat__A,credit_damage_threat,A,0.03,success,200,,1,287,8483,2621,376,jev-1.13.0
23953942,credit_damage_threat__B,credit_damage_threat,B,0.03,success,200,,1,287,8483,2621,376,jev-1.13.0
23953942,credit_damage_threat__C,credit_damage_threat,C,0.03,success,200,,1,287,8483,2621,376,jev-1.13.0
23953942,arrest_threat__A,arrest_threat,A,0.03,success,200,,1,287,8483,2621,376,jev-1.13.0
23953942,arrest_threat__B,arrest_threat,B,0.02,success,200,,1,287,8483,2621,376,jev-1.13.0
23953942,arrest_threat__C,arrest_threat,C,0.02,success,200,,1,287,8483,2621,376,jev-1.13.0
23953942,sued_no_notice__A,sued_no_notice,A,0.02,success,200,,1,287,8483,2621,376,jev-1.13.0
23953942,sued_no_notice__B,sued_no_notice,B,0.04,success,200,,1,287,8483,2621,376,jev-1.13.0
23953942,sued_no_notice__C,sued_no_notice,C,0.02,success,200,,1,287,8483,2621,376,jev-1.13.0
23957118,identity_theft__A,identity_theft,A,0.03,success,200,,1,325,1857,2856,376,jev-1.13.0
23957118,identity_theft__B,identity_theft,B,0.64,success,200,,1,325,1857,2856,376,jev-1.13.0
23957118,identity_theft__C,identity_theft,C,0.04,success,200,,1,325,1857,2856,376,jev-1.13.0
23957118,insufficient_validation__A,insufficient_validation,A,0.97,success,200,,1,325,1857,2856,376,jev-1.13.0
23957118,insufficient_validation__B,insufficient_validation,B,0.99,success,200,,1,325,1857,2856,376,jev-1.13.0
23957118,insufficient_validation__C,insufficient_validation,C,0.96,success,200,,1,325,1857,2856,376,jev-1.13.0
23957118,wrong_amount__A,wrong_amount,A,0.05,success,200,,1,325,1857,2856,376,jev-1.13.0
23957118,wrong_amount__B,wrong_amount,B,0.53,success,200,,1,325,1857,2856,376,jev-1.13.0
23957118,wrong_amount__C,wrong_amount,C,0.05,success,200,,1,325,1857,2856,376,jev-1.13.0
23957118,credit_damage_threat__A,credit_damage_threat,A,0.05,success,200,,1,325,1857,2856,376,jev-1.13.0
23957118,credit_damage_threat__B,credit_damage_threat,B,0.04,success,200,,1,325,1857,2856,376,jev-1.13.0
23957118,credit_damage_threat__C,credit_damage_threat,C,0.04,success,200,,1,325,1857,2856,376,jev-1.13.0
23957118,arrest_threat__A,arrest_threat,A,0.04,success,200,,1,325,1857,2856,376,jev-1.13.0
23957118,arrest_threat__B,arrest_threat,B,0.47,success,200,,1,325,1857,2856,376,jev-1.13.0
23957118,arrest_threat__C,arrest_threat,C,0.05,success,200,,1,325,1857,2856,376,jev-1.13.0
23957118,sued_no_notice__A,sued_no_notice,A,0.03,success,200,,1,325,1857,2856,376,jev-1.13.0
23957118,sued_no_notice__B,sued_no_notice,B,0.07,success,200,,1,325,1857,2856,376,jev-1.13.0
23957118,sued_no_notice__C,sued_no_notice,C,0.02,success,200,,1,325,1857,2856,376,jev-1.13.0
23957216,identity_theft__A,identity_theft,A,0.9,success,200,,1,323,7805,2696,376,jev-1.13.0
23957216,identity_theft__B,identity_theft,B,0.95,success,200,,1,323,7805,2696,376,jev-1.13.0
23957216,identity_theft__C,identity_theft,C,0.94,success,200,,1,323,7805,2696,376,jev-1.13.0
23957216,insufficient_validation__A,insufficient_validation,A,0.03,success,200,,1,323,7805,2696,376,jev-1.13.0
23957216,insufficient_validation__B,insufficient_validation,B,0.16,success,200,,1,323,7805,2696,376,jev-1.13.0
23957216,insufficient_validation__C,insufficient_validation,C,0.18,success,200,,1,323,7805,2696,376,jev-1.13.0
23957216,wrong_amount__A,wrong_amount,A,0.05,success,200,,1,323,7805,2696,376,jev-1.13.0
23957216,wrong_amount__B,wrong_amount,B,0.48,success,200,,1,323,7805,2696,376,jev-1.13.0
23957216,wrong_amount__C,wrong_amount,C,0.05,success,200,,1,323,7805,2696,376,jev-1.13.0
23957216,credit_damage_threat__A,credit_damage_threat,A,0.05,success,200,,1,323,7805,2696,376,jev-1.13.0
23957216,credit_damage_threat__B,credit_damage_threat,B,0.05,success,200,,1,323,7805,2696,376,jev-1.13.0
23957216,credit_damage_threat__C,credit_damage_threat,C,0.04,success,200,,1,323,7805,2696,376,jev-1.13.0
23957216,arrest_threat__A,arrest_threat,A,0.04,success,200,,1,323,7805,2696,376,jev-1.13.0
23957216,arrest_threat__B,arrest_threat,B,0.06,success,200,,1,323,7805,2696,376,jev-1.13.0
23957216,arrest_threat__C,arrest_threat,C,0.03,success,200,,1,323,7805,2696,376,jev-1.13.0
23957216,sued_no_notice__A,sued_no_notice,A,0.03,success,200,,1,323,7805,2696,376,jev-1.13.0
23957216,sued_no_notice__B,sued_no_notice,B,0.08,success,200,,1,323,7805,2696,376,jev-1.13.0
23957216,sued_no_notice__C,sued_no_notice,C,0.03,success,200,,1,323,7805,2696,376,jev-1.13.0
23963537,identity_theft__A,identity_theft,A,0.03,success,200,,1,265,9838,2639,376,jev-1.13.0
23963537,identity_theft__B,identity_theft,B,0.44,success,200,,1,265,9838,2639,376,jev-1.13.0
23963537,identity_theft__C,identity_theft,C,0.05,success,200,,1,265,9838,2639,376,jev-1.13.0
23963537,insufficient_validation__A,insufficient_validation,A,0.12,success,200,,1,265,9838,2639,376,jev-1.13.0
23963537,insufficient_validation__B,insufficient_validation,B,0.72,success,200,,1,265,9838,2639,376,jev-1.13.0
23963537,insufficient_validation__C,insufficient_validation,C,0.48,success,200,,1,265,9838,2639,376,jev-1.13.0
23963537,wrong_amount__A,wrong_amount,A,0.52,success,200,,1,265,9838,2639,376,jev-1.13.0
23963537,wrong_amount__B,wrong_amount,B,0.97,success,200,,1,265,9838,2639,376,jev-1.13.0
23963537,wrong_amount__C,wrong_amount,C,0.88,success,200,,1,265,9838,2639,376,jev-1.13.0
23963537,credit_damage_threat__A,credit_damage_threat,A,0.08,success,200,,1,265,9838,2639,376,jev-1.13.0
23963537,credit_damage_threat__B,credit_damage_threat,B,0.98,success,200,,1,265,9838,2639,376,jev-1.13.0
23963537,credit_damage_threat__C,credit_damage_threat,C,0.07,success,200,,1,265,9838,2639,376,jev-1.13.0
23963537,arrest_threat__A,arrest_threat,A,0.03,success,200,,1,265,9838,2639,376,jev-1.13.0
23963537,arrest_threat__B,arrest_threat,B,0.02,success,200,,1,265,9838,2639,376,jev-1.13.0
23963537,arrest_threat__C,arrest_threat,C,0.01,success,200,,1,265,9838,2639,376,jev-1.13.0
23963537,sued_no_notice__A,sued_no_notice,A,0.02,success,200,,1,265,9838,2639,376,jev-1.13.0
23963537,sued_no_notice__B,sued_no_notice,B,0.05,success,200,,1,265,9838,2639,376,jev-1.13.0
23963537,sued_no_notice__C,sued_no_notice,C,0.02,success,200,,1,265,9838,2639,376,jev-1.13.0
23963553,identity_theft__A,identity_theft,A,0.58,success,200,,1,280,4818,2739,376,jev-1.13.0
23963553,identity_theft__B,identity_theft,B,0.99,success,200,,1,280,4818,2739,376,jev-1.13.0
23963553,identity_theft__C,identity_theft,C,0.95,success,200,,1,280,4818,2739,376,jev-1.13.0
23963553,insufficient_validation__A,insufficient_validation,A,0.56,success,200,,1,280,4818,2739,376,jev-1.13.0
23963553,insufficient_validation__B,insufficient_validation,B,0.99,success,200,,1,280,4818,2739,376,jev-1.13.0
23963553,insufficient_validation__C,insufficient_validation,C,0.94,success,200,,1,280,4818,2739,376,jev-1.13.0
23963553,wrong_amount__A,wrong_amount,A,0.04,success,200,,1,280,4818,2739,376,jev-1.13.0
23963553,wrong_amount__B,wrong_amount,B,0.21,success,200,,1,280,4818,2739,376,jev-1.13.0
23963553,wrong_amount__C,wrong_amount,C,0.03,success,200,,1,280,4818,2739,376,jev-1.13.0
23963553,credit_damage_threat__A,credit_damage_threat,A,0.04,success,200,,1,280,4818,2739,376,jev-1.13.0
23963553,credit_damage_threat__B,credit_damage_threat,B,0.88,success,200,,1,280,4818,2739,376,jev-1.13.0
23963553,credit_damage_threat__C,credit_damage_threat,C,0.02,success,200,,1,280,4818,2739,376,jev-1.13.0
23963553,arrest_threat__A,arrest_threat,A,0.03,success,200,,1,280,4818,2739,376,jev-1.13.0
23963553,arrest_threat__B,arrest_threat,B,0.03,success,200,,1,280,4818,2739,376,jev-1.13.0
23963553,arrest_threat__C,arrest_threat,C,0.02,success,200,,1,280,4818,2739,376,jev-1.13.0
23963553,sued_no_notice__A,sued_no_notice,A,0.03,success,200,,1,280,4818,2739,376,jev-1.13.0
23963553,sued_no_notice__B,sued_no_notice,B,0.05,success,200,,1,280,4818,2739,376,jev-1.13.0
23963553,sued_no_notice__C,sued_no_notice,C,0.01,success,200,,1,280,4818,2739,376,jev-1.13.0
23967275,identity_theft__A,identity_theft,A,0.02,success,200,,1,278,2471,2648,376,jev-1.13.0
23967275,identity_theft__B,identity_theft,B,0.16,success,200,,1,278,2471,2648,376,jev-1.13.0
23967275,identity_theft__C,identity_theft,C,0.02,success,200,,1,278,2471,2648,376,jev-1.13.0
23967275,insufficient_validation__A,insufficient_validation,A,0.02,success,200,,1,278,2471,2648,376,jev-1.13.0
23967275,insufficient_validation__B,insufficient_validation,B,0.06,success,200,,1,278,2471,2648,376,jev-1.13.0
23967275,insufficient_validation__C,insufficient_validation,C,0.16,success,200,,1,278,2471,2648,376,jev-1.13.0
23967275,wrong_amount__A,wrong_amount,A,0.3,success,200,,1,278,2471,2648,376,jev-1.13.0
23967275,wrong_amount__B,wrong_amount,B,0.18,success,200,,1,278,2471,2648,376,jev-1.13.0
23967275,wrong_amount__C,wrong_amount,C,0.72,success,200,,1,278,2471,2648,376,jev-1.13.0
23967275,credit_damage_threat__A,credit_damage_threat,A,0.03,success,200,,1,278,2471,2648,376,jev-1.13.0
23967275,credit_damage_threat__B,credit_damage_threat,B,0.04,success,200,,1,278,2471,2648,376,jev-1.13.0
23967275,credit_damage_threat__C,credit_damage_threat,C,0.02,success,200,,1,278,2471,2648,376,jev-1.13.0
23967275,arrest_threat__A,arrest_threat,A,0.02,success,200,,1,278,2471,2648,376,jev-1.13.0
23967275,arrest_threat__B,arrest_threat,B,0.02,success,200,,1,278,2471,2648,376,jev-1.13.0
23967275,arrest_threat__C,arrest_threat,C,0.01,success,200,,1,278,2471,2648,376,jev-1.13.0
23967275,sued_no_notice__A,sued_no_notice,A,0.02,success,200,,1,278,2471,2648,376,jev-1.13.0
23967275,sued_no_notice__B,sued_no_notice,B,0.12,success,200,,1,278,2471,2648,376,jev-1.13.0
23967275,sued_no_notice__C,sued_no_notice,C,0.02,success,200,,1,278,2471,2648,376,jev-1.13.0
23969431,identity_theft__A,identity_theft,A,0.03,success,200,,1,330,7932,2882,376,jev-1.13.0
23969431,identity_theft__B,identity_theft,B,0.98,success,200,,1,330,7932,2882,376,jev-1.13.0
23969431,identity_theft__C,identity_theft,C,0.1,success,200,,1,330,7932,2882,376,jev-1.13.0
23969431,insufficient_validation__A,insufficient_validation,A,0.03,success,200,,1,330,7932,2882,376,jev-1.13.0
23969431,insufficient_validation__B,insufficient_validation,B,0.4,success,200,,1,330,7932,2882,376,jev-1.13.0
23969431,insufficient_validation__C,insufficient_validation,C,0.06,success,200,,1,330,7932,2882,376,jev-1.13.0
23969431,wrong_amount__A,wrong_amount,A,0.08,success,200,,1,330,7932,2882,376,jev-1.13.0
23969431,wrong_amount__B,wrong_amount,B,0.59,success,200,,1,330,7932,2882,376,jev-1.13.0
23969431,wrong_amount__C,wrong_amount,C,0.04,success,200,,1,330,7932,2882,376,jev-1.13.0
23969431,credit_damage_threat__A,credit_damage_threat,A,0.04,success,200,,1,330,7932,2882,376,jev-1.13.0
23969431,credit_damage_threat__B,credit_damage_threat,B,0.91,success,200,,1,330,7932,2882,376,jev-1.13.0
23969431,credit_damage_threat__C,credit_damage_threat,C,0.02,success,200,,1,330,7932,2882,376,jev-1.13.0
23969431,arrest_threat__A,arrest_threat,A,0.03,success,200,,1,330,7932,2882,376,jev-1.13.0
23969431,arrest_threat__B,arrest_threat,B,0.03,success,200,,1,330,7932,2882,376,jev-1.13.0
23969431,arrest_threat__C,arrest_threat,C,0.02,success,200,,1,330,7932,2882,376,jev-1.13.0
23969431,sued_no_notice__A,sued_no_notice,A,0.03,success,200,,1,330,7932,2882,376,jev-1.13.0
23969431,sued_no_notice__B,sued_no_notice,B,0.06,success,200,,1,330,7932,2882,376,jev-1.13.0
23969431,sued_no_notice__C,sued_no_notice,C,0.01,success,200,,1,330,7932,2882,376,jev-1.13.0
23970296,identity_theft__A,identity_theft,A,0.02,success,200,,1,252,084,2729,376,jev-1.13.0
23970296,identity_theft__B,identity_theft,B,0.22,success,200,,1,252,084,2729,376,jev-1.13.0
23970296,identity_theft__C,identity_theft,C,0.03,success,200,,1,252,084,2729,376,jev-1.13.0
23970296,insufficient_validation__A,insufficient_validation,A,0.07,success,200,,1,252,084,2729,376,jev-1.13.0
23970296,insufficient_validation__B,insufficient_validation,B,0.99,success,200,,1,252,084,2729,376,jev-1.13.0
23970296,insufficient_validation__C,insufficient_validation,C,0.11,success,200,,1,252,084,2729,376,jev-1.13.0
23970296,wrong_amount__A,wrong_amount,A,0.04,success,200,,1,252,084,2729,376,jev-1.13.0
23970296,wrong_amount__B,wrong_amount,B,0.36,success,200,,1,252,084,2729,376,jev-1.13.0
23970296,wrong_amount__C,wrong_amount,C,0.05,success,200,,1,252,084,2729,376,jev-1.13.0
23970296,credit_damage_threat__A,credit_damage_threat,A,0.06,success,200,,1,252,084,2729,376,jev-1.13.0
23970296,credit_damage_threat__B,credit_damage_threat,B,0.78,success,200,,1,252,084,2729,376,jev-1.13.0
23970296,credit_damage_threat__C,credit_damage_threat,C,0.03,success,200,,1,252,084,2729,376,jev-1.13.0
23970296,arrest_threat__A,arrest_threat,A,0.03,success,200,,1,252,084,2729,376,jev-1.13.0
23970296,arrest_threat__B,arrest_threat,B,0.02,success,200,,1,252,084,2729,376,jev-1.13.0
23970296,arrest_threat__C,arrest_threat,C,0.01,success,200,,1,252,084,2729,376,jev-1.13.0
23970296,sued_no_notice__A,sued_no_notice,A,0.02,success,200,,1,252,084,2729,376,jev-1.13.0
23970296,sued_no_notice__B,sued_no_notice,B,0.05,success,200,,1,252,084,2729,376,jev-1.13.0
23970296,sued_no_notice__C,sued_no_notice,C,0.01,success,200,,1,252,084,2729,376,jev-1.13.0
23975992,identity_theft__A,identity_theft,A,0.02,success,200,,1,308,4867,2997,376,jev-1.13.0
23975992,identity_theft__B,identity_theft,B,0.52,success,200,,1,308,4867,2997,376,jev-1.13.0
23975992,identity_theft__C,identity_theft,C,0.02,success,200,,1,308,4867,2997,376,jev-1.13.0
23975992,insufficient_validation__A,insufficient_validation,A,0.03,success,200,,1,308,4867,2997,376,jev-1.13.0
23975992,insufficient_validation__B,insufficient_validation,B,0.15,success,200,,1,308,4867,2997,376,jev-1.13.0
23975992,insufficient_validation__C,insufficient_validation,C,0.14,success,200,,1,308,4867,2997,376,jev-1.13.0
23975992,wrong_amount__A,wrong_amount,A,0.84,success,200,,1,308,4867,2997,376,jev-1.13.0
23975992,wrong_amount__B,wrong_amount,B,0.99,success,200,,1,308,4867,2997,376,jev-1.13.0
23975992,wrong_amount__C,wrong_amount,C,0.98,success,200,,1,308,4867,2997,376,jev-1.13.0
23975992,credit_damage_threat__A,credit_damage_threat,A,0.04,success,200,,1,308,4867,2997,376,jev-1.13.0
23975992,credit_damage_threat__B,credit_damage_threat,B,0.05,success,200,,1,308,4867,2997,376,jev-1.13.0
23975992,credit_damage_threat__C,credit_damage_threat,C,0.03,success,200,,1,308,4867,2997,376,jev-1.13.0
23975992,arrest_threat__A,arrest_threat,A,0.03,success,200,,1,308,4867,2997,376,jev-1.13.0
23975992,arrest_threat__B,arrest_threat,B,0.03,success,200,,1,308,4867,2997,376,jev-1.13.0
23975992,arrest_threat__C,arrest_threat,C,0.02,success,200,,1,308,4867,2997,376,jev-1.13.0
23975992,sued_no_notice__A,sued_no_notice,A,0.03,success,200,,1,308,4867,2997,376,jev-1.13.0
23975992,sued_no_notice__B,sued_no_notice,B,0.08,success,200,,1,308,4867,2997,376,jev-1.13.0
23975992,sued_no_notice__C,sued_no_notice,C,0.02,success,200,,1,308,4867,2997,376,jev-1.13.0
23977545,identity_theft__A,identity_theft,A,0.93,success,200,,1,271,7872,2682,376,jev-1.13.0
23977545,identity_theft__B,identity_theft,B,0.98,success,200,,1,271,7872,2682,376,jev-1.13.0
23977545,identity_theft__C,identity_theft,C,0.97,success,200,,1,271,7872,2682,376,jev-1.13.0
23977545,insufficient_validation__A,insufficient_validation,A,0.03,success,200,,1,271,7872,2682,376,jev-1.13.0
23977545,insufficient_validation__B,insufficient_validation,B,0.4,success,200,,1,271,7872,2682,376,jev-1.13.0
23977545,insufficient_validation__C,insufficient_validation,C,0.58,success,200,,1,271,7872,2682,376,jev-1.13.0
23977545,wrong_amount__A,wrong_amount,A,0.14,success,200,,1,271,7872,2682,376,jev-1.13.0
23977545,wrong_amount__B,wrong_amount,B,0.86,success,200,,1,271,7872,2682,376,jev-1.13.0
23977545,wrong_amount__C,wrong_amount,C,0.05,success,200,,1,271,7872,2682,376,jev-1.13.0
23977545,credit_damage_threat__A,credit_damage_threat,A,0.04,success,200,,1,271,7872,2682,376,jev-1.13.0
23977545,credit_damage_threat__B,credit_damage_threat,B,0.97,success,200,,1,271,7872,2682,376,jev-1.13.0
23977545,credit_damage_threat__C,credit_damage_threat,C,0.04,success,200,,1,271,7872,2682,376,jev-1.13.0
23977545,arrest_threat__A,arrest_threat,A,0.03,success,200,,1,271,7872,2682,376,jev-1.13.0
23977545,arrest_threat__B,arrest_threat,B,0.03,success,200,,1,271,7872,2682,376,jev-1.13.0
23977545,arrest_threat__C,arrest_threat,C,0.02,success,200,,1,271,7872,2682,376,jev-1.13.0
23977545,sued_no_notice__A,sued_no_notice,A,0.03,success,200,,1,271,7872,2682,376,jev-1.13.0
23977545,sued_no_notice__B,sued_no_notice,B,0.05,success,200,,1,271,7872,2682,376,jev-1.13.0
23977545,sued_no_notice__C,sued_no_notice,C,0.02,success,200,,1,271,7872,2682,376,jev-1.13.0
23980035,identity_theft__A,identity_theft,A,0.1,success,200,,1,255,4142,2666,376,jev-1.13.0
23980035,identity_theft__B,identity_theft,B,0.99,success,200,,1,255,4142,2666,376,jev-1.13.0
23980035,identity_theft__C,identity_theft,C,0.99,success,200,,1,255,4142,2666,376,jev-1.13.0
23980035,insufficient_validation__A,insufficient_validation,A,0.03,success,200,,1,255,4142,2666,376,jev-1.13.0
23980035,insufficient_validation__B,insufficient_validation,B,0.09,success,200,,1,255,4142,2666,376,jev-1.13.0
23980035,insufficient_validation__C,insufficient_validation,C,0.05,success,200,,1,255,4142,2666,376,jev-1.13.0
23980035,wrong_amount__A,wrong_amount,A,0.04,success,200,,1,255,4142,2666,376,jev-1.13.0
23980035,wrong_amount__B,wrong_amount,B,0.53,success,200,,1,255,4142,2666,376,jev-1.13.0
23980035,wrong_amount__C,wrong_amount,C,0.03,success,200,,1,255,4142,2666,376,jev-1.13.0
23980035,credit_damage_threat__A,credit_damage_threat,A,0.03,success,200,,1,255,4142,2666,376,jev-1.13.0
23980035,credit_damage_threat__B,credit_damage_threat,B,0.49,success,200,,1,255,4142,2666,376,jev-1.13.0
23980035,credit_damage_threat__C,credit_damage_threat,C,0.02,success,200,,1,255,4142,2666,376,jev-1.13.0
23980035,arrest_threat__A,arrest_threat,A,0.03,success,200,,1,255,4142,2666,376,jev-1.13.0
23980035,arrest_threat__B,arrest_threat,B,0.02,success,200,,1,255,4142,2666,376,jev-1.13.0
23980035,arrest_threat__C,arrest_threat,C,0.01,success,200,,1,255,4142,2666,376,jev-1.13.0
23980035,sued_no_notice__A,sued_no_notice,A,0.02,success,200,,1,255,4142,2666,376,jev-1.13.0
23980035,sued_no_notice__B,sued_no_notice,B,0.04,success,200,,1,255,4142,2666,376,jev-1.13.0
23980035,sued_no_notice__C,sued_no_notice,C,0.01,success,200,,1,255,4142,2666,376,jev-1.13.0
23980149,identity_theft__A,identity_theft,A,0.04,success,200,,1,299,1372,2766,376,jev-1.13.0
23980149,identity_theft__B,identity_theft,B,0.98,success,200,,1,299,1372,2766,376,jev-1.13.0
23980149,identity_theft__C,identity_theft,C,0.41,success,200,,1,299,1372,2766,376,jev-1.13.0
23980149,insufficient_validation__A,insufficient_validation,A,0.06,success,200,,1,299,1372,2766,376,jev-1.13.0
23980149,insufficient_validation__B,insufficient_validation,B,0.98,success,200,,1,299,1372,2766,376,jev-1.13.0
23980149,insufficient_validation__C,insufficient_validation,C,0.15,success,200,,1,299,1372,2766,376,jev-1.13.0
23980149,wrong_amount__A,wrong_amount,A,0.03,success,200,,1,299,1372,2766,376,jev-1.13.0
23980149,wrong_amount__B,wrong_amount,B,0.09,success,200,,1,299,1372,2766,376,jev-1.13.0
23980149,wrong_amount__C,wrong_amount,C,0.03,success,200,,1,299,1372,2766,376,jev-1.13.0
23980149,credit_damage_threat__A,credit_damage_threat,A,0.04,success,200,,1,299,1372,2766,376,jev-1.13.0
23980149,credit_damage_threat__B,credit_damage_threat,B,0.82,success,200,,1,299,1372,2766,376,jev-1.13.0
23980149,credit_damage_threat__C,credit_damage_threat,C,0.02,success,200,,1,299,1372,2766,376,jev-1.13.0
23980149,arrest_threat__A,arrest_threat,A,0.03,success,200,,1,299,1372,2766,376,jev-1.13.0
23980149,arrest_threat__B,arrest_threat,B,0.02,success,200,,1,299,1372,2766,376,jev-1.13.0
23980149,arrest_threat__C,arrest_threat,C,0.01,success,200,,1,299,1372,2766,376,jev-1.13.0
23980149,sued_no_notice__A,sued_no_notice,A,0.03,success,200,,1,299,1372,2766,376,jev-1.13.0
23980149,sued_no_notice__B,sued_no_notice,B,0.1,success,200,,1,299,1372,2766,376,jev-1.13.0
23980149,sued_no_notice__C,sued_no_notice,C,0.01,success,200,,1,299,1372,2766,376,jev-1.13.0
23980857,identity_theft__A,identity_theft,A,0.03,success,200,,1,351,843,3094,376,jev-1.13.0
23980857,identity_theft__B,identity_theft,B,0.95,success,200,,1,351,843,3094,376,jev-1.13.0
23980857,identity_theft__C,identity_theft,C,0.09,success,200,,1,351,843,3094,376,jev-1.13.0
23980857,insufficient_validation__A,insufficient_validation,A,0.88,success,200,,1,351,843,3094,376,jev-1.13.0
23980857,insufficient_validation__B,insufficient_validation,B,0.98,success,200,,1,351,843,3094,376,jev-1.13.0
23980857,insufficient_validation__C,insufficient_validation,C,0.96,success,200,,1,351,843,3094,376,jev-1.13.0
23980857,wrong_amount__A,wrong_amount,A,0.06,success,200,,1,351,843,3094,376,jev-1.13.0
23980857,wrong_amount__B,wrong_amount,B,0.71,success,200,,1,351,843,3094,376,jev-1.13.0
23980857,wrong_amount__C,wrong_amount,C,0.06,success,200,,1,351,843,3094,376,jev-1.13.0
23980857,credit_damage_threat__A,credit_damage_threat,A,0.04,success,200,,1,351,843,3094,376,jev-1.13.0
23980857,credit_damage_threat__B,credit_damage_threat,B,0.93,success,200,,1,351,843,3094,376,jev-1.13.0
23980857,credit_damage_threat__C,credit_damage_threat,C,0.03,success,200,,1,351,843,3094,376,jev-1.13.0
23980857,arrest_threat__A,arrest_threat,A,0.03,success,200,,1,351,843,3094,376,jev-1.13.0
23980857,arrest_threat__B,arrest_threat,B,0.03,success,200,,1,351,843,3094,376,jev-1.13.0
23980857,arrest_threat__C,arrest_threat,C,0.01,success,200,,1,351,843,3094,376,jev-1.13.0
23980857,sued_no_notice__A,sued_no_notice,A,0.03,success,200,,1,351,843,3094,376,jev-1.13.0
23980857,sued_no_notice__B,sued_no_notice,B,0.04,success,200,,1,351,843,3094,376,jev-1.13.0
23980857,sued_no_notice__C,sued_no_notice,C,0.01,success,200,,1,351,843,3094,376,jev-1.13.0
23981310,identity_theft__A,identity_theft,A,0.03,success,200,,1,306,4917,3388,376,jev-1.13.0
23981310,identity_theft__B,identity_theft,B,0.59,success,200,,1,306,4917,3388,376,jev-1.13.0
23981310,identity_theft__C,identity_theft,C,0.03,success,200,,1,306,4917,3388,376,jev-1.13.0
23981310,insufficient_validation__A,insufficient_validation,A,0.06,success,200,,1,306,4917,3388,376,jev-1.13.0
23981310,insufficient_validation__B,insufficient_validation,B,0.99,success,200,,1,306,4917,3388,376,jev-1.13.0
23981310,insufficient_validation__C,insufficient_validation,C,0.12,success,200,,1,306,4917,3388,376,jev-1.13.0
23981310,wrong_amount__A,wrong_amount,A,0.06,success,200,,1,306,4917,3388,376,jev-1.13.0
23981310,wrong_amount__B,wrong_amount,B,0.96,success,200,,1,306,4917,3388,376,jev-1.13.0
23981310,wrong_amount__C,wrong_amount,C,0.04,success,200,,1,306,4917,3388,376,jev-1.13.0
23981310,credit_damage_threat__A,credit_damage_threat,A,0.05,success,200,,1,306,4917,3388,376,jev-1.13.0
23981310,credit_damage_threat__B,credit_damage_threat,B,0.82,success,200,,1,306,4917,3388,376,jev-1.13.0
23981310,credit_damage_threat__C,credit_damage_threat,C,0.04,success,200,,1,306,4917,3388,376,jev-1.13.0
23981310,arrest_threat__A,arrest_threat,A,0.03,success,200,,1,306,4917,3388,376,jev-1.13.0
23981310,arrest_threat__B,arrest_threat,B,0.03,success,200,,1,306,4917,3388,376,jev-1.13.0
23981310,arrest_threat__C,arrest_threat,C,0.02,success,200,,1,306,4917,3388,376,jev-1.13.0
23981310,sued_no_notice__A,sued_no_notice,A,0.03,success,200,,1,306,4917,3388,376,jev-1.13.0
23981310,sued_no_notice__B,sued_no_notice,B,0.6,success,200,,1,306,4917,3388,376,jev-1.13.0
23981310,sued_no_notice__C,sued_no_notice,C,0.02,success,200,,1,306,4917,3388,376,jev-1.13.0
23981401,identity_theft__A,identity_theft,A,0.03,success,200,,1,293,6686,2680,376,jev-1.13.0
23981401,identity_theft__B,identity_theft,B,0.97,success,200,,1,293,6686,2680,376,jev-1.13.0
23981401,identity_theft__C,identity_theft,C,0.2,success,200,,1,293,6686,2680,376,jev-1.13.0
23981401,insufficient_validation__A,insufficient_validation,A,0.03,success,200,,1,293,6686,2680,376,jev-1.13.0
23981401,insufficient_validation__B,insufficient_validation,B,0.1,success,200,,1,293,6686,2680,376,jev-1.13.0
23981401,insufficient_validation__C,insufficient_validation,C,0.07,success,200,,1,293,6686,2680,376,jev-1.13.0
23981401,wrong_amount__A,wrong_amount,A,0.04,success,200,,1,293,6686,2680,376,jev-1.13.0
23981401,wrong_amount__B,wrong_amount,B,0.23,success,200,,1,293,6686,2680,376,jev-1.13.0
23981401,wrong_amount__C,wrong_amount,C,0.03,success,200,,1,293,6686,2680,376,jev-1.13.0
23981401,credit_damage_threat__A,credit_damage_threat,A,0.05,success,200,,1,293,6686,2680,376,jev-1.13.0
23981401,credit_damage_threat__B,credit_damage_threat,B,0.96,success,200,,1,293,6686,2680,376,jev-1.13.0
23981401,credit_damage_threat__C,credit_damage_threat,C,0.03,success,200,,1,293,6686,2680,376,jev-1.13.0
23981401,arrest_threat__A,arrest_threat,A,0.03,success,200,,1,293,6686,2680,376,jev-1.13.0
23981401,arrest_threat__B,arrest_threat,B,0.03,success,200,,1,293,6686,2680,376,jev-1.13.0
23981401,arrest_threat__C,arrest_threat,C,0.02,success,200,,1,293,6686,2680,376,jev-1.13.0
23981401,sued_no_notice__A,sued_no_notice,A,0.03,success,200,,1,293,6686,2680,376,jev-1.13.0
23981401,sued_no_notice__B,sued_no_notice,B,0.07,success,200,,1,293,6686,2680,376,jev-1.13.0
23981401,sued_no_notice__C,sued_no_notice,C,0.02,success,200,,1,293,6686,2680,376,jev-1.13.0
23986256,identity_theft__A,identity_theft,A,0.03,success,200,,1,292,9125,3080,376,jev-1.13.0
23986256,identity_theft__B,identity_theft,B,0.57,success,200,,1,292,9125,3080,376,jev-1.13.0
23986256,identity_theft__C,identity_theft,C,0.03,success,200,,1,292,9125,3080,376,jev-1.13.0
23986256,insufficient_validation__A,insufficient_validation,A,0.19,success,200,,1,292,9125,3080,376,jev-1.13.0
23986256,insufficient_validation__B,insufficient_validation,B,0.99,success,200,,1,292,9125,3080,376,jev-1.13.0
23986256,insufficient_validation__C,insufficient_validation,C,0.91,success,200,,1,292,9125,3080,376,jev-1.13.0
23986256,wrong_amount__A,wrong_amount,A,0.05,success,200,,1,292,9125,3080,376,jev-1.13.0
23986256,wrong_amount__B,wrong_amount,B,0.98,success,200,,1,292,9125,3080,376,jev-1.13.0
23986256,wrong_amount__C,wrong_amount,C,0.08,success,200,,1,292,9125,3080,376,jev-1.13.0
23986256,credit_damage_threat__A,credit_damage_threat,A,0.05,success,200,,1,292,9125,3080,376,jev-1.13.0
23986256,credit_damage_threat__B,credit_damage_threat,B,0.87,success,200,,1,292,9125,3080,376,jev-1.13.0
23986256,credit_damage_threat__C,credit_damage_threat,C,0.03,success,200,,1,292,9125,3080,376,jev-1.13.0
23986256,arrest_threat__A,arrest_threat,A,0.03,success,200,,1,292,9125,3080,376,jev-1.13.0
23986256,arrest_threat__B,arrest_threat,B,0.02,success,200,,1,292,9125,3080,376,jev-1.13.0
23986256,arrest_threat__C,arrest_threat,C,0.01,success,200,,1,292,9125,3080,376,jev-1.13.0
23986256,sued_no_notice__A,sued_no_notice,A,0.02,success,200,,1,292,9125,3080,376,jev-1.13.0
23986256,sued_no_notice__B,sued_no_notice,B,0.09,success,200,,1,292,9125,3080,376,jev-1.13.0
23986256,sued_no_notice__C,sued_no_notice,C,0.01,success,200,,1,292,9125,3080,376,jev-1.13.0
23987832,identity_theft__A,identity_theft,A,0.98,success,200,,1,291,8399,2875,376,jev-1.13.0
23987832,identity_theft__B,identity_theft,B,0.98,success,200,,1,291,8399,2875,376,jev-1.13.0
23987832,identity_theft__C,identity_theft,C,0.96,success,200,,1,291,8399,2875,376,jev-1.13.0
23987832,insufficient_validation__A,insufficient_validation,A,0.19,success,200,,1,291,8399,2875,376,jev-1.13.0
23987832,insufficient_validation__B,insufficient_validation,B,0.99,success,200,,1,291,8399,2875,376,jev-1.13.0
23987832,insufficient_validation__C,insufficient_validation,C,0.48,success,200,,1,291,8399,2875,376,jev-1.13.0
23987832,wrong_amount__A,wrong_amount,A,0.04,success,200,,1,291,8399,2875,376,jev-1.13.0
23987832,wrong_amount__B,wrong_amount,B,0.56,success,200,,1,291,8399,2875,376,jev-1.13.0
23987832,wrong_amount__C,wrong_amount,C,0.04,success,200,,1,291,8399,2875,376,jev-1.13.0
23987832,credit_damage_threat__A,credit_damage_threat,A,0.05,success,200,,1,291,8399,2875,376,jev-1.13.0
23987832,credit_damage_threat__B,credit_damage_threat,B,0.95,success,200,,1,291,8399,2875,376,jev-1.13.0
23987832,credit_damage_threat__C,credit_damage_threat,C,0.04,success,200,,1,291,8399,2875,376,jev-1.13.0
23987832,arrest_threat__A,arrest_threat,A,0.03,success,200,,1,291,8399,2875,376,jev-1.13.0
23987832,arrest_threat__B,arrest_threat,B,0.03,success,200,,1,291,8399,2875,376,jev-1.13.0
23987832,arrest_threat__C,arrest_threat,C,0.02,success,200,,1,291,8399,2875,376,jev-1.13.0
23987832,sued_no_notice__A,sued_no_notice,A,0.03,success,200,,1,291,8399,2875,376,jev-1.13.0
23987832,sued_no_notice__B,sued_no_notice,B,0.08,success,200,,1,291,8399,2875,376,jev-1.13.0
23987832,sued_no_notice__C,sued_no_notice,C,0.02,success,200,,1,291,8399,2875,376,jev-1.13.0
23991829,identity_theft__A,identity_theft,A,0.03,success,200,,1,303,9494,2955,376,jev-1.13.0
23991829,identity_theft__B,identity_theft,B,0.51,success,200,,1,303,9494,2955,376,jev-1.13.0
23991829,identity_theft__C,identity_theft,C,0.03,success,200,,1,303,9494,2955,376,jev-1.13.0
23991829,insufficient_validation__A,insufficient_validation,A,0.92,success,200,,1,303,9494,2955,376,jev-1.13.0
23991829,insufficient_validation__B,insufficient_validation,B,0.99,success,200,,1,303,9494,2955,376,jev-1.13.0
23991829,insufficient_validation__C,insufficient_validation,C,0.97,success,200,,1,303,9494,2955,376,jev-1.13.0
23991829,wrong_amount__A,wrong_amount,A,0.05,success,200,,1,303,9494,2955,376,jev-1.13.0
23991829,wrong_amount__B,wrong_amount,B,0.57,success,200,,1,303,9494,2955,376,jev-1.13.0
23991829,wrong_amount__C,wrong_amount,C,0.14,success,200,,1,303,9494,2955,376,jev-1.13.0
23991829,credit_damage_threat__A,credit_damage_threat,A,0.04,success,200,,1,303,9494,2955,376,jev-1.13.0
23991829,credit_damage_threat__B,credit_damage_threat,B,0.9,success,200,,1,303,9494,2955,376,jev-1.13.0
23991829,credit_damage_threat__C,credit_damage_threat,C,0.03,success,200,,1,303,9494,2955,376,jev-1.13.0
23991829,arrest_threat__A,arrest_threat,A,0.03,success,200,,1,303,9494,2955,376,jev-1.13.0
23991829,arrest_threat__B,arrest_threat,B,0.02,success,200,,1,303,9494,2955,376,jev-1.13.0
23991829,arrest_threat__C,arrest_threat,C,0.01,success,200,,1,303,9494,2955,376,jev-1.13.0
23991829,sued_no_notice__A,sued_no_notice,A,0.03,success,200,,1,303,9494,2955,376,jev-1.13.0
23991829,sued_no_notice__B,sued_no_notice,B,0.05,success,200,,1,303,9494,2955,376,jev-1.13.0
23991829,sued_no_notice__C,sued_no_notice,C,0.01,success,200,,1,303,9494,2955,376,jev-1.13.0
23992726,identity_theft__A,identity_theft,A,0.02,success,200,,1,281,29,2911,376,jev-1.13.0
23992726,identity_theft__B,identity_theft,B,0.93,success,200,,1,281,29,2911,376,jev-1.13.0
23992726,identity_theft__C,identity_theft,C,0.03,success,200,,1,281,29,2911,376,jev-1.13.0
23992726,insufficient_validation__A,insufficient_validation,A,0.06,success,200,,1,281,29,2911,376,jev-1.13.0
23992726,insufficient_validation__B,insufficient_validation,B,0.94,success,200,,1,281,29,2911,376,jev-1.13.0
23992726,insufficient_validation__C,insufficient_validation,C,0.84,success,200,,1,281,29,2911,376,jev-1.13.0
23992726,wrong_amount__A,wrong_amount,A,0.18,success,200,,1,281,29,2911,376,jev-1.13.0
23992726,wrong_amount__B,wrong_amount,B,0.99,success,200,,1,281,29,2911,376,jev-1.13.0
23992726,wrong_amount__C,wrong_amount,C,0.84,success,200,,1,281,29,2911,376,jev-1.13.0
23992726,credit_damage_threat__A,credit_damage_threat,A,0.04,success,200,,1,281,29,2911,376,jev-1.13.0
23992726,credit_damage_threat__B,credit_damage_threat,B,0.04,success,200,,1,281,29,2911,376,jev-1.13.0
23992726,credit_damage_threat__C,credit_damage_threat,C,0.03,success,200,,1,281,29,2911,376,jev-1.13.0
23992726,arrest_threat__A,arrest_threat,A,0.03,success,200,,1,281,29,2911,376,jev-1.13.0
23992726,arrest_threat__B,arrest_threat,B,0.03,success,200,,1,281,29,2911,376,jev-1.13.0
23992726,arrest_threat__C,arrest_threat,C,0.03,success,200,,1,281,29,2911,376,jev-1.13.0
23992726,sued_no_notice__A,sued_no_notice,A,0.03,success,200,,1,281,29,2911,376,jev-1.13.0
23992726,sued_no_notice__B,sued_no_notice,B,0.6,success,200,,1,281,29,2911,376,jev-1.13.0
23992726,sued_no_notice__C,sued_no_notice,C,0.02,success,200,,1,281,29,2911,376,jev-1.13.0
23993378,identity_theft__A,identity_theft,A,0.02,success,200,,1,313,8994,2668,376,jev-1.13.0
23993378,identity_theft__B,identity_theft,B,0.08,success,200,,1,313,8994,2668,376,jev-1.13.0
23993378,identity_theft__C,identity_theft,C,0.02,success,200,,1,313,8994,2668,376,jev-1.13.0
23993378,insufficient_validation__A,insufficient_validation,A,0.02,success,200,,1,313,8994,2668,376,jev-1.13.0
23993378,insufficient_validation__B,insufficient_validation,B,0.13,success,200,,1,313,8994,2668,376,jev-1.13.0
23993378,insufficient_validation__C,insufficient_validation,C,0.06,success,200,,1,313,8994,2668,376,jev-1.13.0
23993378,wrong_amount__A,wrong_amount,A,0.07,success,200,,1,313,8994,2668,376,jev-1.13.0
23993378,wrong_amount__B,wrong_amount,B,0.36,success,200,,1,313,8994,2668,376,jev-1.13.0
23993378,wrong_amount__C,wrong_amount,C,0.68,success,200,,1,313,8994,2668,376,jev-1.13.0
23993378,credit_damage_threat__A,credit_damage_threat,A,0.04,success,200,,1,313,8994,2668,376,jev-1.13.0
23993378,credit_damage_threat__B,credit_damage_threat,B,0.98,success,200,,1,313,8994,2668,376,jev-1.13.0
23993378,credit_damage_threat__C,credit_damage_threat,C,0.03,success,200,,1,313,8994,2668,376,jev-1.13.0
23993378,arrest_threat__A,arrest_threat,A,0.02,success,200,,1,313,8994,2668,376,jev-1.13.0
23993378,arrest_threat__B,arrest_threat,B,0.02,success,200,,1,313,8994,2668,376,jev-1.13.0
23993378,arrest_threat__C,arrest_threat,C,0.01,success,200,,1,313,8994,2668,376,jev-1.13.0
23993378,sued_no_notice__A,sued_no_notice,A,0.02,success,200,,1,313,8994,2668,376,jev-1.13.0
23993378,sued_no_notice__B,sued_no_notice,B,0.03,success,200,,1,313,8994,2668,376,jev-1.13.0
23993378,sued_no_notice__C,sued_no_notice,C,0.01,success,200,,1,313,8994,2668,376,jev-1.13.0
23997754,identity_theft__A,identity_theft,A,0.03,success,200,,1,322,4298,2717,376,jev-1.13.0
23997754,identity_theft__B,identity_theft,B,0.46,success,200,,1,322,4298,2717,376,jev-1.13.0
23997754,identity_theft__C,identity_theft,C,0.06,success,200,,1,322,4298,2717,376,jev-1.13.0
23997754,insufficient_validation__A,insufficient_validation,A,0.72,success,200,,1,322,4298,2717,376,jev-1.13.0
23997754,insufficient_validation__B,insufficient_validation,B,0.97,success,200,,1,322,4298,2717,376,jev-1.13.0
23997754,insufficient_validation__C,insufficient_validation,C,0.96,success,200,,1,322,4298,2717,376,jev-1.13.0
23997754,wrong_amount__A,wrong_amount,A,0.04,success,200,,1,322,4298,2717,376,jev-1.13.0
23997754,wrong_amount__B,wrong_amount,B,0.07,success,200,,1,322,4298,2717,376,jev-1.13.0
23997754,wrong_amount__C,wrong_amount,C,0.05,success,200,,1,322,4298,2717,376,jev-1.13.0
23997754,credit_damage_threat__A,credit_damage_threat,A,0.04,success,200,,1,322,4298,2717,376,jev-1.13.0
23997754,credit_damage_threat__B,credit_damage_threat,B,0.69,success,200,,1,322,4298,2717,376,jev-1.13.0
23997754,credit_damage_threat__C,credit_damage_threat,C,0.02,success,200,,1,322,4298,2717,376,jev-1.13.0
23997754,arrest_threat__A,arrest_threat,A,0.03,success,200,,1,322,4298,2717,376,jev-1.13.0
23997754,arrest_threat__B,arrest_threat,B,0.02,success,200,,1,322,4298,2717,376,jev-1.13.0
23997754,arrest_threat__C,arrest_threat,C,0.01,success,200,,1,322,4298,2717,376,jev-1.13.0
23997754,sued_no_notice__A,sued_no_notice,A,0.02,success,200,,1,322,4298,2717,376,jev-1.13.0
23997754,sued_no_notice__B,sued_no_notice,B,0.06,success,200,,1,322,4298,2717,376,jev-1.13.0
23997754,sued_no_notice__C,sued_no_notice,C,0.01,success,200,,1,322,4298,2717,376,jev-1.13.0
23998736,identity_theft__A,identity_theft,A,0.03,success,200,,1,272,5683,2717,376,jev-1.13.0
23998736,identity_theft__B,identity_theft,B,0.48,success,200,,1,272,5683,2717,376,jev-1.13.0
23998736,identity_theft__C,identity_theft,C,0.06,success,200,,1,272,5683,2717,376,jev-1.13.0
23998736,insufficient_validation__A,insufficient_validation,A,0.69,success,200,,1,272,5683,2717,376,jev-1.13.0
23998736,insufficient_validation__B,insufficient_validation,B,0.97,success,200,,1,272,5683,2717,376,jev-1.13.0
23998736,insufficient_validation__C,insufficient_validation,C,0.96,success,200,,1,272,5683,2717,376,jev-1.13.0
23998736,wrong_amount__A,wrong_amount,A,0.04,success,200,,1,272,5683,2717,376,jev-1.13.0
23998736,wrong_amount__B,wrong_amount,B,0.08,success,200,,1,272,5683,2717,376,jev-1.13.0
23998736,wrong_amount__C,wrong_amount,C,0.05,success,200,,1,272,5683,2717,376,jev-1.13.0
23998736,credit_damage_threat__A,credit_damage_threat,A,0.04,success,200,,1,272,5683,2717,376,jev-1.13.0
23998736,credit_damage_threat__B,credit_damage_threat,B,0.61,success,200,,1,272,5683,2717,376,jev-1.13.0
23998736,credit_damage_threat__C,credit_damage_threat,C,0.02,success,200,,1,272,5683,2717,376,jev-1.13.0
23998736,arrest_threat__A,arrest_threat,A,0.02,success,200,,1,272,5683,2717,376,jev-1.13.0
23998736,arrest_threat__B,arrest_threat,B,0.02,success,200,,1,272,5683,2717,376,jev-1.13.0
23998736,arrest_threat__C,arrest_threat,C,0.01,success,200,,1,272,5683,2717,376,jev-1.13.0
23998736,sued_no_notice__A,sued_no_notice,A,0.02,success,200,,1,272,5683,2717,376,jev-1.13.0
23998736,sued_no_notice__B,sued_no_notice,B,0.05,success,200,,1,272,5683,2717,376,jev-1.13.0
23998736,sued_no_notice__C,sued_no_notice,C,0.01,success,200,,1,272,5683,2717,376,jev-1.13.0
24000236,identity_theft__A,identity_theft,A,0.03,success,200,,1,492,5454,3300,376,jev-1.13.0
24000236,identity_theft__B,identity_theft,B,0.99,success,200,,1,492,5454,3300,376,jev-1.13.0
24000236,identity_theft__C,identity_theft,C,0.09,success,200,,1,492,5454,3300,376,jev-1.13.0
24000236,insufficient_validation__A,insufficient_validation,A,0.1,success,200,,1,492,5454,3300,376,jev-1.13.0
24000236,insufficient_validation__B,insufficient_validation,B,0.99,success,200,,1,492,5454,3300,376,jev-1.13.0
24000236,insufficient_validation__C,insufficient_validation,C,0.34,success,200,,1,492,5454,3300,376,jev-1.13.0
24000236,wrong_amount__A,wrong_amount,A,0.08,success,200,,1,492,5454,3300,376,jev-1.13.0
24000236,wrong_amount__B,wrong_amount,B,0.92,success,200,,1,492,5454,3300,376,jev-1.13.0
24000236,wrong_amount__C,wrong_amount,C,0.04,success,200,,1,492,5454,3300,376,jev-1.13.0
24000236,credit_damage_threat__A,credit_damage_threat,A,0.04,success,200,,1,492,5454,3300,376,jev-1.13.0
24000236,credit_damage_threat__B,credit_damage_threat,B,0.94,success,200,,1,492,5454,3300,376,jev-1.13.0
24000236,credit_damage_threat__C,credit_damage_threat,C,0.03,success,200,,1,492,5454,3300,376,jev-1.13.0
24000236,arrest_threat__A,arrest_threat,A,0.03,success,200,,1,492,5454,3300,376,jev-1.13.0
24000236,arrest_threat__B,arrest_threat,B,0.02,success,200,,1,492,5454,3300,376,jev-1.13.0
24000236,arrest_threat__C,arrest_threat,C,0.02,success,200,,1,492,5454,3300,376,jev-1.13.0
24000236,sued_no_notice__A,sued_no_notice,A,0.03,success,200,,1,492,5454,3300,376,jev-1.13.0
24000236,sued_no_notice__B,sued_no_notice,B,0.1,success,200,,1,492,5454,3300,376,jev-1.13.0
24000236,sued_no_notice__C,sued_no_notice,C,0.01,success,200,,1,492,5454,3300,376,jev-1.13.0
24000267,identity_theft__A,identity_theft,A,0.04,success,200,,1,319,2745,2747,376,jev-1.13.0
24000267,identity_theft__B,identity_theft,B,0.99,success,200,,1,319,2745,2747,376,jev-1.13.0
24000267,identity_theft__C,identity_theft,C,0.56,success,200,,1,319,2745,2747,376,jev-1.13.0
24000267,insufficient_validation__A,insufficient_validation,A,0.04,success,200,,1,319,2745,2747,376,jev-1.13.0
24000267,insufficient_validation__B,insufficient_validation,B,0.92,success,200,,1,319,2745,2747,376,jev-1.13.0
24000267,insufficient_validation__C,insufficient_validation,C,0.11,success,200,,1,319,2745,2747,376,jev-1.13.0
24000267,wrong_amount__A,wrong_amount,A,0.05,success,200,,1,319,2745,2747,376,jev-1.13.0
24000267,wrong_amount__B,wrong_amount,B,0.92,success,200,,1,319,2745,2747,376,jev-1.13.0
24000267,wrong_amount__C,wrong_amount,C,0.04,success,200,,1,319,2745,2747,376,jev-1.13.0
24000267,credit_damage_threat__A,credit_damage_threat,A,0.05,success,200,,1,319,2745,2747,376,jev-1.13.0
24000267,credit_damage_threat__B,credit_damage_threat,B,0.92,success,200,,1,319,2745,2747,376,jev-1.13.0
24000267,credit_damage_threat__C,credit_damage_threat,C,0.03,success,200,,1,319,2745,2747,376,jev-1.13.0
24000267,arrest_threat__A,arrest_threat,A,0.03,success,200,,1,319,2745,2747,376,jev-1.13.0
24000267,arrest_threat__B,arrest_threat,B,0.02,success,200,,1,319,2745,2747,376,jev-1.13.0
24000267,arrest_threat__C,arrest_threat,C,0.01,success,200,,1,319,2745,2747,376,jev-1.13.0
24000267,sued_no_notice__A,sued_no_notice,A,0.03,success,200,,1,319,2745,2747,376,jev-1.13.0
24000267,sued_no_notice__B,sued_no_notice,B,0.05,success,200,,1,319,2745,2747,376,jev-1.13.0
24000267,sued_no_notice__C,sued_no_notice,C,0.01,success,200,,1,319,2745,2747,376,jev-1.13.0
24003456,identity_theft__A,identity_theft,A,0.03,success,200,,1,291,5334,2676,376,jev-1.13.0
24003456,identity_theft__B,identity_theft,B,0.27,success,200,,1,291,5334,2676,376,jev-1.13.0
24003456,identity_theft__C,identity_theft,C,0.08,success,200,,1,291,5334,2676,376,jev-1.13.0
24003456,insufficient_validation__A,insufficient_validation,A,0.03,success,200,,1,291,5334,2676,376,jev-1.13.0
24003456,insufficient_validation__B,insufficient_validation,B,0.24,success,200,,1,291,5334,2676,376,jev-1.13.0
24003456,insufficient_validation__C,insufficient_validation,C,0.59,success,200,,1,291,5334,2676,376,jev-1.13.0
24003456,wrong_amount__A,wrong_amount,A,0.07,success,200,,1,291,5334,2676,376,jev-1.13.0
24003456,wrong_amount__B,wrong_amount,B,0.48,success,200,,1,291,5334,2676,376,jev-1.13.0
24003456,wrong_amount__C,wrong_amount,C,0.11,success,200,,1,291,5334,2676,376,jev-1.13.0
24003456,credit_damage_threat__A,credit_damage_threat,A,0.04,success,200,,1,291,5334,2676,376,jev-1.13.0
24003456,credit_damage_threat__B,credit_damage_threat,B,0.05,success,200,,1,291,5334,2676,376,jev-1.13.0
24003456,credit_damage_threat__C,credit_damage_threat,C,0.04,success,200,,1,291,5334,2676,376,jev-1.13.0
24003456,arrest_threat__A,arrest_threat,A,0.03,success,200,,1,291,5334,2676,376,jev-1.13.0
24003456,arrest_threat__B,arrest_threat,B,0.03,success,200,,1,291,5334,2676,376,jev-1.13.0
24003456,arrest_threat__C,arrest_threat,C,0.02,success,200,,1,291,5334,2676,376,jev-1.13.0
24003456,sued_no_notice__A,sued_no_notice,A,0.03,success,200,,1,291,5334,2676,376,jev-1.13.0
24003456,sued_no_notice__B,sued_no_notice,B,0.08,success,200,,1,291,5334,2676,376,jev-1.13.0
24003456,sued_no_notice__C,sued_no_notice,C,0.12,success,200,,1,291,5334,2676,376,jev-1.13.0
24014932,identity_theft__A,identity_theft,A,0.02,success,200,,1,279,2265,2668,376,jev-1.13.0
24014932,identity_theft__B,identity_theft,B,0.21,success,200,,1,279,2265,2668,376,jev-1.13.0
24014932,identity_theft__C,identity_theft,C,0.03,success,200,,1,279,2265,2668,376,jev-1.13.0
24014932,insufficient_validation__A,insufficient_validation,A,0.02,success,200,,1,279,2265,2668,376,jev-1.13.0
24014932,insufficient_validation__B,insufficient_validation,B,0.63,success,200,,1,279,2265,2668,376,jev-1.13.0
24014932,insufficient_validation__C,insufficient_validation,C,0.16,success,200,,1,279,2265,2668,376,jev-1.13.0
24014932,wrong_amount__A,wrong_amount,A,0.12,success,200,,1,279,2265,2668,376,jev-1.13.0
24014932,wrong_amount__B,wrong_amount,B,0.81,success,200,,1,279,2265,2668,376,jev-1.13.0
24014932,wrong_amount__C,wrong_amount,C,0.58,success,200,,1,279,2265,2668,376,jev-1.13.0
24014932,credit_damage_threat__A,credit_damage_threat,A,0.03,success,200,,1,279,2265,2668,376,jev-1.13.0
24014932,credit_damage_threat__B,credit_damage_threat,B,0.81,success,200,,1,279,2265,2668,376,jev-1.13.0
24014932,credit_damage_threat__C,credit_damage_threat,C,0.02,success,200,,1,279,2265,2668,376,jev-1.13.0
24014932,arrest_threat__A,arrest_threat,A,0.02,success,200,,1,279,2265,2668,376,jev-1.13.0
24014932,arrest_threat__B,arrest_threat,B,0.02,success,200,,1,279,2265,2668,376,jev-1.13.0
24014932,arrest_threat__C,arrest_threat,C,0.01,success,200,,1,279,2265,2668,376,jev-1.13.0
24014932,sued_no_notice__A,sued_no_notice,A,0.02,success,200,,1,279,2265,2668,376,jev-1.13.0
24014932,sued_no_notice__B,sued_no_notice,B,0.03,success,200,,1,279,2265,2668,376,jev-1.13.0
24014932,sued_no_notice__C,sued_no_notice,C,0.01,success,200,,1,279,2265,2668,376,jev-1.13.0
24015303,identity_theft__A,identity_theft,A,0.03,success,200,,1,256,5518,2940,376,jev-1.13.0
24015303,identity_theft__B,identity_theft,B,0.49,success,200,,1,256,5518,2940,376,jev-1.13.0
24015303,identity_theft__C,identity_theft,C,0.03,success,200,,1,256,5518,2940,376,jev-1.13.0
24015303,insufficient_validation__A,insufficient_validation,A,0.03,success,200,,1,256,5518,2940,376,jev-1.13.0
24015303,insufficient_validation__B,insufficient_validation,B,0.55,success,200,,1,256,5518,2940,376,jev-1.13.0
24015303,insufficient_validation__C,insufficient_validation,C,0.34,success,200,,1,256,5518,2940,376,jev-1.13.0
24015303,wrong_amount__A,wrong_amount,A,0.05,success,200,,1,256,5518,2940,376,jev-1.13.0
24015303,wrong_amount__B,wrong_amount,B,0.85,success,200,,1,256,5518,2940,376,jev-1.13.0
24015303,wrong_amount__C,wrong_amount,C,0.22,success,200,,1,256,5518,2940,376,jev-1.13.0
24015303,credit_damage_threat__A,credit_damage_threat,A,0.04,success,200,,1,256,5518,2940,376,jev-1.13.0
24015303,credit_damage_threat__B,credit_damage_threat,B,0.04,success,200,,1,256,5518,2940,376,jev-1.13.0
24015303,credit_damage_threat__C,credit_damage_threat,C,0.03,success,200,,1,256,5518,2940,376,jev-1.13.0
24015303,arrest_threat__A,arrest_threat,A,0.03,success,200,,1,256,5518,2940,376,jev-1.13.0
24015303,arrest_threat__B,arrest_threat,B,0.04,success,200,,1,256,5518,2940,376,jev-1.13.0
24015303,arrest_threat__C,arrest_threat,C,0.02,success,200,,1,256,5518,2940,376,jev-1.13.0
24015303,sued_no_notice__A,sued_no_notice,A,0.96,success,200,,1,256,5518,2940,376,jev-1.13.0
24015303,sued_no_notice__B,sued_no_notice,B,0.99,success,200,,1,256,5518,2940,376,jev-1.13.0
24015303,sued_no_notice__C,sued_no_notice,C,0.98,success,200,,1,256,5518,2940,376,jev-1.13.0
24019437,identity_theft__A,identity_theft,A,0.03,success,200,,1,347,3742,2690,376,jev-1.13.0
24019437,identity_theft__B,identity_theft,B,0.98,success,200,,1,347,3742,2690,376,jev-1.13.0
24019437,identity_theft__C,identity_theft,C,0.16,success,200,,1,347,3742,2690,376,jev-1.13.0
24019437,insufficient_validation__A,insufficient_validation,A,0.03,success,200,,1,347,3742,2690,376,jev-1.13.0
24019437,insufficient_validation__B,insufficient_validation,B,0.11,success,200,,1,347,3742,2690,376,jev-1.13.0
24019437,insufficient_validation__C,insufficient_validation,C,0.09,success,200,,1,347,3742,2690,376,jev-1.13.0
24019437,wrong_amount__A,wrong_amount,A,0.05,success,200,,1,347,3742,2690,376,jev-1.13.0
24019437,wrong_amount__B,wrong_amount,B,0.21,success,200,,1,347,3742,2690,376,jev-1.13.0
24019437,wrong_amount__C,wrong_amount,C,0.03,success,200,,1,347,3742,2690,376,jev-1.13.0
24019437,credit_damage_threat__A,credit_damage_threat,A,0.05,success,200,,1,347,3742,2690,376,jev-1.13.0
24019437,credit_damage_threat__B,credit_damage_threat,B,0.96,success,200,,1,347,3742,2690,376,jev-1.13.0
24019437,credit_damage_threat__C,credit_damage_threat,C,0.03,success,200,,1,347,3742,2690,376,jev-1.13.0
24019437,arrest_threat__A,arrest_threat,A,0.03,success,200,,1,347,3742,2690,376,jev-1.13.0
24019437,arrest_threat__B,arrest_threat,B,0.03,success,200,,1,347,3742,2690,376,jev-1.13.0
24019437,arrest_threat__C,arrest_threat,C,0.02,success,200,,1,347,3742,2690,376,jev-1.13.0
24019437,sued_no_notice__A,sued_no_notice,A,0.03,success,200,,1,347,3742,2690,376,jev-1.13.0
24019437,sued_no_notice__B,sued_no_notice,B,0.09,success,200,,1,347,3742,2690,376,jev-1.13.0
24019437,sued_no_notice__C,sued_no_notice,C,0.02,success,200,,1,347,3742,2690,376,jev-1.13.0
24021284,identity_theft__A,identity_theft,A,0.02,success,200,,1,303,0712,3152,376,jev-1.13.0
24021284,identity_theft__B,identity_theft,B,0.15,success,200,,1,303,0712,3152,376,jev-1.13.0
24021284,identity_theft__C,identity_theft,C,0.05,success,200,,1,303,0712,3152,376,jev-1.13.0
24021284,insufficient_validation__A,insufficient_validation,A,0.03,success,200,,1,303,0712,3152,376,jev-1.13.0
24021284,insufficient_validation__B,insufficient_validation,B,0.11,success,200,,1,303,0712,3152,376,jev-1.13.0
24021284,insufficient_validation__C,insufficient_validation,C,0.02,success,200,,1,303,0712,3152,376,jev-1.13.0
24021284,wrong_amount__A,wrong_amount,A,0.02,success,200,,1,303,0712,3152,376,jev-1.13.0
24021284,wrong_amount__B,wrong_amount,B,0.04,success,200,,1,303,0712,3152,376,jev-1.13.0
24021284,wrong_amount__C,wrong_amount,C,0.02,success,200,,1,303,0712,3152,376,jev-1.13.0
24021284,credit_damage_threat__A,credit_damage_threat,A,0.03,success,200,,1,303,0712,3152,376,jev-1.13.0
24021284,credit_damage_threat__B,credit_damage_threat,B,0.17,success,200,,1,303,0712,3152,376,jev-1.13.0
24021284,credit_damage_threat__C,credit_damage_threat,C,0.02,success,200,,1,303,0712,3152,376,jev-1.13.0
24021284,arrest_threat__A,arrest_threat,A,0.02,success,200,,1,303,0712,3152,376,jev-1.13.0
24021284,arrest_threat__B,arrest_threat,B,0.02,success,200,,1,303,0712,3152,376,jev-1.13.0
24021284,arrest_threat__C,arrest_threat,C,0.01,success,200,,1,303,0712,3152,376,jev-1.13.0
24021284,sued_no_notice__A,sued_no_notice,A,0.02,success,200,,1,303,0712,3152,376,jev-1.13.0
24021284,sued_no_notice__B,sued_no_notice,B,0.06,success,200,,1,303,0712,3152,376,jev-1.13.0
24021284,sued_no_notice__C,sued_no_notice,C,0.01,success,200,,1,303,0712,3152,376,jev-1.13.0
24022001,identity_theft__A,identity_theft,A,0.03,success,200,,1,340,0345,2952,376,jev-1.13.0
24022001,identity_theft__B,identity_theft,B,0.29,success,200,,1,340,0345,2952,376,jev-1.13.0
24022001,identity_theft__C,identity_theft,C,0.03,success,200,,1,340,0345,2952,376,jev-1.13.0
24022001,insufficient_validation__A,insufficient_validation,A,0.94,success,200,,1,340,0345,2952,376,jev-1.13.0
24022001,insufficient_validation__B,insufficient_validation,B,0.99,success,200,,1,340,0345,2952,376,jev-1.13.0
24022001,insufficient_validation__C,insufficient_validation,C,0.96,success,200,,1,340,0345,2952,376,jev-1.13.0
24022001,wrong_amount__A,wrong_amount,A,0.04,success,200,,1,340,0345,2952,376,jev-1.13.0
24022001,wrong_amount__B,wrong_amount,B,0.5,success,200,,1,340,0345,2952,376,jev-1.13.0
24022001,wrong_amount__C,wrong_amount,C,0.05,success,200,,1,340,0345,2952,376,jev-1.13.0
24022001,credit_damage_threat__A,credit_damage_threat,A,0.08,success,200,,1,340,0345,2952,376,jev-1.13.0
24022001,credit_damage_threat__B,credit_damage_threat,B,0.96,success,200,,1,340,0345,2952,376,jev-1.13.0
24022001,credit_damage_threat__C,credit_damage_threat,C,0.08,success,200,,1,340,0345,2952,376,jev-1.13.0
24022001,arrest_threat__A,arrest_threat,A,0.03,success,200,,1,340,0345,2952,376,jev-1.13.0
24022001,arrest_threat__B,arrest_threat,B,0.02,success,200,,1,340,0345,2952,376,jev-1.13.0
24022001,arrest_threat__C,arrest_threat,C,0.02,success,200,,1,340,0345,2952,376,jev-1.13.0
24022001,sued_no_notice__A,sued_no_notice,A,0.03,success,200,,1,340,0345,2952,376,jev-1.13.0
24022001,sued_no_notice__B,sued_no_notice,B,0.08,success,200,,1,340,0345,2952,376,jev-1.13.0
24022001,sued_no_notice__C,sued_no_notice,C,0.02,success,200,,1,340,0345,2952,376,jev-1.13.0
24027967,identity_theft__A,identity_theft,A,0.02,success,200,,1,269,6147,2814,376,jev-1.13.0
24027967,identity_theft__B,identity_theft,B,0.07,success,200,,1,269,6147,2814,376,jev-1.13.0
24027967,identity_theft__C,identity_theft,C,0.03,success,200,,1,269,6147,2814,376,jev-1.13.0
24027967,insufficient_validation__A,insufficient_validation,A,0.03,success,200,,1,269,6147,2814,376,jev-1.13.0
24027967,insufficient_validation__B,insufficient_validation,B,0.09,success,200,,1,269,6147,2814,376,jev-1.13.0
24027967,insufficient_validation__C,insufficient_validation,C,0.08,success,200,,1,269,6147,2814,376,jev-1.13.0
24027967,wrong_amount__A,wrong_amount,A,0.03,success,200,,1,269,6147,2814,376,jev-1.13.0
24027967,wrong_amount__B,wrong_amount,B,0.13,success,200,,1,269,6147,2814,376,jev-1.13.0
24027967,wrong_amount__C,wrong_amount,C,0.04,success,200,,1,269,6147,2814,376,jev-1.13.0
24027967,credit_damage_threat__A,credit_damage_threat,A,0.04,success,200,,1,269,6147,2814,376,jev-1.13.0
24027967,credit_damage_threat__B,credit_damage_threat,B,0.04,success,200,,1,269,6147,2814,376,jev-1.13.0
24027967,credit_damage_threat__C,credit_damage_threat,C,0.04,success,200,,1,269,6147,2814,376,jev-1.13.0
24027967,arrest_threat__A,arrest_threat,A,0.73,success,200,,1,269,6147,2814,376,jev-1.13.0
24027967,arrest_threat__B,arrest_threat,B,0.9,success,200,,1,269,6147,2814,376,jev-1.13.0
24027967,arrest_threat__C,arrest_threat,C,0.87,success,200,,1,269,6147,2814,376,jev-1.13.0
24027967,sued_no_notice__A,sued_no_notice,A,0.03,success,200,,1,269,6147,2814,376,jev-1.13.0
24027967,sued_no_notice__B,sued_no_notice,B,0.97,success,200,,1,269,6147,2814,376,jev-1.13.0
24027967,sued_no_notice__C,sued_no_notice,C,0.03,success,200,,1,269,6147,2814,376,jev-1.13.0
24028396,identity_theft__A,identity_theft,A,0.02,success,200,,1,304,4848,2638,376,jev-1.13.0
24028396,identity_theft__B,identity_theft,B,0.05,success,200,,1,304,4848,2638,376,jev-1.13.0
24028396,identity_theft__C,identity_theft,C,0.03,success,200,,1,304,4848,2638,376,jev-1.13.0
24028396,insufficient_validation__A,insufficient_validation,A,0.03,success,200,,1,304,4848,2638,376,jev-1.13.0
24028396,insufficient_validation__B,insufficient_validation,B,0.05,success,200,,1,304,4848,2638,376,jev-1.13.0
24028396,insufficient_validation__C,insufficient_validation,C,0.06,success,200,,1,304,4848,2638,376,jev-1.13.0
24028396,wrong_amount__A,wrong_amount,A,0.06,success,200,,1,304,4848,2638,376,jev-1.13.0
24028396,wrong_amount__B,wrong_amount,B,0.41,success,200,,1,304,4848,2638,376,jev-1.13.0
24028396,wrong_amount__C,wrong_amount,C,0.11,success,200,,1,304,4848,2638,376,jev-1.13.0
24028396,credit_damage_threat__A,credit_damage_threat,A,0.04,success,200,,1,304,4848,2638,376,jev-1.13.0
24028396,credit_damage_threat__B,credit_damage_threat,B,0.04,success,200,,1,304,4848,2638,376,jev-1.13.0
24028396,credit_damage_threat__C,credit_damage_threat,C,0.03,success,200,,1,304,4848,2638,376,jev-1.13.0
24028396,arrest_threat__A,arrest_threat,A,0.03,success,200,,1,304,4848,2638,376,jev-1.13.0
24028396,arrest_threat__B,arrest_threat,B,0.03,success,200,,1,304,4848,2638,376,jev-1.13.0
24028396,arrest_threat__C,arrest_threat,C,0.02,success,200,,1,304,4848,2638,376,jev-1.13.0
24028396,sued_no_notice__A,sued_no_notice,A,0.02,success,200,,1,304,4848,2638,376,jev-1.13.0
24028396,sued_no_notice__B,sued_no_notice,B,0.1,success,200,,1,304,4848,2638,376,jev-1.13.0
24028396,sued_no_notice__C,sued_no_notice,C,0.03,success,200,,1,304,4848,2638,376,jev-1.13.0
24029798,identity_theft__A,identity_theft,A,0.02,success,200,,1,314,2533,2648,376,jev-1.13.0
24029798,identity_theft__B,identity_theft,B,0.38,success,200,,1,314,2533,2648,376,jev-1.13.0
24029798,identity_theft__C,identity_theft,C,0.02,success,200,,1,314,2533,2648,376,jev-1.13.0
24029798,insufficient_validation__A,insufficient_validation,A,0.02,success,200,,1,314,2533,2648,376,jev-1.13.0
24029798,insufficient_validation__B,insufficient_validation,B,0.25,success,200,,1,314,2533,2648,376,jev-1.13.0
24029798,insufficient_validation__C,insufficient_validation,C,0.14,success,200,,1,314,2533,2648,376,jev-1.13.0
24029798,wrong_amount__A,wrong_amount,A,0.22,success,200,,1,314,2533,2648,376,jev-1.13.0
24029798,wrong_amount__B,wrong_amount,B,0.91,success,200,,1,314,2533,2648,376,jev-1.13.0
24029798,wrong_amount__C,wrong_amount,C,0.89,success,200,,1,314,2533,2648,376,jev-1.13.0
24029798,credit_damage_threat__A,credit_damage_threat,A,0.03,success,200,,1,314,2533,2648,376,jev-1.13.0
24029798,credit_damage_threat__B,credit_damage_threat,B,0.04,success,200,,1,314,2533,2648,376,jev-1.13.0
24029798,credit_damage_threat__C,credit_damage_threat,C,0.02,success,200,,1,314,2533,2648,376,jev-1.13.0
24029798,arrest_threat__A,arrest_threat,A,0.03,success,200,,1,314,2533,2648,376,jev-1.13.0
24029798,arrest_threat__B,arrest_threat,B,0.02,success,200,,1,314,2533,2648,376,jev-1.13.0
24029798,arrest_threat__C,arrest_threat,C,0.01,success,200,,1,314,2533,2648,376,jev-1.13.0
24029798,sued_no_notice__A,sued_no_notice,A,0.02,success,200,,1,314,2533,2648,376,jev-1.13.0
24029798,sued_no_notice__B,sued_no_notice,B,0.03,success,200,,1,314,2533,2648,376,jev-1.13.0
24029798,sued_no_notice__C,sued_no_notice,C,0.01,success,200,,1,314,2533,2648,376,jev-1.13.0
24031798,identity_theft__A,identity_theft,A,0.03,success,200,,1,354,8384,2892,376,jev-1.13.0
24031798,identity_theft__B,identity_theft,B,0.97,success,200,,1,354,8384,2892,376,jev-1.13.0
24031798,identity_theft__C,identity_theft,C,0.06,success,200,,1,354,8384,2892,376,jev-1.13.0
24031798,insufficient_validation__A,insufficient_validation,A,0.08,success,200,,1,354,8384,2892,376,jev-1.13.0
24031798,insufficient_validation__B,insufficient_validation,B,0.99,success,200,,1,354,8384,2892,376,jev-1.13.0
24031798,insufficient_validation__C,insufficient_validation,C,0.34,success,200,,1,354,8384,2892,376,jev-1.13.0
24031798,wrong_amount__A,wrong_amount,A,0.09,success,200,,1,354,8384,2892,376,jev-1.13.0
24031798,wrong_amount__B,wrong_amount,B,0.99,success,200,,1,354,8384,2892,376,jev-1.13.0
24031798,wrong_amount__C,wrong_amount,C,0.08,success,200,,1,354,8384,2892,376,jev-1.13.0
24031798,credit_damage_threat__A,credit_damage_threat,A,0.05,success,200,,1,354,8384,2892,376,jev-1.13.0
24031798,credit_damage_threat__B,credit_damage_threat,B,0.84,success,200,,1,354,8384,2892,376,jev-1.13.0
24031798,credit_damage_threat__C,credit_damage_threat,C,0.02,success,200,,1,354,8384,2892,376,jev-1.13.0
24031798,arrest_threat__A,arrest_threat,A,0.03,success,200,,1,354,8384,2892,376,jev-1.13.0
24031798,arrest_threat__B,arrest_threat,B,0.02,success,200,,1,354,8384,2892,376,jev-1.13.0
24031798,arrest_threat__C,arrest_threat,C,0.01,success,200,,1,354,8384,2892,376,jev-1.13.0
24031798,sued_no_notice__A,sued_no_notice,A,0.03,success,200,,1,354,8384,2892,376,jev-1.13.0
24031798,sued_no_notice__B,sued_no_notice,B,0.04,success,200,,1,354,8384,2892,376,jev-1.13.0
24031798,sued_no_notice__C,sued_no_notice,C,0.01,success,200,,1,354,8384,2892,376,jev-1.13.0
24113077,identity_theft__A,identity_theft,A,0.03,success,200,,1,315,0428,2703,376,jev-1.13.0
24113077,identity_theft__B,identity_theft,B,0.91,success,200,,1,315,0428,2703,376,jev-1.13.0
24113077,identity_theft__C,identity_theft,C,0.34,success,200,,1,315,0428,2703,376,jev-1.13.0
24113077,insufficient_validation__A,insufficient_validation,A,0.25,success,200,,1,315,0428,2703,376,jev-1.13.0
24113077,insufficient_validation__B,insufficient_validation,B,0.77,success,200,,1,315,0428,2703,376,jev-1.13.0
24113077,insufficient_validation__C,insufficient_validation,C,0.95,success,200,,1,315,0428,2703,376,jev-1.13.0
24113077,wrong_amount__A,wrong_amount,A,0.07,success,200,,1,315,0428,2703,376,jev-1.13.0
24113077,wrong_amount__B,wrong_amount,B,0.99,success,200,,1,315,0428,2703,376,jev-1.13.0
24113077,wrong_amount__C,wrong_amount,C,0.65,success,200,,1,315,0428,2703,376,jev-1.13.0
24113077,credit_damage_threat__A,credit_damage_threat,A,0.04,success,200,,1,315,0428,2703,376,jev-1.13.0
24113077,credit_damage_threat__B,credit_damage_threat,B,0.59,success,200,,1,315,0428,2703,376,jev-1.13.0
24113077,credit_damage_threat__C,credit_damage_threat,C,0.04,success,200,,1,315,0428,2703,376,jev-1.13.0
24113077,arrest_threat__A,arrest_threat,A,0.03,success,200,,1,315,0428,2703,376,jev-1.13.0
24113077,arrest_threat__B,arrest_threat,B,0.03,success,200,,1,315,0428,2703,376,jev-1.13.0
24113077,arrest_threat__C,arrest_threat,C,0.02,success,200,,1,315,0428,2703,376,jev-1.13.0
24113077,sued_no_notice__A,sued_no_notice,A,0.03,success,200,,1,315,0428,2703,376,jev-1.13.0
24113077,sued_no_notice__B,sued_no_notice,B,0.06,success,200,,1,315,0428,2703,376,jev-1.13.0
24113077,sued_no_notice__C,sued_no_notice,C,0.02,success,200,,1,315,0428,2703,376,jev-1.13.0
24116329,identity_theft__A,identity_theft,A,0.02,success,200,,1,337,3456,2689,376,jev-1.13.0
24116329,identity_theft__B,identity_theft,B,0.34,success,200,,1,337,3456,2689,376,jev-1.13.0
24116329,identity_theft__C,identity_theft,C,0.03,success,200,,1,337,3456,2689,376,jev-1.13.0
24116329,insufficient_validation__A,insufficient_validation,A,0.03,success,200,,1,337,3456,2689,376,jev-1.13.0
24116329,insufficient_validation__B,insufficient_validation,B,0.08,success,200,,1,337,3456,2689,376,jev-1.13.0
24116329,insufficient_validation__C,insufficient_validation,C,0.33,success,200,,1,337,3456,2689,376,jev-1.13.0
24116329,wrong_amount__A,wrong_amount,A,0.06,success,200,,1,337,3456,2689,376,jev-1.13.0
24116329,wrong_amount__B,wrong_amount,B,0.87,success,200,,1,337,3456,2689,376,jev-1.13.0
24116329,wrong_amount__C,wrong_amount,C,0.33,success,200,,1,337,3456,2689,376,jev-1.13.0
24116329,credit_damage_threat__A,credit_damage_threat,A,0.91,success,200,,1,337,3456,2689,376,jev-1.13.0
24116329,credit_damage_threat__B,credit_damage_threat,B,0.98,success,200,,1,337,3456,2689,376,jev-1.13.0
24116329,credit_damage_threat__C,credit_damage_threat,C,0.96,success,200,,1,337,3456,2689,376,jev-1.13.0
24116329,arrest_threat__A,arrest_threat,A,0.03,success,200,,1,337,3456,2689,376,jev-1.13.0
24116329,arrest_threat__B,arrest_threat,B,0.03,success,200,,1,337,3456,2689,376,jev-1.13.0
24116329,arrest_threat__C,arrest_threat,C,0.02,success,200,,1,337,3456,2689,376,jev-1.13.0
24116329,sued_no_notice__A,sued_no_notice,A,0.02,success,200,,1,337,3456,2689,376,jev-1.13.0
24116329,sued_no_notice__B,sued_no_notice,B,0.05,success,200,,1,337,3456,2689,376,jev-1.13.0
24116329,sued_no_notice__C,sued_no_notice,C,0.02,success,200,,1,337,3456,2689,376,jev-1.13.0
24117666,identity_theft__A,identity_theft,A,0.99,success,200,,1,279,5755,3187,376,jev-1.13.0
24117666,identity_theft__B,identity_theft,B,0.99,success,200,,1,279,5755,3187,376,jev-1.13.0
24117666,identity_theft__C,identity_theft,C,0.99,success,200,,1,279,5755,3187,376,jev-1.13.0
24117666,insufficient_validation__A,insufficient_validation,A,0.04,success,200,,1,279,5755,3187,376,jev-1.13.0
24117666,insufficient_validation__B,insufficient_validation,B,0.18,success,200,,1,279,5755,3187,376,jev-1.13.0
24117666,insufficient_validation__C,insufficient_validation,C,0.06,success,200,,1,279,5755,3187,376,jev-1.13.0
24117666,wrong_amount__A,wrong_amount,A,0.54,success,200,,1,279,5755,3187,376,jev-1.13.0
24117666,wrong_amount__B,wrong_amount,B,0.57,success,200,,1,279,5755,3187,376,jev-1.13.0
24117666,wrong_amount__C,wrong_amount,C,0.18,success,200,,1,279,5755,3187,376,jev-1.13.0
24117666,credit_damage_threat__A,credit_damage_threat,A,0.05,success,200,,1,279,5755,3187,376,jev-1.13.0
24117666,credit_damage_threat__B,credit_damage_threat,B,0.95,success,200,,1,279,5755,3187,376,jev-1.13.0
24117666,credit_damage_threat__C,credit_damage_threat,C,0.03,success,200,,1,279,5755,3187,376,jev-1.13.0
24117666,arrest_threat__A,arrest_threat,A,0.03,success,200,,1,279,5755,3187,376,jev-1.13.0
24117666,arrest_threat__B,arrest_threat,B,0.03,success,200,,1,279,5755,3187,376,jev-1.13.0
24117666,arrest_threat__C,arrest_threat,C,0.02,success,200,,1,279,5755,3187,376,jev-1.13.0
24117666,sued_no_notice__A,sued_no_notice,A,0.03,success,200,,1,279,5755,3187,376,jev-1.13.0
24117666,sued_no_notice__B,sued_no_notice,B,0.09,success,200,,1,279,5755,3187,376,jev-1.13.0
24117666,sued_no_notice__C,sued_no_notice,C,0.01,success,200,,1,279,5755,3187,376,jev-1.13.0
24118676,identity_theft__A,identity_theft,A,0.02,success,200,,1,322,9154,2618,376,jev-1.13.0
24118676,identity_theft__B,identity_theft,B,0.05,success,200,,1,322,9154,2618,376,jev-1.13.0
24118676,identity_theft__C,identity_theft,C,0.03,success,200,,1,322,9154,2618,376,jev-1.13.0
24118676,insufficient_validation__A,insufficient_validation,A,0.02,success,200,,1,322,9154,2618,376,jev-1.13.0
24118676,insufficient_validation__B,insufficient_validation,B,0.04,success,200,,1,322,9154,2618,376,jev-1.13.0
24118676,insufficient_validation__C,insufficient_validation,C,0.12,success,200,,1,322,9154,2618,376,jev-1.13.0
24118676,wrong_amount__A,wrong_amount,A,0.03,success,200,,1,322,9154,2618,376,jev-1.13.0
24118676,wrong_amount__B,wrong_amount,B,0.06,success,200,,1,322,9154,2618,376,jev-1.13.0
24118676,wrong_amount__C,wrong_amount,C,0.04,success,200,,1,322,9154,2618,376,jev-1.13.0
24118676,credit_damage_threat__A,credit_damage_threat,A,0.04,success,200,,1,322,9154,2618,376,jev-1.13.0
24118676,credit_damage_threat__B,credit_damage_threat,B,0.04,success,200,,1,322,9154,2618,376,jev-1.13.0
24118676,credit_damage_threat__C,credit_damage_threat,C,0.03,success,200,,1,322,9154,2618,376,jev-1.13.0
24118676,arrest_threat__A,arrest_threat,A,0.03,success,200,,1,322,9154,2618,376,jev-1.13.0
24118676,arrest_threat__B,arrest_threat,B,0.07,success,200,,1,322,9154,2618,376,jev-1.13.0
24118676,arrest_threat__C,arrest_threat,C,0.02,success,200,,1,322,9154,2618,376,jev-1.13.0
24118676,sued_no_notice__A,sued_no_notice,A,0.02,success,200,,1,322,9154,2618,376,jev-1.13.0
24118676,sued_no_notice__B,sued_no_notice,B,0.92,success,200,,1,322,9154,2618,376,jev-1.13.0
24118676,sued_no_notice__C,sued_no_notice,C,0.02,success,200,,1,322,9154,2618,376,jev-1.13.0
24119830,identity_theft__A,identity_theft,A,0.31,success,200,,1,290,4742,3534,376,jev-1.13.0
24119830,identity_theft__B,identity_theft,B,0.09,success,200,,1,290,4742,3534,376,jev-1.13.0
24119830,identity_theft__C,identity_theft,C,0.17,success,200,,1,290,4742,3534,376,jev-1.13.0
24119830,insufficient_validation__A,insufficient_validation,A,0.05,success,200,,1,290,4742,3534,376,jev-1.13.0
24119830,insufficient_validation__B,insufficient_validation,B,0.99,success,200,,1,290,4742,3534,376,jev-1.13.0
24119830,insufficient_validation__C,insufficient_validation,C,0.86,success,200,,1,290,4742,3534,376,jev-1.13.0
24119830,wrong_amount__A,wrong_amount,A,0.03,success,200,,1,290,4742,3534,376,jev-1.13.0
24119830,wrong_amount__B,wrong_amount,B,0.18,success,200,,1,290,4742,3534,376,jev-1.13.0
24119830,wrong_amount__C,wrong_amount,C,0.03,success,200,,1,290,4742,3534,376,jev-1.13.0
24119830,credit_damage_threat__A,credit_damage_threat,A,0.09,success,200,,1,290,4742,3534,376,jev-1.13.0
24119830,credit_damage_threat__B,credit_damage_threat,B,0.73,success,200,,1,290,4742,3534,376,jev-1.13.0
24119830,credit_damage_threat__C,credit_damage_threat,C,0.04,success,200,,1,290,4742,3534,376,jev-1.13.0
24119830,arrest_threat__A,arrest_threat,A,0.02,success,200,,1,290,4742,3534,376,jev-1.13.0
24119830,arrest_threat__B,arrest_threat,B,0.03,success,200,,1,290,4742,3534,376,jev-1.13.0
24119830,arrest_threat__C,arrest_threat,C,0.02,success,200,,1,290,4742,3534,376,jev-1.13.0
24119830,sued_no_notice__A,sued_no_notice,A,0.02,success,200,,1,290,4742,3534,376,jev-1.13.0
24119830,sued_no_notice__B,sued_no_notice,B,0.23,success,200,,1,290,4742,3534,376,jev-1.13.0
24119830,sued_no_notice__C,sued_no_notice,C,0.01,success,200,,1,290,4742,3534,376,jev-1.13.0
24120432,identity_theft__A,identity_theft,A,0.97,success,200,,1,310,3679,2693,376,jev-1.13.0
24120432,identity_theft__B,identity_theft,B,0.97,success,200,,1,310,3679,2693,376,jev-1.13.0
24120432,identity_theft__C,identity_theft,C,0.97,success,200,,1,310,3679,2693,376,jev-1.13.0
24120432,insufficient_validation__A,insufficient_validation,A,0.02,success,200,,1,310,3679,2693,376,jev-1.13.0
24120432,insufficient_validation__B,insufficient_validation,B,0.07,success,200,,1,310,3679,2693,376,jev-1.13.0
24120432,insufficient_validation__C,insufficient_validation,C,0.07,success,200,,1,310,3679,2693,376,jev-1.13.0
24120432,wrong_amount__A,wrong_amount,A,0.04,success,200,,1,310,3679,2693,376,jev-1.13.0
24120432,wrong_amount__B,wrong_amount,B,0.77,success,200,,1,310,3679,2693,376,jev-1.13.0
24120432,wrong_amount__C,wrong_amount,C,0.04,success,200,,1,310,3679,2693,376,jev-1.13.0
24120432,credit_damage_threat__A,credit_damage_threat,A,0.04,success,200,,1,310,3679,2693,376,jev-1.13.0
24120432,credit_damage_threat__B,credit_damage_threat,B,0.41,success,200,,1,310,3679,2693,376,jev-1.13.0
24120432,credit_damage_threat__C,credit_damage_threat,C,0.03,success,200,,1,310,3679,2693,376,jev-1.13.0
24120432,arrest_threat__A,arrest_threat,A,0.03,success,200,,1,310,3679,2693,376,jev-1.13.0
24120432,arrest_threat__B,arrest_threat,B,0.03,success,200,,1,310,3679,2693,376,jev-1.13.0
24120432,arrest_threat__C,arrest_threat,C,0.01,success,200,,1,310,3679,2693,376,jev-1.13.0
24120432,sued_no_notice__A,sued_no_notice,A,0.03,success,200,,1,310,3679,2693,376,jev-1.13.0
24120432,sued_no_notice__B,sued_no_notice,B,0.11,success,200,,1,310,3679,2693,376,jev-1.13.0
24120432,sued_no_notice__C,sued_no_notice,C,0.02,success,200,,1,310,3679,2693,376,jev-1.13.0
24120775,identity_theft__A,identity_theft,A,0.02,success,200,,1,279,2829,2946,376,jev-1.13.0
24120775,identity_theft__B,identity_theft,B,0.27,success,200,,1,279,2829,2946,376,jev-1.13.0
24120775,identity_theft__C,identity_theft,C,0.02,success,200,,1,279,2829,2946,376,jev-1.13.0
24120775,insufficient_validation__A,insufficient_validation,A,0.03,success,200,,1,279,2829,2946,376,jev-1.13.0
24120775,insufficient_validation__B,insufficient_validation,B,0.34,success,200,,1,279,2829,2946,376,jev-1.13.0
24120775,insufficient_validation__C,insufficient_validation,C,0.08,success,200,,1,279,2829,2946,376,jev-1.13.0
24120775,wrong_amount__A,wrong_amount,A,0.56,success,200,,1,279,2829,2946,376,jev-1.13.0
24120775,wrong_amount__B,wrong_amount,B,0.98,success,200,,1,279,2829,2946,376,jev-1.13.0
24120775,wrong_amount__C,wrong_amount,C,0.9,success,200,,1,279,2829,2946,376,jev-1.13.0
24120775,credit_damage_threat__A,credit_damage_threat,A,0.06,success,200,,1,279,2829,2946,376,jev-1.13.0
24120775,credit_damage_threat__B,credit_damage_threat,B,0.94,success,200,,1,279,2829,2946,376,jev-1.13.0
24120775,credit_damage_threat__C,credit_damage_threat,C,0.04,success,200,,1,279,2829,2946,376,jev-1.13.0
24120775,arrest_threat__A,arrest_threat,A,0.03,success,200,,1,279,2829,2946,376,jev-1.13.0
24120775,arrest_threat__B,arrest_threat,B,0.03,success,200,,1,279,2829,2946,376,jev-1.13.0
24120775,arrest_threat__C,arrest_threat,C,0.01,success,200,,1,279,2829,2946,376,jev-1.13.0
24120775,sued_no_notice__A,sued_no_notice,A,0.03,success,200,,1,279,2829,2946,376,jev-1.13.0
24120775,sued_no_notice__B,sued_no_notice,B,0.09,success,200,,1,279,2829,2946,376,jev-1.13.0
24120775,sued_no_notice__C,sued_no_notice,C,0.01,success,200,,1,279,2829,2946,376,jev-1.13.0
24121004,identity_theft__A,identity_theft,A,0.03,success,200,,1,325,4432,2758,376,jev-1.13.0
24121004,identity_theft__B,identity_theft,B,0.1,success,200,,1,325,4432,2758,376,jev-1.13.0
24121004,identity_theft__C,identity_theft,C,0.03,success,200,,1,325,4432,2758,376,jev-1.13.0
24121004,insufficient_validation__A,insufficient_validation,A,0.03,success,200,,1,325,4432,2758,376,jev-1.13.0
24121004,insufficient_validation__B,insufficient_validation,B,0.86,success,200,,1,325,4432,2758,376,jev-1.13.0
24121004,insufficient_validation__C,insufficient_validation,C,0.14,success,200,,1,325,4432,2758,376,jev-1.13.0
24121004,wrong_amount__A,wrong_amount,A,0.2,success,200,,1,325,4432,2758,376,jev-1.13.0
24121004,wrong_amount__B,wrong_amount,B,0.96,success,200,,1,325,4432,2758,376,jev-1.13.0
24121004,wrong_amount__C,wrong_amount,C,0.43,success,200,,1,325,4432,2758,376,jev-1.13.0
24121004,credit_damage_threat__A,credit_damage_threat,A,0.04,success,200,,1,325,4432,2758,376,jev-1.13.0
24121004,credit_damage_threat__B,credit_damage_threat,B,0.45,success,200,,1,325,4432,2758,376,jev-1.13.0
24121004,credit_damage_threat__C,credit_damage_threat,C,0.02,success,200,,1,325,4432,2758,376,jev-1.13.0
24121004,arrest_threat__A,arrest_threat,A,0.02,success,200,,1,325,4432,2758,376,jev-1.13.0
24121004,arrest_threat__B,arrest_threat,B,0.02,success,200,,1,325,4432,2758,376,jev-1.13.0
24121004,arrest_threat__C,arrest_threat,C,0.01,success,200,,1,325,4432,2758,376,jev-1.13.0
24121004,sued_no_notice__A,sued_no_notice,A,0.03,success,200,,1,325,4432,2758,376,jev-1.13.0
24121004,sued_no_notice__B,sued_no_notice,B,0.04,success,200,,1,325,4432,2758,376,jev-1.13.0
24121004,sued_no_notice__C,sued_no_notice,C,0.01,success,200,,1,325,4432,2758,376,jev-1.13.0
24122299,identity_theft__A,identity_theft,A,0.03,success,200,,1,304,0661,2817,376,jev-1.13.0
24122299,identity_theft__B,identity_theft,B,0.33,success,200,,1,304,0661,2817,376,jev-1.13.0
24122299,identity_theft__C,identity_theft,C,0.03,success,200,,1,304,0661,2817,376,jev-1.13.0
24122299,insufficient_validation__A,insufficient_validation,A,0.14,success,200,,1,304,0661,2817,376,jev-1.13.0
24122299,insufficient_validation__B,insufficient_validation,B,0.98,success,200,,1,304,0661,2817,376,jev-1.13.0
24122299,insufficient_validation__C,insufficient_validation,C,0.59,success,200,,1,304,0661,2817,376,jev-1.13.0
24122299,wrong_amount__A,wrong_amount,A,0.04,success,200,,1,304,0661,2817,376,jev-1.13.0
24122299,wrong_amount__B,wrong_amount,B,0.1,success,200,,1,304,0661,2817,376,jev-1.13.0
24122299,wrong_amount__C,wrong_amount,C,0.05,success,200,,1,304,0661,2817,376,jev-1.13.0
24122299,credit_damage_threat__A,credit_damage_threat,A,0.04,success,200,,1,304,0661,2817,376,jev-1.13.0
24122299,credit_damage_threat__B,credit_damage_threat,B,0.93,success,200,,1,304,0661,2817,376,jev-1.13.0
24122299,credit_damage_threat__C,credit_damage_threat,C,0.03,success,200,,1,304,0661,2817,376,jev-1.13.0
24122299,arrest_threat__A,arrest_threat,A,0.03,success,200,,1,304,0661,2817,376,jev-1.13.0
24122299,arrest_threat__B,arrest_threat,B,0.02,success,200,,1,304,0661,2817,376,jev-1.13.0
24122299,arrest_threat__C,arrest_threat,C,0.01,success,200,,1,304,0661,2817,376,jev-1.13.0
24122299,sued_no_notice__A,sued_no_notice,A,0.02,success,200,,1,304,0661,2817,376,jev-1.13.0
24122299,sued_no_notice__B,sued_no_notice,B,0.09,success,200,,1,304,0661,2817,376,jev-1.13.0
24122299,sued_no_notice__C,sued_no_notice,C,0.01,success,200,,1,304,0661,2817,376,jev-1.13.0
24123936,identity_theft__A,identity_theft,A,0.03,success,200,,1,367,437,2720,376,jev-1.13.0
24123936,identity_theft__B,identity_theft,B,0.96,success,200,,1,367,437,2720,376,jev-1.13.0
24123936,identity_theft__C,identity_theft,C,0.2,success,200,,1,367,437,2720,376,jev-1.13.0
24123936,insufficient_validation__A,insufficient_validation,A,0.04,success,200,,1,367,437,2720,376,jev-1.13.0
24123936,insufficient_validation__B,insufficient_validation,B,0.54,success,200,,1,367,437,2720,376,jev-1.13.0
24123936,insufficient_validation__C,insufficient_validation,C,0.81,success,200,,1,367,437,2720,376,jev-1.13.0
24123936,wrong_amount__A,wrong_amount,A,0.05,success,200,,1,367,437,2720,376,jev-1.13.0
24123936,wrong_amount__B,wrong_amount,B,0.73,success,200,,1,367,437,2720,376,jev-1.13.0
24123936,wrong_amount__C,wrong_amount,C,0.05,success,200,,1,367,437,2720,376,jev-1.13.0
24123936,credit_damage_threat__A,credit_damage_threat,A,0.05,success,200,,1,367,437,2720,376,jev-1.13.0
24123936,credit_damage_threat__B,credit_damage_threat,B,0.6,success,200,,1,367,437,2720,376,jev-1.13.0
24123936,credit_damage_threat__C,credit_damage_threat,C,0.04,success,200,,1,367,437,2720,376,jev-1.13.0
24123936,arrest_threat__A,arrest_threat,A,0.03,success,200,,1,367,437,2720,376,jev-1.13.0
24123936,arrest_threat__B,arrest_threat,B,0.03,success,200,,1,367,437,2720,376,jev-1.13.0
24123936,arrest_threat__C,arrest_threat,C,0.02,success,200,,1,367,437,2720,376,jev-1.13.0
24123936,sued_no_notice__A,sued_no_notice,A,0.04,success,200,,1,367,437,2720,376,jev-1.13.0
24123936,sued_no_notice__B,sued_no_notice,B,0.07,success,200,,1,367,437,2720,376,jev-1.13.0
24123936,sued_no_notice__C,sued_no_notice,C,0.03,success,200,,1,367,437,2720,376,jev-1.13.0
24130915,identity_theft__A,identity_theft,A,0.03,success,200,,1,393,5048,2787,376,jev-1.13.0
24130915,identity_theft__B,identity_theft,B,0.69,success,200,,1,393,5048,2787,376,jev-1.13.0
24130915,identity_theft__C,identity_theft,C,0.04,success,200,,1,393,5048,2787,376,jev-1.13.0
24130915,insufficient_validation__A,insufficient_validation,A,0.55,success,200,,1,393,5048,2787,376,jev-1.13.0
24130915,insufficient_validation__B,insufficient_validation,B,0.99,success,200,,1,393,5048,2787,376,jev-1.13.0
24130915,insufficient_validation__C,insufficient_validation,C,0.89,success,200,,1,393,5048,2787,376,jev-1.13.0
24130915,wrong_amount__A,wrong_amount,A,0.05,success,200,,1,393,5048,2787,376,jev-1.13.0
24130915,wrong_amount__B,wrong_amount,B,0.13,success,200,,1,393,5048,2787,376,jev-1.13.0
24130915,wrong_amount__C,wrong_amount,C,0.05,success,200,,1,393,5048,2787,376,jev-1.13.0
24130915,credit_damage_threat__A,credit_damage_threat,A,0.03,success,200,,1,393,5048,2787,376,jev-1.13.0
24130915,credit_damage_threat__B,credit_damage_threat,B,0.9,success,200,,1,393,5048,2787,376,jev-1.13.0
24130915,credit_damage_threat__C,credit_damage_threat,C,0.02,success,200,,1,393,5048,2787,376,jev-1.13.0
24130915,arrest_threat__A,arrest_threat,A,0.03,success,200,,1,393,5048,2787,376,jev-1.13.0
24130915,arrest_threat__B,arrest_threat,B,0.02,success,200,,1,393,5048,2787,376,jev-1.13.0
24130915,arrest_threat__C,arrest_threat,C,0.01,success,200,,1,393,5048,2787,376,jev-1.13.0
24130915,sued_no_notice__A,sued_no_notice,A,0.03,success,200,,1,393,5048,2787,376,jev-1.13.0
24130915,sued_no_notice__B,sued_no_notice,B,0.07,success,200,,1,393,5048,2787,376,jev-1.13.0
24130915,sued_no_notice__C,sued_no_notice,C,0.02,success,200,,1,393,5048,2787,376,jev-1.13.0
24131786,identity_theft__A,identity_theft,A,0.03,success,200,,1,307,6528,2948,376,jev-1.13.0
24131786,identity_theft__B,identity_theft,B,0.99,success,200,,1,307,6528,2948,376,jev-1.13.0
24131786,identity_theft__C,identity_theft,C,0.16,success,200,,1,307,6528,2948,376,jev-1.13.0
24131786,insufficient_validation__A,insufficient_validation,A,0.38,success,200,,1,307,6528,2948,376,jev-1.13.0
24131786,insufficient_validation__B,insufficient_validation,B,0.99,success,200,,1,307,6528,2948,376,jev-1.13.0
24131786,insufficient_validation__C,insufficient_validation,C,0.96,success,200,,1,307,6528,2948,376,jev-1.13.0
24131786,wrong_amount__A,wrong_amount,A,0.12,success,200,,1,307,6528,2948,376,jev-1.13.0
24131786,wrong_amount__B,wrong_amount,B,0.85,success,200,,1,307,6528,2948,376,jev-1.13.0
24131786,wrong_amount__C,wrong_amount,C,0.06,success,200,,1,307,6528,2948,376,jev-1.13.0
24131786,credit_damage_threat__A,credit_damage_threat,A,0.05,success,200,,1,307,6528,2948,376,jev-1.13.0
24131786,credit_damage_threat__B,credit_damage_threat,B,0.91,success,200,,1,307,6528,2948,376,jev-1.13.0
24131786,credit_damage_threat__C,credit_damage_threat,C,0.05,success,200,,1,307,6528,2948,376,jev-1.13.0
24131786,arrest_threat__A,arrest_threat,A,0.03,success,200,,1,307,6528,2948,376,jev-1.13.0
24131786,arrest_threat__B,arrest_threat,B,0.02,success,200,,1,307,6528,2948,376,jev-1.13.0
24131786,arrest_threat__C,arrest_threat,C,0.02,success,200,,1,307,6528,2948,376,jev-1.13.0
24131786,sued_no_notice__A,sued_no_notice,A,0.03,success,200,,1,307,6528,2948,376,jev-1.13.0
24131786,sued_no_notice__B,sued_no_notice,B,0.04,success,200,,1,307,6528,2948,376,jev-1.13.0
24131786,sued_no_notice__C,sued_no_notice,C,0.01,success,200,,1,307,6528,2948,376,jev-1.13.0
24131825,identity_theft__A,identity_theft,A,0.02,success,200,,1,264,7356,2842,376,jev-1.13.0
24131825,identity_theft__B,identity_theft,B,0.06,success,200,,1,264,7356,2842,376,jev-1.13.0
24131825,identity_theft__C,identity_theft,C,0.02,success,200,,1,264,7356,2842,376,jev-1.13.0
24131825,insufficient_validation__A,insufficient_validation,A,0.04,success,200,,1,264,7356,2842,376,jev-1.13.0
24131825,insufficient_validation__B,insufficient_validation,B,0.24,success,200,,1,264,7356,2842,376,jev-1.13.0
24131825,insufficient_validation__C,insufficient_validation,C,0.14,success,200,,1,264,7356,2842,376,jev-1.13.0
24131825,wrong_amount__A,wrong_amount,A,0.04,success,200,,1,264,7356,2842,376,jev-1.13.0
24131825,wrong_amount__B,wrong_amount,B,0.1,success,200,,1,264,7356,2842,376,jev-1.13.0
24131825,wrong_amount__C,wrong_amount,C,0.05,success,200,,1,264,7356,2842,376,jev-1.13.0
24131825,credit_damage_threat__A,credit_damage_threat,A,0.04,success,200,,1,264,7356,2842,376,jev-1.13.0
24131825,credit_damage_threat__B,credit_damage_threat,B,0.04,success,200,,1,264,7356,2842,376,jev-1.13.0
24131825,credit_damage_threat__C,credit_damage_threat,C,0.03,success,200,,1,264,7356,2842,376,jev-1.13.0
24131825,arrest_threat__A,arrest_threat,A,0.03,success,200,,1,264,7356,2842,376,jev-1.13.0
24131825,arrest_threat__B,arrest_threat,B,0.03,success,200,,1,264,7356,2842,376,jev-1.13.0
24131825,arrest_threat__C,arrest_threat,C,0.02,success,200,,1,264,7356,2842,376,jev-1.13.0
24131825,sued_no_notice__A,sued_no_notice,A,0.96,success,200,,1,264,7356,2842,376,jev-1.13.0
24131825,sued_no_notice__B,sued_no_notice,B,0.99,success,200,,1,264,7356,2842,376,jev-1.13.0
24131825,sued_no_notice__C,sued_no_notice,C,0.96,success,200,,1,264,7356,2842,376,jev-1.13.0
24132447,identity_theft__A,identity_theft,A,0.03,success,200,,1,365,5263,2644,376,jev-1.13.0
24132447,identity_theft__B,identity_theft,B,0.75,success,200,,1,365,5263,2644,376,jev-1.13.0
24132447,identity_theft__C,identity_theft,C,0.05,success,200,,1,365,5263,2644,376,jev-1.13.0
24132447,insufficient_validation__A,insufficient_validation,A,0.4,success,200,,1,365,5263,2644,376,jev-1.13.0
24132447,insufficient_validation__B,insufficient_validation,B,0.9,success,200,,1,365,5263,2644,376,jev-1.13.0
24132447,insufficient_validation__C,insufficient_validation,C,0.88,success,200,,1,365,5263,2644,376,jev-1.13.0
24132447,wrong_amount__A,wrong_amount,A,0.18,success,200,,1,365,5263,2644,376,jev-1.13.0
24132447,wrong_amount__B,wrong_amount,B,0.6,success,200,,1,365,5263,2644,376,jev-1.13.0
24132447,wrong_amount__C,wrong_amount,C,0.2,success,200,,1,365,5263,2644,376,jev-1.13.0
24132447,credit_damage_threat__A,credit_damage_threat,A,0.05,success,200,,1,365,5263,2644,376,jev-1.13.0
24132447,credit_damage_threat__B,credit_damage_threat,B,0.94,success,200,,1,365,5263,2644,376,jev-1.13.0
24132447,credit_damage_threat__C,credit_damage_threat,C,0.04,success,200,,1,365,5263,2644,376,jev-1.13.0
24132447,arrest_threat__A,arrest_threat,A,0.03,success,200,,1,365,5263,2644,376,jev-1.13.0
24132447,arrest_threat__B,arrest_threat,B,0.02,success,200,,1,365,5263,2644,376,jev-1.13.0
24132447,arrest_threat__C,arrest_threat,C,0.01,success,200,,1,365,5263,2644,376,jev-1.13.0
24132447,sued_no_notice__A,sued_no_notice,A,0.03,success,200,,1,365,5263,2644,376,jev-1.13.0
24132447,sued_no_notice__B,sued_no_notice,B,0.04,success,200,,1,365,5263,2644,376,jev-1.13.0
24132447,sued_no_notice__C,sued_no_notice,C,0.02,success,200,,1,365,5263,2644,376,jev-1.13.0
24138982,identity_theft__A,identity_theft,A,0.02,success,200,,1,282,908,2815,376,jev-1.13.0
24138982,identity_theft__B,identity_theft,B,0.33,success,200,,1,282,908,2815,376,jev-1.13.0
24138982,identity_theft__C,identity_theft,C,0.02,success,200,,1,282,908,2815,376,jev-1.13.0
24138982,insufficient_validation__A,insufficient_validation,A,0.04,success,200,,1,282,908,2815,376,jev-1.13.0
24138982,insufficient_validation__B,insufficient_validation,B,0.93,success,200,,1,282,908,2815,376,jev-1.13.0
24138982,insufficient_validation__C,insufficient_validation,C,0.89,success,200,,1,282,908,2815,376,jev-1.13.0
24138982,wrong_amount__A,wrong_amount,A,0.03,success,200,,1,282,908,2815,376,jev-1.13.0
24138982,wrong_amount__B,wrong_amount,B,0.07,success,200,,1,282,908,2815,376,jev-1.13.0
24138982,wrong_amount__C,wrong_amount,C,0.05,success,200,,1,282,908,2815,376,jev-1.13.0
24138982,credit_damage_threat__A,credit_damage_threat,A,0.04,success,200,,1,282,908,2815,376,jev-1.13.0
24138982,credit_damage_threat__B,credit_damage_threat,B,0.04,success,200,,1,282,908,2815,376,jev-1.13.0
24138982,credit_damage_threat__C,credit_damage_threat,C,0.02,success,200,,1,282,908,2815,376,jev-1.13.0
24138982,arrest_threat__A,arrest_threat,A,0.03,success,200,,1,282,908,2815,376,jev-1.13.0
24138982,arrest_threat__B,arrest_threat,B,0.02,success,200,,1,282,908,2815,376,jev-1.13.0
24138982,arrest_threat__C,arrest_threat,C,0.02,success,200,,1,282,908,2815,376,jev-1.13.0
24138982,sued_no_notice__A,sued_no_notice,A,0.03,success,200,,1,282,908,2815,376,jev-1.13.0
24138982,sued_no_notice__B,sued_no_notice,B,0.98,success,200,,1,282,908,2815,376,jev-1.13.0
24138982,sued_no_notice__C,sued_no_notice,C,0.04,success,200,,1,282,908,2815,376,jev-1.13.0
24139746,identity_theft__A,identity_theft,A,0.03,success,200,,1,334,2453,3096,376,jev-1.13.0
24139746,identity_theft__B,identity_theft,B,0.33,success,200,,1,334,2453,3096,376,jev-1.13.0
24139746,identity_theft__C,identity_theft,C,0.03,success,200,,1,334,2453,3096,376,jev-1.13.0
24139746,insufficient_validation__A,insufficient_validation,A,0.12,success,200,,1,334,2453,3096,376,jev-1.13.0
24139746,insufficient_validation__B,insufficient_validation,B,0.99,success,200,,1,334,2453,3096,376,jev-1.13.0
24139746,insufficient_validation__C,insufficient_validation,C,0.95,success,200,,1,334,2453,3096,376,jev-1.13.0
24139746,wrong_amount__A,wrong_amount,A,0.05,success,200,,1,334,2453,3096,376,jev-1.13.0
24139746,wrong_amount__B,wrong_amount,B,0.15,success,200,,1,334,2453,3096,376,jev-1.13.0
24139746,wrong_amount__C,wrong_amount,C,0.06,success,200,,1,334,2453,3096,376,jev-1.13.0
24139746,credit_damage_threat__A,credit_damage_threat,A,0.07,success,200,,1,334,2453,3096,376,jev-1.13.0
24139746,credit_damage_threat__B,credit_damage_threat,B,0.98,success,200,,1,334,2453,3096,376,jev-1.13.0
24139746,credit_damage_threat__C,credit_damage_threat,C,0.05,success,200,,1,334,2453,3096,376,jev-1.13.0
24139746,arrest_threat__A,arrest_threat,A,0.03,success,200,,1,334,2453,3096,376,jev-1.13.0
24139746,arrest_threat__B,arrest_threat,B,0.03,success,200,,1,334,2453,3096,376,jev-1.13.0
24139746,arrest_threat__C,arrest_threat,C,0.02,success,200,,1,334,2453,3096,376,jev-1.13.0
24139746,sued_no_notice__A,sued_no_notice,A,0.03,success,200,,1,334,2453,3096,376,jev-1.13.0
24139746,sued_no_notice__B,sued_no_notice,B,0.99,success,200,,1,334,2453,3096,376,jev-1.13.0
24139746,sued_no_notice__C,sued_no_notice,C,0.02,success,200,,1,334,2453,3096,376,jev-1.13.0
24146290,identity_theft__A,identity_theft,A,0.04,success,200,,1,303,8167,2721,376,jev-1.13.0
24146290,identity_theft__B,identity_theft,B,0.99,success,200,,1,303,8167,2721,376,jev-1.13.0
24146290,identity_theft__C,identity_theft,C,0.23,success,200,,1,303,8167,2721,376,jev-1.13.0
24146290,insufficient_validation__A,insufficient_validation,A,0.03,success,200,,1,303,8167,2721,376,jev-1.13.0
24146290,insufficient_validation__B,insufficient_validation,B,0.14,success,200,,1,303,8167,2721,376,jev-1.13.0
24146290,insufficient_validation__C,insufficient_validation,C,0.25,success,200,,1,303,8167,2721,376,jev-1.13.0
24146290,wrong_amount__A,wrong_amount,A,0.86,success,200,,1,303,8167,2721,376,jev-1.13.0
24146290,wrong_amount__B,wrong_amount,B,0.99,success,200,,1,303,8167,2721,376,jev-1.13.0
24146290,wrong_amount__C,wrong_amount,C,0.84,success,200,,1,303,8167,2721,376,jev-1.13.0
24146290,credit_damage_threat__A,credit_damage_threat,A,0.06,success,200,,1,303,8167,2721,376,jev-1.13.0
24146290,credit_damage_threat__B,credit_damage_threat,B,0.97,success,200,,1,303,8167,2721,376,jev-1.13.0
24146290,credit_damage_threat__C,credit_damage_threat,C,0.04,success,200,,1,303,8167,2721,376,jev-1.13.0
24146290,arrest_threat__A,arrest_threat,A,0.03,success,200,,1,303,8167,2721,376,jev-1.13.0
24146290,arrest_threat__B,arrest_threat,B,0.02,success,200,,1,303,8167,2721,376,jev-1.13.0
24146290,arrest_threat__C,arrest_threat,C,0.02,success,200,,1,303,8167,2721,376,jev-1.13.0
24146290,sued_no_notice__A,sued_no_notice,A,0.03,success,200,,1,303,8167,2721,376,jev-1.13.0
24146290,sued_no_notice__B,sued_no_notice,B,0.04,success,200,,1,303,8167,2721,376,jev-1.13.0
24146290,sued_no_notice__C,sued_no_notice,C,0.01,success,200,,1,303,8167,2721,376,jev-1.13.0
24149677,identity_theft__A,identity_theft,A,0.02,success,200,,1,270,9206,2965,376,jev-1.13.0
24149677,identity_theft__B,identity_theft,B,0.44,success,200,,1,270,9206,2965,376,jev-1.13.0
24149677,identity_theft__C,identity_theft,C,0.04,success,200,,1,270,9206,2965,376,jev-1.13.0
24149677,insufficient_validation__A,insufficient_validation,A,0.04,success,200,,1,270,9206,2965,376,jev-1.13.0
24149677,insufficient_validation__B,insufficient_validation,B,0.27,success,200,,1,270,9206,2965,376,jev-1.13.0
24149677,insufficient_validation__C,insufficient_validation,C,0.88,success,200,,1,270,9206,2965,376,jev-1.13.0
24149677,wrong_amount__A,wrong_amount,A,0.04,success,200,,1,270,9206,2965,376,jev-1.13.0
24149677,wrong_amount__B,wrong_amount,B,0.43,success,200,,1,270,9206,2965,376,jev-1.13.0
24149677,wrong_amount__C,wrong_amount,C,0.06,success,200,,1,270,9206,2965,376,jev-1.13.0
24149677,credit_damage_threat__A,credit_damage_threat,A,0.05,success,200,,1,270,9206,2965,376,jev-1.13.0
24149677,credit_damage_threat__B,credit_damage_threat,B,0.04,success,200,,1,270,9206,2965,376,jev-1.13.0
24149677,credit_damage_threat__C,credit_damage_threat,C,0.04,success,200,,1,270,9206,2965,376,jev-1.13.0
24149677,arrest_threat__A,arrest_threat,A,0.04,success,200,,1,270,9206,2965,376,jev-1.13.0
24149677,arrest_threat__B,arrest_threat,B,0.03,success,200,,1,270,9206,2965,376,jev-1.13.0
24149677,arrest_threat__C,arrest_threat,C,0.02,success,200,,1,270,9206,2965,376,jev-1.13.0
24149677,sued_no_notice__A,sued_no_notice,A,0.03,success,200,,1,270,9206,2965,376,jev-1.13.0
24149677,sued_no_notice__B,sued_no_notice,B,0.05,success,200,,1,270,9206,2965,376,jev-1.13.0
24149677,sued_no_notice__C,sued_no_notice,C,0.02,success,200,,1,270,9206,2965,376,jev-1.13.0
24149801,identity_theft__A,identity_theft,A,0.02,success,200,,1,256,6239,2936,376,jev-1.13.0
24149801,identity_theft__B,identity_theft,B,0.85,success,200,,1,256,6239,2936,376,jev-1.13.0
24149801,identity_theft__C,identity_theft,C,0.03,success,200,,1,256,6239,2936,376,jev-1.13.0
24149801,insufficient_validation__A,insufficient_validation,A,0.1,success,200,,1,256,6239,2936,376,jev-1.13.0
24149801,insufficient_validation__B,insufficient_validation,B,0.78,success,200,,1,256,6239,2936,376,jev-1.13.0
24149801,insufficient_validation__C,insufficient_validation,C,0.95,success,200,,1,256,6239,2936,376,jev-1.13.0
24149801,wrong_amount__A,wrong_amount,A,0.07,success,200,,1,256,6239,2936,376,jev-1.13.0
24149801,wrong_amount__B,wrong_amount,B,0.95,success,200,,1,256,6239,2936,376,jev-1.13.0
24149801,wrong_amount__C,wrong_amount,C,0.15,success,200,,1,256,6239,2936,376,jev-1.13.0
24149801,credit_damage_threat__A,credit_damage_threat,A,0.06,success,200,,1,256,6239,2936,376,jev-1.13.0
24149801,credit_damage_threat__B,credit_damage_threat,B,0.97,success,200,,1,256,6239,2936,376,jev-1.13.0
24149801,credit_damage_threat__C,credit_damage_threat,C,0.03,success,200,,1,256,6239,2936,376,jev-1.13.0
24149801,arrest_threat__A,arrest_threat,A,0.03,success,200,,1,256,6239,2936,376,jev-1.13.0
24149801,arrest_threat__B,arrest_threat,B,0.02,success,200,,1,256,6239,2936,376,jev-1.13.0
24149801,arrest_threat__C,arrest_threat,C,0.02,success,200,,1,256,6239,2936,376,jev-1.13.0
24149801,sued_no_notice__A,sued_no_notice,A,0.03,success,200,,1,256,6239,2936,376,jev-1.13.0
24149801,sued_no_notice__B,sued_no_notice,B,0.05,success,200,,1,256,6239,2936,376,jev-1.13.0
24149801,sued_no_notice__C,sued_no_notice,C,0.02,success,200,,1,256,6239,2936,376,jev-1.13.0
24153136,identity_theft__A,identity_theft,A,0.03,success,200,,1,302,9446,2704,376,jev-1.13.0
24153136,identity_theft__B,identity_theft,B,0.47,success,200,,1,302,9446,2704,376,jev-1.13.0
24153136,identity_theft__C,identity_theft,C,0.04,success,200,,1,302,9446,2704,376,jev-1.13.0
24153136,insufficient_validation__A,insufficient_validation,A,0.12,success,200,,1,302,9446,2704,376,jev-1.13.0
24153136,insufficient_validation__B,insufficient_validation,B,0.93,success,200,,1,302,9446,2704,376,jev-1.13.0
24153136,insufficient_validation__C,insufficient_validation,C,0.91,success,200,,1,302,9446,2704,376,jev-1.13.0
24153136,wrong_amount__A,wrong_amount,A,0.05,success,200,,1,302,9446,2704,376,jev-1.13.0
24153136,wrong_amount__B,wrong_amount,B,0.18,success,200,,1,302,9446,2704,376,jev-1.13.0
24153136,wrong_amount__C,wrong_amount,C,0.15,success,200,,1,302,9446,2704,376,jev-1.13.0
24153136,credit_damage_threat__A,credit_damage_threat,A,0.04,success,200,,1,302,9446,2704,376,jev-1.13.0
24153136,credit_damage_threat__B,credit_damage_threat,B,0.07,success,200,,1,302,9446,2704,376,jev-1.13.0
24153136,credit_damage_threat__C,credit_damage_threat,C,0.04,success,200,,1,302,9446,2704,376,jev-1.13.0
24153136,arrest_threat__A,arrest_threat,A,0.03,success,200,,1,302,9446,2704,376,jev-1.13.0
24153136,arrest_threat__B,arrest_threat,B,0.03,success,200,,1,302,9446,2704,376,jev-1.13.0
24153136,arrest_threat__C,arrest_threat,C,0.02,success,200,,1,302,9446,2704,376,jev-1.13.0
24153136,sued_no_notice__A,sued_no_notice,A,0.04,success,200,,1,302,9446,2704,376,jev-1.13.0
24153136,sued_no_notice__B,sued_no_notice,B,0.67,success,200,,1,302,9446,2704,376,jev-1.13.0
24153136,sued_no_notice__C,sued_no_notice,C,0.03,success,200,,1,302,9446,2704,376,jev-1.13.0
24158982,identity_theft__A,identity_theft,A,0.03,success,200,,1,288,2537,2692,376,jev-1.13.0
24158982,identity_theft__B,identity_theft,B,0.33,success,200,,1,288,2537,2692,376,jev-1.13.0
24158982,identity_theft__C,identity_theft,C,0.03,success,200,,1,288,2537,2692,376,jev-1.13.0
24158982,insufficient_validation__A,insufficient_validation,A,0.78,success,200,,1,288,2537,2692,376,jev-1.13.0
24158982,insufficient_validation__B,insufficient_validation,B,0.95,success,200,,1,288,2537,2692,376,jev-1.13.0
24158982,insufficient_validation__C,insufficient_validation,C,0.96,success,200,,1,288,2537,2692,376,jev-1.13.0
24158982,wrong_amount__A,wrong_amount,A,0.04,success,200,,1,288,2537,2692,376,jev-1.13.0
24158982,wrong_amount__B,wrong_amount,B,0.4,success,200,,1,288,2537,2692,376,jev-1.13.0
24158982,wrong_amount__C,wrong_amount,C,0.04,success,200,,1,288,2537,2692,376,jev-1.13.0
24158982,credit_damage_threat__A,credit_damage_threat,A,0.04,success,200,,1,288,2537,2692,376,jev-1.13.0
24158982,credit_damage_threat__B,credit_damage_threat,B,0.19,success,200,,1,288,2537,2692,376,jev-1.13.0
24158982,credit_damage_threat__C,credit_damage_threat,C,0.03,success,200,,1,288,2537,2692,376,jev-1.13.0
24158982,arrest_threat__A,arrest_threat,A,0.03,success,200,,1,288,2537,2692,376,jev-1.13.0
24158982,arrest_threat__B,arrest_threat,B,0.03,success,200,,1,288,2537,2692,376,jev-1.13.0
24158982,arrest_threat__C,arrest_threat,C,0.02,success,200,,1,288,2537,2692,376,jev-1.13.0
24158982,sued_no_notice__A,sued_no_notice,A,0.03,success,200,,1,288,2537,2692,376,jev-1.13.0
24158982,sued_no_notice__B,sued_no_notice,B,0.14,success,200,,1,288,2537,2692,376,jev-1.13.0
24158982,sued_no_notice__C,sued_no_notice,C,0.01,success,200,,1,288,2537,2692,376,jev-1.13.0
24159807,identity_theft__A,identity_theft,A,0.03,success,200,,1,272,4694,2898,376,jev-1.13.0
24159807,identity_theft__B,identity_theft,B,0.63,success,200,,1,272,4694,2898,376,jev-1.13.0
24159807,identity_theft__C,identity_theft,C,0.04,success,200,,1,272,4694,2898,376,jev-1.13.0
24159807,insufficient_validation__A,insufficient_validation,A,0.07,success,200,,1,272,4694,2898,376,jev-1.13.0
24159807,insufficient_validation__B,insufficient_validation,B,0.99,success,200,,1,272,4694,2898,376,jev-1.13.0
24159807,insufficient_validation__C,insufficient_validation,C,0.15,success,200,,1,272,4694,2898,376,jev-1.13.0
24159807,wrong_amount__A,wrong_amount,A,0.06,success,200,,1,272,4694,2898,376,jev-1.13.0
24159807,wrong_amount__B,wrong_amount,B,0.93,success,200,,1,272,4694,2898,376,jev-1.13.0
24159807,wrong_amount__C,wrong_amount,C,0.13,success,200,,1,272,4694,2898,376,jev-1.13.0
24159807,credit_damage_threat__A,credit_damage_threat,A,0.04,success,200,,1,272,4694,2898,376,jev-1.13.0
24159807,credit_damage_threat__B,credit_damage_threat,B,0.04,success,200,,1,272,4694,2898,376,jev-1.13.0
24159807,credit_damage_threat__C,credit_damage_threat,C,0.03,success,200,,1,272,4694,2898,376,jev-1.13.0
24159807,arrest_threat__A,arrest_threat,A,0.03,success,200,,1,272,4694,2898,376,jev-1.13.0
24159807,arrest_threat__B,arrest_threat,B,0.03,success,200,,1,272,4694,2898,376,jev-1.13.0
24159807,arrest_threat__C,arrest_threat,C,0.02,success,200,,1,272,4694,2898,376,jev-1.13.0
24159807,sued_no_notice__A,sued_no_notice,A,0.03,success,200,,1,272,4694,2898,376,jev-1.13.0
24159807,sued_no_notice__B,sued_no_notice,B,0.16,success,200,,1,272,4694,2898,376,jev-1.13.0
24159807,sued_no_notice__C,sued_no_notice,C,0.02,success,200,,1,272,4694,2898,376,jev-1.13.0
24163846,identity_theft__A,identity_theft,A,0.4,success,200,,1,309,9599,3335,376,jev-1.13.0
24163846,identity_theft__B,identity_theft,B,0.99,success,200,,1,309,9599,3335,376,jev-1.13.0
24163846,identity_theft__C,identity_theft,C,0.85,success,200,,1,309,9599,3335,376,jev-1.13.0
24163846,insufficient_validation__A,insufficient_validation,A,0.52,success,200,,1,309,9599,3335,376,jev-1.13.0
24163846,insufficient_validation__B,insufficient_validation,B,0.99,success,200,,1,309,9599,3335,376,jev-1.13.0
24163846,insufficient_validation__C,insufficient_validation,C,0.98,success,200,,1,309,9599,3335,376,jev-1.13.0
24163846,wrong_amount__A,wrong_amount,A,0.66,success,200,,1,309,9599,3335,376,jev-1.13.0
24163846,wrong_amount__B,wrong_amount,B,0.93,success,200,,1,309,9599,3335,376,jev-1.13.0
24163846,wrong_amount__C,wrong_amount,C,0.22,success,200,,1,309,9599,3335,376,jev-1.13.0
24163846,credit_damage_threat__A,credit_damage_threat,A,0.06,success,200,,1,309,9599,3335,376,jev-1.13.0
24163846,credit_damage_threat__B,credit_damage_threat,B,0.96,success,200,,1,309,9599,3335,376,jev-1.13.0
24163846,credit_damage_threat__C,credit_damage_threat,C,0.05,success,200,,1,309,9599,3335,376,jev-1.13.0
24163846,arrest_threat__A,arrest_threat,A,0.03,success,200,,1,309,9599,3335,376,jev-1.13.0
24163846,arrest_threat__B,arrest_threat,B,0.03,success,200,,1,309,9599,3335,376,jev-1.13.0
24163846,arrest_threat__C,arrest_threat,C,0.02,success,200,,1,309,9599,3335,376,jev-1.13.0
24163846,sued_no_notice__A,sued_no_notice,A,0.02,success,200,,1,309,9599,3335,376,jev-1.13.0
24163846,sued_no_notice__B,sued_no_notice,B,0.2,success,200,,1,309,9599,3335,376,jev-1.13.0
24163846,sued_no_notice__C,sued_no_notice,C,0.01,success,200,,1,309,9599,3335,376,jev-1.13.0
24174947,identity_theft__A,identity_theft,A,0.02,success,200,,1,315,7388,2668,376,jev-1.13.0
24174947,identity_theft__B,identity_theft,B,0.32,success,200,,1,315,7388,2668,376,jev-1.13.0
24174947,identity_theft__C,identity_theft,C,0.05,success,200,,1,315,7388,2668,376,jev-1.13.0
24174947,insufficient_validation__A,insufficient_validation,A,0.39,success,200,,1,315,7388,2668,376,jev-1.13.0
24174947,insufficient_validation__B,insufficient_validation,B,0.93,success,200,,1,315,7388,2668,376,jev-1.13.0
24174947,insufficient_validation__C,insufficient_validation,C,0.95,success,200,,1,315,7388,2668,376,jev-1.13.0
24174947,wrong_amount__A,wrong_amount,A,0.04,success,200,,1,315,7388,2668,376,jev-1.13.0
24174947,wrong_amount__B,wrong_amount,B,0.19,success,200,,1,315,7388,2668,376,jev-1.13.0
24174947,wrong_amount__C,wrong_amount,C,0.05,success,200,,1,315,7388,2668,376,jev-1.13.0
24174947,credit_damage_threat__A,credit_damage_threat,A,0.04,success,200,,1,315,7388,2668,376,jev-1.13.0
24174947,credit_damage_threat__B,credit_damage_threat,B,0.31,success,200,,1,315,7388,2668,376,jev-1.13.0
24174947,credit_damage_threat__C,credit_damage_threat,C,0.04,success,200,,1,315,7388,2668,376,jev-1.13.0
24174947,arrest_threat__A,arrest_threat,A,0.03,success,200,,1,315,7388,2668,376,jev-1.13.0
24174947,arrest_threat__B,arrest_threat,B,0.02,success,200,,1,315,7388,2668,376,jev-1.13.0
24174947,arrest_threat__C,arrest_threat,C,0.02,success,200,,1,315,7388,2668,376,jev-1.13.0
24174947,sued_no_notice__A,sued_no_notice,A,0.03,success,200,,1,315,7388,2668,376,jev-1.13.0
24174947,sued_no_notice__B,sued_no_notice,B,0.05,success,200,,1,315,7388,2668,376,jev-1.13.0
24174947,sued_no_notice__C,sued_no_notice,C,0.02,success,200,,1,315,7388,2668,376,jev-1.13.0
24179179,identity_theft__A,identity_theft,A,0.03,success,200,,1,346,9609,2686,376,jev-1.13.0
24179179,identity_theft__B,identity_theft,B,0.52,success,200,,1,346,9609,2686,376,jev-1.13.0
24179179,identity_theft__C,identity_theft,C,0.32,success,200,,1,346,9609,2686,376,jev-1.13.0
24179179,insufficient_validation__A,insufficient_validation,A,0.03,success,200,,1,346,9609,2686,376,jev-1.13.0
24179179,insufficient_validation__B,insufficient_validation,B,0.05,success,200,,1,346,9609,2686,376,jev-1.13.0
24179179,insufficient_validation__C,insufficient_validation,C,0.06,success,200,,1,346,9609,2686,376,jev-1.13.0
24179179,wrong_amount__A,wrong_amount,A,0.03,success,200,,1,346,9609,2686,376,jev-1.13.0
24179179,wrong_amount__B,wrong_amount,B,0.06,success,200,,1,346,9609,2686,376,jev-1.13.0
24179179,wrong_amount__C,wrong_amount,C,0.03,success,200,,1,346,9609,2686,376,jev-1.13.0
24179179,credit_damage_threat__A,credit_damage_threat,A,0.04,success,200,,1,346,9609,2686,376,jev-1.13.0
24179179,credit_damage_threat__B,credit_damage_threat,B,0.19,success,200,,1,346,9609,2686,376,jev-1.13.0
24179179,credit_damage_threat__C,credit_damage_threat,C,0.03,success,200,,1,346,9609,2686,376,jev-1.13.0
24179179,arrest_threat__A,arrest_threat,A,0.03,success,200,,1,346,9609,2686,376,jev-1.13.0
24179179,arrest_threat__B,arrest_threat,B,0.03,success,200,,1,346,9609,2686,376,jev-1.13.0
24179179,arrest_threat__C,arrest_threat,C,0.01,success,200,,1,346,9609,2686,376,jev-1.13.0
24179179,sued_no_notice__A,sued_no_notice,A,0.03,success,200,,1,346,9609,2686,376,jev-1.13.0
24179179,sued_no_notice__B,sued_no_notice,B,0.07,success,200,,1,346,9609,2686,376,jev-1.13.0
24179179,sued_no_notice__C,sued_no_notice,C,0.02,success,200,,1,346,9609,2686,376,jev-1.13.0
24183041,identity_theft__A,identity_theft,A,0.03,success,200,,1,274,5474,3633,376,jev-1.13.0
24183041,identity_theft__B,identity_theft,B,0.97,success,200,,1,274,5474,3633,376,jev-1.13.0
24183041,identity_theft__C,identity_theft,C,0.16,success,200,,1,274,5474,3633,376,jev-1.13.0
24183041,insufficient_validation__A,insufficient_validation,A,0.95,success,200,,1,274,5474,3633,376,jev-1.13.0
24183041,insufficient_validation__B,insufficient_validation,B,0.99,success,200,,1,274,5474,3633,376,jev-1.13.0
24183041,insufficient_validation__C,insufficient_validation,C,0.99,success,200,,1,274,5474,3633,376,jev-1.13.0
24183041,wrong_amount__A,wrong_amount,A,0.06,success,200,,1,274,5474,3633,376,jev-1.13.0
24183041,wrong_amount__B,wrong_amount,B,0.99,success,200,,1,274,5474,3633,376,jev-1.13.0
24183041,wrong_amount__C,wrong_amount,C,0.16,success,200,,1,274,5474,3633,376,jev-1.13.0
24183041,credit_damage_threat__A,credit_damage_threat,A,0.05,success,200,,1,274,5474,3633,376,jev-1.13.0
24183041,credit_damage_threat__B,credit_damage_threat,B,0.04,success,200,,1,274,5474,3633,376,jev-1.13.0
24183041,credit_damage_threat__C,credit_damage_threat,C,0.03,success,200,,1,274,5474,3633,376,jev-1.13.0
24183041,arrest_threat__A,arrest_threat,A,0.03,success,200,,1,274,5474,3633,376,jev-1.13.0
24183041,arrest_threat__B,arrest_threat,B,0.02,success,200,,1,274,5474,3633,376,jev-1.13.0
24183041,arrest_threat__C,arrest_threat,C,0.02,success,200,,1,274,5474,3633,376,jev-1.13.0
24183041,sued_no_notice__A,sued_no_notice,A,0.02,success,200,,1,274,5474,3633,376,jev-1.13.0
24183041,sued_no_notice__B,sued_no_notice,B,0.04,success,200,,1,274,5474,3633,376,jev-1.13.0
24183041,sued_no_notice__C,sued_no_notice,C,0.02,success,200,,1,274,5474,3633,376,jev-1.13.0
24187692,identity_theft__A,identity_theft,A,0.02,success,200,,1,307,7618,2926,376,jev-1.13.0
24187692,identity_theft__B,identity_theft,B,0.3,success,200,,1,307,7618,2926,376,jev-1.13.0
24187692,identity_theft__C,identity_theft,C,0.02,success,200,,1,307,7618,2926,376,jev-1.13.0
24187692,insufficient_validation__A,insufficient_validation,A,0.48,success,200,,1,307,7618,2926,376,jev-1.13.0
24187692,insufficient_validation__B,insufficient_validation,B,0.83,success,200,,1,307,7618,2926,376,jev-1.13.0
24187692,insufficient_validation__C,insufficient_validation,C,0.79,success,200,,1,307,7618,2926,376,jev-1.13.0
24187692,wrong_amount__A,wrong_amount,A,0.36,success,200,,1,307,7618,2926,376,jev-1.13.0
24187692,wrong_amount__B,wrong_amount,B,0.99,success,200,,1,307,7618,2926,376,jev-1.13.0
24187692,wrong_amount__C,wrong_amount,C,0.35,success,200,,1,307,7618,2926,376,jev-1.13.0
24187692,credit_damage_threat__A,credit_damage_threat,A,0.05,success,200,,1,307,7618,2926,376,jev-1.13.0
24187692,credit_damage_threat__B,credit_damage_threat,B,0.05,success,200,,1,307,7618,2926,376,jev-1.13.0
24187692,credit_damage_threat__C,credit_damage_threat,C,0.04,success,200,,1,307,7618,2926,376,jev-1.13.0
24187692,arrest_threat__A,arrest_threat,A,0.03,success,200,,1,307,7618,2926,376,jev-1.13.0
24187692,arrest_threat__B,arrest_threat,B,0.03,success,200,,1,307,7618,2926,376,jev-1.13.0
24187692,arrest_threat__C,arrest_threat,C,0.02,success,200,,1,307,7618,2926,376,jev-1.13.0
24187692,sued_no_notice__A,sued_no_notice,A,0.02,success,200,,1,307,7618,2926,376,jev-1.13.0
24187692,sued_no_notice__B,sued_no_notice,B,0.09,success,200,,1,307,7618,2926,376,jev-1.13.0
24187692,sued_no_notice__C,sued_no_notice,C,0.02,success,200,,1,307,7618,2926,376,jev-1.13.0
24194106,identity_theft__A,identity_theft,A,0.03,success,200,,1,275,0409,3454,376,jev-1.13.0
24194106,identity_theft__B,identity_theft,B,0.76,success,200,,1,275,0409,3454,376,jev-1.13.0
24194106,identity_theft__C,identity_theft,C,0.03,success,200,,1,275,0409,3454,376,jev-1.13.0
24194106,insufficient_validation__A,insufficient_validation,A,0.97,success,200,,1,275,0409,3454,376,jev-1.13.0
24194106,insufficient_validation__B,insufficient_validation,B,0.99,success,200,,1,275,0409,3454,376,jev-1.13.0
24194106,insufficient_validation__C,insufficient_validation,C,0.97,success,200,,1,275,0409,3454,376,jev-1.13.0
24194106,wrong_amount__A,wrong_amount,A,0.76,success,200,,1,275,0409,3454,376,jev-1.13.0
24194106,wrong_amount__B,wrong_amount,B,0.9,success,200,,1,275,0409,3454,376,jev-1.13.0
24194106,wrong_amount__C,wrong_amount,C,0.81,success,200,,1,275,0409,3454,376,jev-1.13.0
24194106,credit_damage_threat__A,credit_damage_threat,A,0.07,success,200,,1,275,0409,3454,376,jev-1.13.0
24194106,credit_damage_threat__B,credit_damage_threat,B,0.98,success,200,,1,275,0409,3454,376,jev-1.13.0
24194106,credit_damage_threat__C,credit_damage_threat,C,0.06,success,200,,1,275,0409,3454,376,jev-1.13.0
24194106,arrest_threat__A,arrest_threat,A,0.03,success,200,,1,275,0409,3454,376,jev-1.13.0
24194106,arrest_threat__B,arrest_threat,B,0.03,success,200,,1,275,0409,3454,376,jev-1.13.0
24194106,arrest_threat__C,arrest_threat,C,0.02,success,200,,1,275,0409,3454,376,jev-1.13.0
24194106,sued_no_notice__A,sued_no_notice,A,0.03,success,200,,1,275,0409,3454,376,jev-1.13.0
24194106,sued_no_notice__B,sued_no_notice,B,0.06,success,200,,1,275,0409,3454,376,jev-1.13.0
24194106,sued_no_notice__C,sued_no_notice,C,0.02,success,200,,1,275,0409,3454,376,jev-1.13.0
24195747,identity_theft__A,identity_theft,A,0.03,success,200,,1,314,5897,2910,376,jev-1.13.0
24195747,identity_theft__B,identity_theft,B,0.96,success,200,,1,314,5897,2910,376,jev-1.13.0
24195747,identity_theft__C,identity_theft,C,0.04,success,200,,1,314,5897,2910,376,jev-1.13.0
24195747,insufficient_validation__A,insufficient_validation,A,0.04,success,200,,1,314,5897,2910,376,jev-1.13.0
24195747,insufficient_validation__B,insufficient_validation,B,0.15,success,200,,1,314,5897,2910,376,jev-1.13.0
24195747,insufficient_validation__C,insufficient_validation,C,0.21,success,200,,1,314,5897,2910,376,jev-1.13.0
24195747,wrong_amount__A,wrong_amount,A,0.97,success,200,,1,314,5897,2910,376,jev-1.13.0
24195747,wrong_amount__B,wrong_amount,B,0.99,success,200,,1,314,5897,2910,376,jev-1.13.0
24195747,wrong_amount__C,wrong_amount,C,0.77,success,200,,1,314,5897,2910,376,jev-1.13.0
24195747,credit_damage_threat__A,credit_damage_threat,A,0.06,success,200,,1,314,5897,2910,376,jev-1.13.0
24195747,credit_damage_threat__B,credit_damage_threat,B,0.95,success,200,,1,314,5897,2910,376,jev-1.13.0
24195747,credit_damage_threat__C,credit_damage_threat,C,0.04,success,200,,1,314,5897,2910,376,jev-1.13.0
24195747,arrest_threat__A,arrest_threat,A,0.03,success,200,,1,314,5897,2910,376,jev-1.13.0
24195747,arrest_threat__B,arrest_threat,B,0.03,success,200,,1,314,5897,2910,376,jev-1.13.0
24195747,arrest_threat__C,arrest_threat,C,0.02,success,200,,1,314,5897,2910,376,jev-1.13.0
24195747,sued_no_notice__A,sued_no_notice,A,0.03,success,200,,1,314,5897,2910,376,jev-1.13.0
24195747,sued_no_notice__B,sued_no_notice,B,0.08,success,200,,1,314,5897,2910,376,jev-1.13.0
24195747,sued_no_notice__C,sued_no_notice,C,0.02,success,200,,1,314,5897,2910,376,jev-1.13.0
24195781,identity_theft__A,identity_theft,A,0.03,success,200,,1,271,5555,2875,376,jev-1.13.0
24195781,identity_theft__B,identity_theft,B,0.89,success,200,,1,271,5555,2875,376,jev-1.13.0
24195781,identity_theft__C,identity_theft,C,0.05,success,200,,1,271,5555,2875,376,jev-1.13.0
24195781,insufficient_validation__A,insufficient_validation,A,0.09,success,200,,1,271,5555,2875,376,jev-1.13.0
24195781,insufficient_validation__B,insufficient_validation,B,0.15,success,200,,1,271,5555,2875,376,jev-1.13.0
24195781,insufficient_validation__C,insufficient_validation,C,0.34,success,200,,1,271,5555,2875,376,jev-1.13.0
24195781,wrong_amount__A,wrong_amount,A,0.98,success,200,,1,271,5555,2875,376,jev-1.13.0
24195781,wrong_amount__B,wrong_amount,B,0.99,success,200,,1,271,5555,2875,376,jev-1.13.0
24195781,wrong_amount__C,wrong_amount,C,0.88,success,200,,1,271,5555,2875,376,jev-1.13.0
24195781,credit_damage_threat__A,credit_damage_threat,A,0.05,success,200,,1,271,5555,2875,376,jev-1.13.0
24195781,credit_damage_threat__B,credit_damage_threat,B,0.94,success,200,,1,271,5555,2875,376,jev-1.13.0
24195781,credit_damage_threat__C,credit_damage_threat,C,0.03,success,200,,1,271,5555,2875,376,jev-1.13.0
24195781,arrest_threat__A,arrest_threat,A,0.03,success,200,,1,271,5555,2875,376,jev-1.13.0
24195781,arrest_threat__B,arrest_threat,B,0.02,success,200,,1,271,5555,2875,376,jev-1.13.0
24195781,arrest_threat__C,arrest_threat,C,0.02,success,200,,1,271,5555,2875,376,jev-1.13.0
24195781,sued_no_notice__A,sued_no_notice,A,0.03,success,200,,1,271,5555,2875,376,jev-1.13.0
24195781,sued_no_notice__B,sued_no_notice,B,0.23,success,200,,1,271,5555,2875,376,jev-1.13.0
24195781,sued_no_notice__C,sued_no_notice,C,0.01,success,200,,1,271,5555,2875,376,jev-1.13.0
24195946,identity_theft__A,identity_theft,A,0.03,success,200,,1,277,4631,2768,376,jev-1.13.0
24195946,identity_theft__B,identity_theft,B,0.92,success,200,,1,277,4631,2768,376,jev-1.13.0
24195946,identity_theft__C,identity_theft,C,0.12,success,200,,1,277,4631,2768,376,jev-1.13.0
24195946,insufficient_validation__A,insufficient_validation,A,0.04,success,200,,1,277,4631,2768,376,jev-1.13.0
24195946,insufficient_validation__B,insufficient_validation,B,0.62,success,200,,1,277,4631,2768,376,jev-1.13.0
24195946,insufficient_validation__C,insufficient_validation,C,0.93,success,200,,1,277,4631,2768,376,jev-1.13.0
24195946,wrong_amount__A,wrong_amount,A,0.04,success,200,,1,277,4631,2768,376,jev-1.13.0
24195946,wrong_amount__B,wrong_amount,B,0.84,success,200,,1,277,4631,2768,376,jev-1.13.0
24195946,wrong_amount__C,wrong_amount,C,0.04,success,200,,1,277,4631,2768,376,jev-1.13.0
24195946,credit_damage_threat__A,credit_damage_threat,A,0.04,success,200,,1,277,4631,2768,376,jev-1.13.0
24195946,credit_damage_threat__B,credit_damage_threat,B,0.24,success,200,,1,277,4631,2768,376,jev-1.13.0
24195946,credit_damage_threat__C,credit_damage_threat,C,0.04,success,200,,1,277,4631,2768,376,jev-1.13.0
24195946,arrest_threat__A,arrest_threat,A,0.03,success,200,,1,277,4631,2768,376,jev-1.13.0
24195946,arrest_threat__B,arrest_threat,B,0.03,success,200,,1,277,4631,2768,376,jev-1.13.0
24195946,arrest_threat__C,arrest_threat,C,0.02,success,200,,1,277,4631,2768,376,jev-1.13.0
24195946,sued_no_notice__A,sued_no_notice,A,0.02,success,200,,1,277,4631,2768,376,jev-1.13.0
24195946,sued_no_notice__B,sued_no_notice,B,0.07,success,200,,1,277,4631,2768,376,jev-1.13.0
24195946,sued_no_notice__C,sued_no_notice,C,0.02,success,200,,1,277,4631,2768,376,jev-1.13.0
24204993,identity_theft__A,identity_theft,A,0.03,success,200,,1,335,1905,2709,376,jev-1.13.0
24204993,identity_theft__B,identity_theft,B,0.05,success,200,,1,335,1905,2709,376,jev-1.13.0
24204993,identity_theft__C,identity_theft,C,0.03,success,200,,1,335,1905,2709,376,jev-1.13.0
24204993,insufficient_validation__A,insufficient_validation,A,0.51,success,200,,1,335,1905,2709,376,jev-1.13.0
24204993,insufficient_validation__B,insufficient_validation,B,0.96,success,200,,1,335,1905,2709,376,jev-1.13.0
24204993,insufficient_validation__C,insufficient_validation,C,0.7,success,200,,1,335,1905,2709,376,jev-1.13.0
24204993,wrong_amount__A,wrong_amount,A,0.07,success,200,,1,335,1905,2709,376,jev-1.13.0
24204993,wrong_amount__B,wrong_amount,B,0.7,success,200,,1,335,1905,2709,376,jev-1.13.0
24204993,wrong_amount__C,wrong_amount,C,0.77,success,200,,1,335,1905,2709,376,jev-1.13.0
24204993,credit_damage_threat__A,credit_damage_threat,A,0.48,success,200,,1,335,1905,2709,376,jev-1.13.0
24204993,credit_damage_threat__B,credit_damage_threat,B,0.98,success,200,,1,335,1905,2709,376,jev-1.13.0
24204993,credit_damage_threat__C,credit_damage_threat,C,0.61,success,200,,1,335,1905,2709,376,jev-1.13.0
24204993,arrest_threat__A,arrest_threat,A,0.04,success,200,,1,335,1905,2709,376,jev-1.13.0
24204993,arrest_threat__B,arrest_threat,B,0.03,success,200,,1,335,1905,2709,376,jev-1.13.0
24204993,arrest_threat__C,arrest_threat,C,0.02,success,200,,1,335,1905,2709,376,jev-1.13.0
24204993,sued_no_notice__A,sued_no_notice,A,0.03,success,200,,1,335,1905,2709,376,jev-1.13.0
24204993,sued_no_notice__B,sued_no_notice,B,0.04,success,200,,1,335,1905,2709,376,jev-1.13.0
24204993,sued_no_notice__C,sued_no_notice,C,0.02,success,200,,1,335,1905,2709,376,jev-1.13.0
24205559,identity_theft__A,identity_theft,A,0.03,success,200,,1,304,9824,2984,376,jev-1.13.0
24205559,identity_theft__B,identity_theft,B,0.77,success,200,,1,304,9824,2984,376,jev-1.13.0
24205559,identity_theft__C,identity_theft,C,0.04,success,200,,1,304,9824,2984,376,jev-1.13.0
24205559,insufficient_validation__A,insufficient_validation,A,0.11,success,200,,1,304,9824,2984,376,jev-1.13.0
24205559,insufficient_validation__B,insufficient_validation,B,0.99,success,200,,1,304,9824,2984,376,jev-1.13.0
24205559,insufficient_validation__C,insufficient_validation,C,0.53,success,200,,1,304,9824,2984,376,jev-1.13.0
24205559,wrong_amount__A,wrong_amount,A,0.04,success,200,,1,304,9824,2984,376,jev-1.13.0
24205559,wrong_amount__B,wrong_amount,B,0.67,success,200,,1,304,9824,2984,376,jev-1.13.0
24205559,wrong_amount__C,wrong_amount,C,0.05,success,200,,1,304,9824,2984,376,jev-1.13.0
24205559,credit_damage_threat__A,credit_damage_threat,A,0.04,success,200,,1,304,9824,2984,376,jev-1.13.0
24205559,credit_damage_threat__B,credit_damage_threat,B,0.8,success,200,,1,304,9824,2984,376,jev-1.13.0
24205559,credit_damage_threat__C,credit_damage_threat,C,0.02,success,200,,1,304,9824,2984,376,jev-1.13.0
24205559,arrest_threat__A,arrest_threat,A,0.03,success,200,,1,304,9824,2984,376,jev-1.13.0
24205559,arrest_threat__B,arrest_threat,B,0.02,success,200,,1,304,9824,2984,376,jev-1.13.0
24205559,arrest_threat__C,arrest_threat,C,0.02,success,200,,1,304,9824,2984,376,jev-1.13.0
24205559,sued_no_notice__A,sued_no_notice,A,0.03,success,200,,1,304,9824,2984,376,jev-1.13.0
24205559,sued_no_notice__B,sued_no_notice,B,0.08,success,200,,1,304,9824,2984,376,jev-1.13.0
24205559,sued_no_notice__C,sued_no_notice,C,0.02,success,200,,1,304,9824,2984,376,jev-1.13.0
24207792,identity_theft__A,identity_theft,A,0.99,success,200,,1,277,6192,2923,376,jev-1.13.0
24207792,identity_theft__B,identity_theft,B,0.99,success,200,,1,277,6192,2923,376,jev-1.13.0
24207792,identity_theft__C,identity_theft,C,0.99,success,200,,1,277,6192,2923,376,jev-1.13.0
24207792,insufficient_validation__A,insufficient_validation,A,0.02,success,200,,1,277,6192,2923,376,jev-1.13.0
24207792,insufficient_validation__B,insufficient_validation,B,0.08,success,200,,1,277,6192,2923,376,jev-1.13.0
24207792,insufficient_validation__C,insufficient_validation,C,0.03,success,200,,1,277,6192,2923,376,jev-1.13.0
24207792,wrong_amount__A,wrong_amount,A,0.04,success,200,,1,277,6192,2923,376,jev-1.13.0
24207792,wrong_amount__B,wrong_amount,B,0.35,success,200,,1,277,6192,2923,376,jev-1.13.0
24207792,wrong_amount__C,wrong_amount,C,0.03,success,200,,1,277,6192,2923,376,jev-1.13.0
24207792,credit_damage_threat__A,credit_damage_threat,A,0.03,success,200,,1,277,6192,2923,376,jev-1.13.0
24207792,credit_damage_threat__B,credit_damage_threat,B,0.93,success,200,,1,277,6192,2923,376,jev-1.13.0
24207792,credit_damage_threat__C,credit_damage_threat,C,0.02,success,200,,1,277,6192,2923,376,jev-1.13.0
24207792,arrest_threat__A,arrest_threat,A,0.03,success,200,,1,277,6192,2923,376,jev-1.13.0
24207792,arrest_threat__B,arrest_threat,B,0.03,success,200,,1,277,6192,2923,376,jev-1.13.0
24207792,arrest_threat__C,arrest_threat,C,0.01,success,200,,1,277,6192,2923,376,jev-1.13.0
24207792,sued_no_notice__A,sued_no_notice,A,0.03,success,200,,1,277,6192,2923,376,jev-1.13.0
24207792,sued_no_notice__B,sued_no_notice,B,0.17,success,200,,1,277,6192,2923,376,jev-1.13.0
24207792,sued_no_notice__C,sued_no_notice,C,0.01,success,200,,1,277,6192,2923,376,jev-1.13.0
24208206,identity_theft__A,identity_theft,A,0.03,success,200,,1,279,7179,2845,376,jev-1.13.0
24208206,identity_theft__B,identity_theft,B,0.13,success,200,,1,279,7179,2845,376,jev-1.13.0
24208206,identity_theft__C,identity_theft,C,0.02,success,200,,1,279,7179,2845,376,jev-1.13.0
24208206,insufficient_validation__A,insufficient_validation,A,0.74,success,200,,1,279,7179,2845,376,jev-1.13.0
24208206,insufficient_validation__B,insufficient_validation,B,0.98,success,200,,1,279,7179,2845,376,jev-1.13.0
24208206,insufficient_validation__C,insufficient_validation,C,0.94,success,200,,1,279,7179,2845,376,jev-1.13.0
24208206,wrong_amount__A,wrong_amount,A,0.04,success,200,,1,279,7179,2845,376,jev-1.13.0
24208206,wrong_amount__B,wrong_amount,B,0.09,success,200,,1,279,7179,2845,376,jev-1.13.0
24208206,wrong_amount__C,wrong_amount,C,0.04,success,200,,1,279,7179,2845,376,jev-1.13.0
24208206,credit_damage_threat__A,credit_damage_threat,A,0.43,success,200,,1,279,7179,2845,376,jev-1.13.0
24208206,credit_damage_threat__B,credit_damage_threat,B,0.97,success,200,,1,279,7179,2845,376,jev-1.13.0
24208206,credit_damage_threat__C,credit_damage_threat,C,0.28,success,200,,1,279,7179,2845,376,jev-1.13.0
24208206,arrest_threat__A,arrest_threat,A,0.03,success,200,,1,279,7179,2845,376,jev-1.13.0
24208206,arrest_threat__B,arrest_threat,B,0.02,success,200,,1,279,7179,2845,376,jev-1.13.0
24208206,arrest_threat__C,arrest_threat,C,0.02,success,200,,1,279,7179,2845,376,jev-1.13.0
24208206,sued_no_notice__A,sued_no_notice,A,0.03,success,200,,1,279,7179,2845,376,jev-1.13.0
24208206,sued_no_notice__B,sued_no_notice,B,0.14,success,200,,1,279,7179,2845,376,jev-1.13.0
24208206,sued_no_notice__C,sued_no_notice,C,0.02,success,200,,1,279,7179,2845,376,jev-1.13.0
24209311,identity_theft__A,identity_theft,A,0.03,success,200,,1,271,1251,2960,376,jev-1.13.0
24209311,identity_theft__B,identity_theft,B,0.44,success,200,,1,271,1251,2960,376,jev-1.13.0
24209311,identity_theft__C,identity_theft,C,0.03,success,200,,1,271,1251,2960,376,jev-1.13.0
24209311,insufficient_validation__A,insufficient_validation,A,0.75,success,200,,1,271,1251,2960,376,jev-1.13.0
24209311,insufficient_validation__B,insufficient_validation,B,0.93,success,200,,1,271,1251,2960,376,jev-1.13.0
24209311,insufficient_validation__C,insufficient_validation,C,0.82,success,200,,1,271,1251,2960,376,jev-1.13.0
24209311,wrong_amount__A,wrong_amount,A,0.04,success,200,,1,271,1251,2960,376,jev-1.13.0
24209311,wrong_amount__B,wrong_amount,B,0.22,success,200,,1,271,1251,2960,376,jev-1.13.0
24209311,wrong_amount__C,wrong_amount,C,0.04,success,200,,1,271,1251,2960,376,jev-1.13.0
24209311,credit_damage_threat__A,credit_damage_threat,A,0.09,success,200,,1,271,1251,2960,376,jev-1.13.0
24209311,credit_damage_threat__B,credit_damage_threat,B,0.98,success,200,,1,271,1251,2960,376,jev-1.13.0
24209311,credit_damage_threat__C,credit_damage_threat,C,0.1,success,200,,1,271,1251,2960,376,jev-1.13.0
24209311,arrest_threat__A,arrest_threat,A,0.04,success,200,,1,271,1251,2960,376,jev-1.13.0
24209311,arrest_threat__B,arrest_threat,B,0.06,success,200,,1,271,1251,2960,376,jev-1.13.0
24209311,arrest_threat__C,arrest_threat,C,0.02,success,200,,1,271,1251,2960,376,jev-1.13.0
24209311,sued_no_notice__A,sued_no_notice,A,0.03,success,200,,1,271,1251,2960,376,jev-1.13.0
24209311,sued_no_notice__B,sued_no_notice,B,0.8,success,200,,1,271,1251,2960,376,jev-1.13.0
24209311,sued_no_notice__C,sued_no_notice,C,0.02,success,200,,1,271,1251,2960,376,jev-1.13.0
24211610,identity_theft__A,identity_theft,A,0.02,success,200,,1,275,6747,3079,376,jev-1.13.0
24211610,identity_theft__B,identity_theft,B,0.86,success,200,,1,275,6747,3079,376,jev-1.13.0
24211610,identity_theft__C,identity_theft,C,0.03,success,200,,1,275,6747,3079,376,jev-1.13.0
24211610,insufficient_validation__A,insufficient_validation,A,0.04,success,200,,1,275,6747,3079,376,jev-1.13.0
24211610,insufficient_validation__B,insufficient_validation,B,0.41,success,200,,1,275,6747,3079,376,jev-1.13.0
24211610,insufficient_validation__C,insufficient_validation,C,0.13,success,200,,1,275,6747,3079,376,jev-1.13.0
24211610,wrong_amount__A,wrong_amount,A,0.93,success,200,,1,275,6747,3079,376,jev-1.13.0
24211610,wrong_amount__B,wrong_amount,B,0.99,success,200,,1,275,6747,3079,376,jev-1.13.0
24211610,wrong_amount__C,wrong_amount,C,0.9,success,200,,1,275,6747,3079,376,jev-1.13.0
24211610,credit_damage_threat__A,credit_damage_threat,A,0.09,success,200,,1,275,6747,3079,376,jev-1.13.0
24211610,credit_damage_threat__B,credit_damage_threat,B,0.82,success,200,,1,275,6747,3079,376,jev-1.13.0
24211610,credit_damage_threat__C,credit_damage_threat,C,0.14,success,200,,1,275,6747,3079,376,jev-1.13.0
24211610,arrest_threat__A,arrest_threat,A,0.04,success,200,,1,275,6747,3079,376,jev-1.13.0
24211610,arrest_threat__B,arrest_threat,B,0.03,success,200,,1,275,6747,3079,376,jev-1.13.0
24211610,arrest_threat__C,arrest_threat,C,0.02,success,200,,1,275,6747,3079,376,jev-1.13.0
24211610,sued_no_notice__A,sued_no_notice,A,0.03,success,200,,1,275,6747,3079,376,jev-1.13.0
24211610,sued_no_notice__B,sued_no_notice,B,0.15,success,200,,1,275,6747,3079,376,jev-1.13.0
24211610,sued_no_notice__C,sued_no_notice,C,0.02,success,200,,1,275,6747,3079,376,jev-1.13.0
24213711,identity_theft__A,identity_theft,A,0.03,success,200,,1,297,7367,2859,376,jev-1.13.0
24213711,identity_theft__B,identity_theft,B,0.87,success,200,,1,297,7367,2859,376,jev-1.13.0
24213711,identity_theft__C,identity_theft,C,0.08,success,200,,1,297,7367,2859,376,jev-1.13.0
24213711,insufficient_validation__A,insufficient_validation,A,0.24,success,200,,1,297,7367,2859,376,jev-1.13.0
24213711,insufficient_validation__B,insufficient_validation,B,0.98,success,200,,1,297,7367,2859,376,jev-1.13.0
24213711,insufficient_validation__C,insufficient_validation,C,0.83,success,200,,1,297,7367,2859,376,jev-1.13.0
24213711,wrong_amount__A,wrong_amount,A,0.04,success,200,,1,297,7367,2859,376,jev-1.13.0
24213711,wrong_amount__B,wrong_amount,B,0.09,success,200,,1,297,7367,2859,376,jev-1.13.0
24213711,wrong_amount__C,wrong_amount,C,0.04,success,200,,1,297,7367,2859,376,jev-1.13.0
24213711,credit_damage_threat__A,credit_damage_threat,A,0.04,success,200,,1,297,7367,2859,376,jev-1.13.0
24213711,credit_damage_threat__B,credit_damage_threat,B,0.81,success,200,,1,297,7367,2859,376,jev-1.13.0
24213711,credit_damage_threat__C,credit_damage_threat,C,0.02,success,200,,1,297,7367,2859,376,jev-1.13.0
24213711,arrest_threat__A,arrest_threat,A,0.03,success,200,,1,297,7367,2859,376,jev-1.13.0
24213711,arrest_threat__B,arrest_threat,B,0.02,success,200,,1,297,7367,2859,376,jev-1.13.0
24213711,arrest_threat__C,arrest_threat,C,0.01,success,200,,1,297,7367,2859,376,jev-1.13.0
24213711,sued_no_notice__A,sued_no_notice,A,0.03,success,200,,1,297,7367,2859,376,jev-1.13.0
24213711,sued_no_notice__B,sued_no_notice,B,0.06,success,200,,1,297,7367,2859,376,jev-1.13.0
24213711,sued_no_notice__C,sued_no_notice,C,0.02,success,200,,1,297,7367,2859,376,jev-1.13.0
24214067,identity_theft__A,identity_theft,A,0.03,success,200,,1,269,4058,2846,376,jev-1.13.0
24214067,identity_theft__B,identity_theft,B,0.64,success,200,,1,269,4058,2846,376,jev-1.13.0
24214067,identity_theft__C,identity_theft,C,0.06,success,200,,1,269,4058,2846,376,jev-1.13.0
24214067,insufficient_validation__A,insufficient_validation,A,0.16,success,200,,1,269,4058,2846,376,jev-1.13.0
24214067,insufficient_validation__B,insufficient_validation,B,0.98,success,200,,1,269,4058,2846,376,jev-1.13.0
24214067,insufficient_validation__C,insufficient_validation,C,0.74,success,200,,1,269,4058,2846,376,jev-1.13.0
24214067,wrong_amount__A,wrong_amount,A,0.04,success,200,,1,269,4058,2846,376,jev-1.13.0
24214067,wrong_amount__B,wrong_amount,B,0.07,success,200,,1,269,4058,2846,376,jev-1.13.0
24214067,wrong_amount__C,wrong_amount,C,0.04,success,200,,1,269,4058,2846,376,jev-1.13.0
24214067,credit_damage_threat__A,credit_damage_threat,A,0.04,success,200,,1,269,4058,2846,376,jev-1.13.0
24214067,credit_damage_threat__B,credit_damage_threat,B,0.92,success,200,,1,269,4058,2846,376,jev-1.13.0
24214067,credit_damage_threat__C,credit_damage_threat,C,0.02,success,200,,1,269,4058,2846,376,jev-1.13.0
24214067,arrest_threat__A,arrest_threat,A,0.03,success,200,,1,269,4058,2846,376,jev-1.13.0
24214067,arrest_threat__B,arrest_threat,B,0.02,success,200,,1,269,4058,2846,376,jev-1.13.0
24214067,arrest_threat__C,arrest_threat,C,0.01,success,200,,1,269,4058,2846,376,jev-1.13.0
24214067,sued_no_notice__A,sued_no_notice,A,0.03,success,200,,1,269,4058,2846,376,jev-1.13.0
24214067,sued_no_notice__B,sued_no_notice,B,0.06,success,200,,1,269,4058,2846,376,jev-1.13.0
24214067,sued_no_notice__C,sued_no_notice,C,0.02,success,200,,1,269,4058,2846,376,jev-1.13.0
24229587,identity_theft__A,identity_theft,A,0.02,success,200,,1,269,1073,2756,376,jev-1.13.0
24229587,identity_theft__B,identity_theft,B,0.05,success,200,,1,269,1073,2756,376,jev-1.13.0
24229587,identity_theft__C,identity_theft,C,0.02,success,200,,1,269,1073,2756,376,jev-1.13.0
24229587,insufficient_validation__A,insufficient_validation,A,0.03,success,200,,1,269,1073,2756,376,jev-1.13.0
24229587,insufficient_validation__B,insufficient_validation,B,0.93,success,200,,1,269,1073,2756,376,jev-1.13.0
24229587,insufficient_validation__C,insufficient_validation,C,0.06,success,200,,1,269,1073,2756,376,jev-1.13.0
24229587,wrong_amount__A,wrong_amount,A,0.04,success,200,,1,269,1073,2756,376,jev-1.13.0
24229587,wrong_amount__B,wrong_amount,B,0.09,success,200,,1,269,1073,2756,376,jev-1.13.0
24229587,wrong_amount__C,wrong_amount,C,0.37,success,200,,1,269,1073,2756,376,jev-1.13.0
24229587,credit_damage_threat__A,credit_damage_threat,A,0.04,success,200,,1,269,1073,2756,376,jev-1.13.0
24229587,credit_damage_threat__B,credit_damage_threat,B,0.86,success,200,,1,269,1073,2756,376,jev-1.13.0
24229587,credit_damage_threat__C,credit_damage_threat,C,0.04,success,200,,1,269,1073,2756,376,jev-1.13.0
24229587,arrest_threat__A,arrest_threat,A,0.03,success,200,,1,269,1073,2756,376,jev-1.13.0
24229587,arrest_threat__B,arrest_threat,B,0.02,success,200,,1,269,1073,2756,376,jev-1.13.0
24229587,arrest_threat__C,arrest_threat,C,0.01,success,200,,1,269,1073,2756,376,jev-1.13.0
24229587,sued_no_notice__A,sued_no_notice,A,0.02,success,200,,1,269,1073,2756,376,jev-1.13.0
24229587,sued_no_notice__B,sued_no_notice,B,0.04,success,200,,1,269,1073,2756,376,jev-1.13.0
24229587,sued_no_notice__C,sued_no_notice,C,0.01,success,200,,1,269,1073,2756,376,jev-1.13.0
24231918,identity_theft__A,identity_theft,A,0.02,success,200,,1,318,921,2885,376,jev-1.13.0
24231918,identity_theft__B,identity_theft,B,0.38,success,200,,1,318,921,2885,376,jev-1.13.0
24231918,identity_theft__C,identity_theft,C,0.03,success,200,,1,318,921,2885,376,jev-1.13.0
24231918,insufficient_validation__A,insufficient_validation,A,0.23,success,200,,1,318,921,2885,376,jev-1.13.0
24231918,insufficient_validation__B,insufficient_validation,B,0.99,success,200,,1,318,921,2885,376,jev-1.13.0
24231918,insufficient_validation__C,insufficient_validation,C,0.3,success,200,,1,318,921,2885,376,jev-1.13.0
24231918,wrong_amount__A,wrong_amount,A,0.04,success,200,,1,318,921,2885,376,jev-1.13.0
24231918,wrong_amount__B,wrong_amount,B,0.63,success,200,,1,318,921,2885,376,jev-1.13.0
24231918,wrong_amount__C,wrong_amount,C,0.07,success,200,,1,318,921,2885,376,jev-1.13.0
24231918,credit_damage_threat__A,credit_damage_threat,A,0.04,success,200,,1,318,921,2885,376,jev-1.13.0
24231918,credit_damage_threat__B,credit_damage_threat,B,0.92,success,200,,1,318,921,2885,376,jev-1.13.0
24231918,credit_damage_threat__C,credit_damage_threat,C,0.03,success,200,,1,318,921,2885,376,jev-1.13.0
24231918,arrest_threat__A,arrest_threat,A,0.03,success,200,,1,318,921,2885,376,jev-1.13.0
24231918,arrest_threat__B,arrest_threat,B,0.02,success,200,,1,318,921,2885,376,jev-1.13.0
24231918,arrest_threat__C,arrest_threat,C,0.02,success,200,,1,318,921,2885,376,jev-1.13.0
24231918,sued_no_notice__A,sued_no_notice,A,0.03,success,200,,1,318,921,2885,376,jev-1.13.0
24231918,sued_no_notice__B,sued_no_notice,B,0.07,success,200,,1,318,921,2885,376,jev-1.13.0
24231918,sued_no_notice__C,sued_no_notice,C,0.02,success,200,,1,318,921,2885,376,jev-1.13.0
24234155,identity_theft__A,identity_theft,A,0.02,success,200,,1,276,076,2838,376,jev-1.13.0
24234155,identity_theft__B,identity_theft,B,0.09,success,200,,1,276,076,2838,376,jev-1.13.0
24234155,identity_theft__C,identity_theft,C,0.02,success,200,,1,276,076,2838,376,jev-1.13.0
24234155,insufficient_validation__A,insufficient_validation,A,0.03,success,200,,1,276,076,2838,376,jev-1.13.0
24234155,insufficient_validation__B,insufficient_validation,B,0.73,success,200,,1,276,076,2838,376,jev-1.13.0
24234155,insufficient_validation__C,insufficient_validation,C,0.12,success,200,,1,276,076,2838,376,jev-1.13.0
24234155,wrong_amount__A,wrong_amount,A,0.83,success,200,,1,276,076,2838,376,jev-1.13.0
24234155,wrong_amount__B,wrong_amount,B,0.91,success,200,,1,276,076,2838,376,jev-1.13.0
24234155,wrong_amount__C,wrong_amount,C,0.82,success,200,,1,276,076,2838,376,jev-1.13.0
24234155,credit_damage_threat__A,credit_damage_threat,A,0.04,success,200,,1,276,076,2838,376,jev-1.13.0
24234155,credit_damage_threat__B,credit_damage_threat,B,0.91,success,200,,1,276,076,2838,376,jev-1.13.0
24234155,credit_damage_threat__C,credit_damage_threat,C,0.03,success,200,,1,276,076,2838,376,jev-1.13.0
24234155,arrest_threat__A,arrest_threat,A,0.03,success,200,,1,276,076,2838,376,jev-1.13.0
24234155,arrest_threat__B,arrest_threat,B,0.02,success,200,,1,276,076,2838,376,jev-1.13.0
24234155,arrest_threat__C,arrest_threat,C,0.01,success,200,,1,276,076,2838,376,jev-1.13.0
24234155,sued_no_notice__A,sued_no_notice,A,0.02,success,200,,1,276,076,2838,376,jev-1.13.0
24234155,sued_no_notice__B,sued_no_notice,B,0.04,success,200,,1,276,076,2838,376,jev-1.13.0
24234155,sued_no_notice__C,sued_no_notice,C,0.01,success,200,,1,276,076,2838,376,jev-1.13.0
24234244,identity_theft__A,identity_theft,A,0.02,success,200,,1,295,5064,3055,376,jev-1.13.0
24234244,identity_theft__B,identity_theft,B,0.93,success,200,,1,295,5064,3055,376,jev-1.13.0
24234244,identity_theft__C,identity_theft,C,0.02,success,200,,1,295,5064,3055,376,jev-1.13.0
24234244,insufficient_validation__A,insufficient_validation,A,0.03,success,200,,1,295,5064,3055,376,jev-1.13.0
24234244,insufficient_validation__B,insufficient_validation,B,0.13,success,200,,1,295,5064,3055,376,jev-1.13.0
24234244,insufficient_validation__C,insufficient_validation,C,0.06,success,200,,1,295,5064,3055,376,jev-1.13.0
24234244,wrong_amount__A,wrong_amount,A,0.18,success,200,,1,295,5064,3055,376,jev-1.13.0
24234244,wrong_amount__B,wrong_amount,B,0.98,success,200,,1,295,5064,3055,376,jev-1.13.0
24234244,wrong_amount__C,wrong_amount,C,0.72,success,200,,1,295,5064,3055,376,jev-1.13.0
24234244,credit_damage_threat__A,credit_damage_threat,A,0.1,success,200,,1,295,5064,3055,376,jev-1.13.0
24234244,credit_damage_threat__B,credit_damage_threat,B,0.99,success,200,,1,295,5064,3055,376,jev-1.13.0
24234244,credit_damage_threat__C,credit_damage_threat,C,0.05,success,200,,1,295,5064,3055,376,jev-1.13.0
24234244,arrest_threat__A,arrest_threat,A,0.03,success,200,,1,295,5064,3055,376,jev-1.13.0
24234244,arrest_threat__B,arrest_threat,B,0.02,success,200,,1,295,5064,3055,376,jev-1.13.0
24234244,arrest_threat__C,arrest_threat,C,0.02,success,200,,1,295,5064,3055,376,jev-1.13.0
24234244,sued_no_notice__A,sued_no_notice,A,0.02,success,200,,1,295,5064,3055,376,jev-1.13.0
24234244,sued_no_notice__B,sued_no_notice,B,0.07,success,200,,1,295,5064,3055,376,jev-1.13.0
24234244,sued_no_notice__C,sued_no_notice,C,0.02,success,200,,1,295,5064,3055,376,jev-1.13.0
24248020,identity_theft__A,identity_theft,A,0.03,success,200,,1,327,6754,2895,376,jev-1.13.0
24248020,identity_theft__B,identity_theft,B,0.62,success,200,,1,327,6754,2895,376,jev-1.13.0
24248020,identity_theft__C,identity_theft,C,0.03,success,200,,1,327,6754,2895,376,jev-1.13.0
24248020,insufficient_validation__A,insufficient_validation,A,0.07,success,200,,1,327,6754,2895,376,jev-1.13.0
24248020,insufficient_validation__B,insufficient_validation,B,0.99,success,200,,1,327,6754,2895,376,jev-1.13.0
24248020,insufficient_validation__C,insufficient_validation,C,0.15,success,200,,1,327,6754,2895,376,jev-1.13.0
24248020,wrong_amount__A,wrong_amount,A,0.06,success,200,,1,327,6754,2895,376,jev-1.13.0
24248020,wrong_amount__B,wrong_amount,B,0.94,success,200,,1,327,6754,2895,376,jev-1.13.0
24248020,wrong_amount__C,wrong_amount,C,0.13,success,200,,1,327,6754,2895,376,jev-1.13.0
24248020,credit_damage_threat__A,credit_damage_threat,A,0.04,success,200,,1,327,6754,2895,376,jev-1.13.0
24248020,credit_damage_threat__B,credit_damage_threat,B,0.04,success,200,,1,327,6754,2895,376,jev-1.13.0
24248020,credit_damage_threat__C,credit_damage_threat,C,0.02,success,200,,1,327,6754,2895,376,jev-1.13.0
24248020,arrest_threat__A,arrest_threat,A,0.03,success,200,,1,327,6754,2895,376,jev-1.13.0
24248020,arrest_threat__B,arrest_threat,B,0.03,success,200,,1,327,6754,2895,376,jev-1.13.0
24248020,arrest_threat__C,arrest_threat,C,0.02,success,200,,1,327,6754,2895,376,jev-1.13.0
24248020,sued_no_notice__A,sued_no_notice,A,0.03,success,200,,1,327,6754,2895,376,jev-1.13.0
24248020,sued_no_notice__B,sued_no_notice,B,0.15,success,200,,1,327,6754,2895,376,jev-1.13.0
24248020,sued_no_notice__C,sued_no_notice,C,0.01,success,200,,1,327,6754,2895,376,jev-1.13.0
24248282,identity_theft__A,identity_theft,A,0.02,success,200,,1,286,2796,2661,376,jev-1.13.0
24248282,identity_theft__B,identity_theft,B,0.05,success,200,,1,286,2796,2661,376,jev-1.13.0
24248282,identity_theft__C,identity_theft,C,0.02,success,200,,1,286,2796,2661,376,jev-1.13.0
24248282,insufficient_validation__A,insufficient_validation,A,0.02,success,200,,1,286,2796,2661,376,jev-1.13.0
24248282,insufficient_validation__B,insufficient_validation,B,0.04,success,200,,1,286,2796,2661,376,jev-1.13.0
24248282,insufficient_validation__C,insufficient_validation,C,0.02,success,200,,1,286,2796,2661,376,jev-1.13.0
24248282,wrong_amount__A,wrong_amount,A,0.03,success,200,,1,286,2796,2661,376,jev-1.13.0
24248282,wrong_amount__B,wrong_amount,B,0.04,success,200,,1,286,2796,2661,376,jev-1.13.0
24248282,wrong_amount__C,wrong_amount,C,0.02,success,200,,1,286,2796,2661,376,jev-1.13.0
24248282,credit_damage_threat__A,credit_damage_threat,A,0.03,success,200,,1,286,2796,2661,376,jev-1.13.0
24248282,credit_damage_threat__B,credit_damage_threat,B,0.09,success,200,,1,286,2796,2661,376,jev-1.13.0
24248282,credit_damage_threat__C,credit_damage_threat,C,0.02,success,200,,1,286,2796,2661,376,jev-1.13.0
24248282,arrest_threat__A,arrest_threat,A,0.02,success,200,,1,286,2796,2661,376,jev-1.13.0
24248282,arrest_threat__B,arrest_threat,B,0.02,success,200,,1,286,2796,2661,376,jev-1.13.0
24248282,arrest_threat__C,arrest_threat,C,0.01,success,200,,1,286,2796,2661,376,jev-1.13.0
24248282,sued_no_notice__A,sued_no_notice,A,0.02,success,200,,1,286,2796,2661,376,jev-1.13.0
24248282,sued_no_notice__B,sued_no_notice,B,0.09,success,200,,1,286,2796,2661,376,jev-1.13.0
24248282,sued_no_notice__C,sued_no_notice,C,0.01,success,200,,1,286,2796,2661,376,jev-1.13.0
24248514,identity_theft__A,identity_theft,A,0.03,success,200,,1,296,9551,2910,376,jev-1.13.0
24248514,identity_theft__B,identity_theft,B,0.65,success,200,,1,296,9551,2910,376,jev-1.13.0
24248514,identity_theft__C,identity_theft,C,0.03,success,200,,1,296,9551,2910,376,jev-1.13.0
24248514,insufficient_validation__A,insufficient_validation,A,0.07,success,200,,1,296,9551,2910,376,jev-1.13.0
24248514,insufficient_validation__B,insufficient_validation,B,0.99,success,200,,1,296,9551,2910,376,jev-1.13.0
24248514,insufficient_validation__C,insufficient_validation,C,0.16,success,200,,1,296,9551,2910,376,jev-1.13.0
24248514,wrong_amount__A,wrong_amount,A,0.05,success,200,,1,296,9551,2910,376,jev-1.13.0
24248514,wrong_amount__B,wrong_amount,B,0.95,success,200,,1,296,9551,2910,376,jev-1.13.0
24248514,wrong_amount__C,wrong_amount,C,0.11,success,200,,1,296,9551,2910,376,jev-1.13.0
24248514,credit_damage_threat__A,credit_damage_threat,A,0.04,success,200,,1,296,9551,2910,376,jev-1.13.0
24248514,credit_damage_threat__B,credit_damage_threat,B,0.05,success,200,,1,296,9551,2910,376,jev-1.13.0
24248514,credit_damage_threat__C,credit_damage_threat,C,0.02,success,200,,1,296,9551,2910,376,jev-1.13.0
24248514,arrest_threat__A,arrest_threat,A,0.03,success,200,,1,296,9551,2910,376,jev-1.13.0
24248514,arrest_threat__B,arrest_threat,B,0.03,success,200,,1,296,9551,2910,376,jev-1.13.0
24248514,arrest_threat__C,arrest_threat,C,0.02,success,200,,1,296,9551,2910,376,jev-1.13.0
24248514,sued_no_notice__A,sued_no_notice,A,0.02,success,200,,1,296,9551,2910,376,jev-1.13.0
24248514,sued_no_notice__B,sued_no_notice,B,0.13,success,200,,1,296,9551,2910,376,jev-1.13.0
24248514,sued_no_notice__C,sued_no_notice,C,0.01,success,200,,1,296,9551,2910,376,jev-1.13.0
24273439,identity_theft__A,identity_theft,A,0.05,success,200,,1,320,3472,2784,376,jev-1.13.0
24273439,identity_theft__B,identity_theft,B,0.98,success,200,,1,320,3472,2784,376,jev-1.13.0
24273439,identity_theft__C,identity_theft,C,0.61,success,200,,1,320,3472,2784,376,jev-1.13.0
24273439,insufficient_validation__A,insufficient_validation,A,0.21,success,200,,1,320,3472,2784,376,jev-1.13.0
24273439,insufficient_validation__B,insufficient_validation,B,0.67,success,200,,1,320,3472,2784,376,jev-1.13.0
24273439,insufficient_validation__C,insufficient_validation,C,0.42,success,200,,1,320,3472,2784,376,jev-1.13.0
24273439,wrong_amount__A,wrong_amount,A,0.06,success,200,,1,320,3472,2784,376,jev-1.13.0
24273439,wrong_amount__B,wrong_amount,B,0.73,success,200,,1,320,3472,2784,376,jev-1.13.0
24273439,wrong_amount__C,wrong_amount,C,0.08,success,200,,1,320,3472,2784,376,jev-1.13.0
24273439,credit_damage_threat__A,credit_damage_threat,A,0.04,success,200,,1,320,3472,2784,376,jev-1.13.0
24273439,credit_damage_threat__B,credit_damage_threat,B,0.04,success,200,,1,320,3472,2784,376,jev-1.13.0
24273439,credit_damage_threat__C,credit_damage_threat,C,0.03,success,200,,1,320,3472,2784,376,jev-1.13.0
24273439,arrest_threat__A,arrest_threat,A,0.03,success,200,,1,320,3472,2784,376,jev-1.13.0
24273439,arrest_threat__B,arrest_threat,B,0.03,success,200,,1,320,3472,2784,376,jev-1.13.0
24273439,arrest_threat__C,arrest_threat,C,0.02,success,200,,1,320,3472,2784,376,jev-1.13.0
24273439,sued_no_notice__A,sued_no_notice,A,0.07,success,200,,1,320,3472,2784,376,jev-1.13.0
24273439,sued_no_notice__B,sued_no_notice,B,0.99,success,200,,1,320,3472,2784,376,jev-1.13.0
24273439,sued_no_notice__C,sued_no_notice,C,0.43,success,200,,1,320,3472,2784,376,jev-1.13.0
24379057,identity_theft__A,identity_theft,A,0.02,success,200,,1,318,3045,2693,376,jev-1.13.0
24379057,identity_theft__B,identity_theft,B,0.93,success,200,,1,318,3045,2693,376,jev-1.13.0
24379057,identity_theft__C,identity_theft,C,0.03,success,200,,1,318,3045,2693,376,jev-1.13.0
24379057,insufficient_validation__A,insufficient_validation,A,0.03,success,200,,1,318,3045,2693,376,jev-1.13.0
24379057,insufficient_validation__B,insufficient_validation,B,0.76,success,200,,1,318,3045,2693,376,jev-1.13.0
24379057,insufficient_validation__C,insufficient_validation,C,0.13,success,200,,1,318,3045,2693,376,jev-1.13.0
24379057,wrong_amount__A,wrong_amount,A,0.13,success,200,,1,318,3045,2693,376,jev-1.13.0
24379057,wrong_amount__B,wrong_amount,B,0.99,success,200,,1,318,3045,2693,376,jev-1.13.0
24379057,wrong_amount__C,wrong_amount,C,0.87,success,200,,1,318,3045,2693,376,jev-1.13.0
24379057,credit_damage_threat__A,credit_damage_threat,A,0.04,success,200,,1,318,3045,2693,376,jev-1.13.0
24379057,credit_damage_threat__B,credit_damage_threat,B,0.04,success,200,,1,318,3045,2693,376,jev-1.13.0
24379057,credit_damage_threat__C,credit_damage_threat,C,0.02,success,200,,1,318,3045,2693,376,jev-1.13.0
24379057,arrest_threat__A,arrest_threat,A,0.03,success,200,,1,318,3045,2693,376,jev-1.13.0
24379057,arrest_threat__B,arrest_threat,B,0.04,success,200,,1,318,3045,2693,376,jev-1.13.0
24379057,arrest_threat__C,arrest_threat,C,0.03,success,200,,1,318,3045,2693,376,jev-1.13.0
24379057,sued_no_notice__A,sued_no_notice,A,0.03,success,200,,1,318,3045,2693,376,jev-1.13.0
24379057,sued_no_notice__B,sued_no_notice,B,0.11,success,200,,1,318,3045,2693,376,jev-1.13.0
24379057,sued_no_notice__C,sued_no_notice,C,0.02,success,200,,1,318,3045,2693,376,jev-1.13.0
24402201,identity_theft__A,identity_theft,A,0.03,success,200,,1,297,7304,2972,376,jev-1.13.0
24402201,identity_theft__B,identity_theft,B,0.39,success,200,,1,297,7304,2972,376,jev-1.13.0
24402201,identity_theft__C,identity_theft,C,0.03,success,200,,1,297,7304,2972,376,jev-1.13.0
24402201,insufficient_validation__A,insufficient_validation,A,0.37,success,200,,1,297,7304,2972,376,jev-1.13.0
24402201,insufficient_validation__B,insufficient_validation,B,0.99,success,200,,1,297,7304,2972,376,jev-1.13.0
24402201,insufficient_validation__C,insufficient_validation,C,0.93,success,200,,1,297,7304,2972,376,jev-1.13.0
24402201,wrong_amount__A,wrong_amount,A,0.76,success,200,,1,297,7304,2972,376,jev-1.13.0
24402201,wrong_amount__B,wrong_amount,B,0.98,success,200,,1,297,7304,2972,376,jev-1.13.0
24402201,wrong_amount__C,wrong_amount,C,0.89,success,200,,1,297,7304,2972,376,jev-1.13.0
24402201,credit_damage_threat__A,credit_damage_threat,A,0.07,success,200,,1,297,7304,2972,376,jev-1.13.0
24402201,credit_damage_threat__B,credit_damage_threat,B,0.76,success,200,,1,297,7304,2972,376,jev-1.13.0
24402201,credit_damage_threat__C,credit_damage_threat,C,0.05,success,200,,1,297,7304,2972,376,jev-1.13.0
24402201,arrest_threat__A,arrest_threat,A,0.03,success,200,,1,297,7304,2972,376,jev-1.13.0
24402201,arrest_threat__B,arrest_threat,B,0.03,success,200,,1,297,7304,2972,376,jev-1.13.0
24402201,arrest_threat__C,arrest_threat,C,0.02,success,200,,1,297,7304,2972,376,jev-1.13.0
24402201,sued_no_notice__A,sued_no_notice,A,0.03,success,200,,1,297,7304,2972,376,jev-1.13.0
24402201,sued_no_notice__B,sued_no_notice,B,0.07,success,200,,1,297,7304,2972,376,jev-1.13.0
24402201,sued_no_notice__C,sued_no_notice,C,0.02,success,200,,1,297,7304,2972,376,jev-1.13.0
24408170,identity_theft__A,identity_theft,A,0.03,success,200,,1,299,1368,2721,376,jev-1.13.0
24408170,identity_theft__B,identity_theft,B,0.96,success,200,,1,299,1368,2721,376,jev-1.13.0
24408170,identity_theft__C,identity_theft,C,0.28,success,200,,1,299,1368,2721,376,jev-1.13.0
24408170,insufficient_validation__A,insufficient_validation,A,0.05,success,200,,1,299,1368,2721,376,jev-1.13.0
24408170,insufficient_validation__B,insufficient_validation,B,0.17,success,200,,1,299,1368,2721,376,jev-1.13.0
24408170,insufficient_validation__C,insufficient_validation,C,0.58,success,200,,1,299,1368,2721,376,jev-1.13.0
24408170,wrong_amount__A,wrong_amount,A,0.04,success,200,,1,299,1368,2721,376,jev-1.13.0
24408170,wrong_amount__B,wrong_amount,B,0.27,success,200,,1,299,1368,2721,376,jev-1.13.0
24408170,wrong_amount__C,wrong_amount,C,0.04,success,200,,1,299,1368,2721,376,jev-1.13.0
24408170,credit_damage_threat__A,credit_damage_threat,A,0.04,success,200,,1,299,1368,2721,376,jev-1.13.0
24408170,credit_damage_threat__B,credit_damage_threat,B,0.92,success,200,,1,299,1368,2721,376,jev-1.13.0
24408170,credit_damage_threat__C,credit_damage_threat,C,0.03,success,200,,1,299,1368,2721,376,jev-1.13.0
24408170,arrest_threat__A,arrest_threat,A,0.03,success,200,,1,299,1368,2721,376,jev-1.13.0
24408170,arrest_threat__B,arrest_threat,B,0.02,success,200,,1,299,1368,2721,376,jev-1.13.0
24408170,arrest_threat__C,arrest_threat,C,0.02,success,200,,1,299,1368,2721,376,jev-1.13.0
24408170,sued_no_notice__A,sued_no_notice,A,0.02,success,200,,1,299,1368,2721,376,jev-1.13.0
24408170,sued_no_notice__B,sued_no_notice,B,0.09,success,200,,1,299,1368,2721,376,jev-1.13.0
24408170,sued_no_notice__C,sued_no_notice,C,0.02,success,200,,1,299,1368,2721,376,jev-1.13.0
24424146,identity_theft__A,identity_theft,A,0.03,success,200,,1,305,4997,2722,376,jev-1.13.0
24424146,identity_theft__B,identity_theft,B,0.38,success,200,,1,305,4997,2722,376,jev-1.13.0
24424146,identity_theft__C,identity_theft,C,0.03,success,200,,1,305,4997,2722,376,jev-1.13.0
24424146,insufficient_validation__A,insufficient_validation,A,0.25,success,200,,1,305,4997,2722,376,jev-1.13.0
24424146,insufficient_validation__B,insufficient_validation,B,0.99,success,200,,1,305,4997,2722,376,jev-1.13.0
24424146,insufficient_validation__C,insufficient_validation,C,0.89,success,200,,1,305,4997,2722,376,jev-1.13.0
24424146,wrong_amount__A,wrong_amount,A,0.06,success,200,,1,305,4997,2722,376,jev-1.13.0
24424146,wrong_amount__B,wrong_amount,B,0.85,success,200,,1,305,4997,2722,376,jev-1.13.0
24424146,wrong_amount__C,wrong_amount,C,0.13,success,200,,1,305,4997,2722,376,jev-1.13.0
24424146,credit_damage_threat__A,credit_damage_threat,A,0.06,success,200,,1,305,4997,2722,376,jev-1.13.0
24424146,credit_damage_threat__B,credit_damage_threat,B,0.87,success,200,,1,305,4997,2722,376,jev-1.13.0
24424146,credit_damage_threat__C,credit_damage_threat,C,0.04,success,200,,1,305,4997,2722,376,jev-1.13.0
24424146,arrest_threat__A,arrest_threat,A,0.03,success,200,,1,305,4997,2722,376,jev-1.13.0
24424146,arrest_threat__B,arrest_threat,B,0.02,success,200,,1,305,4997,2722,376,jev-1.13.0
24424146,arrest_threat__C,arrest_threat,C,0.01,success,200,,1,305,4997,2722,376,jev-1.13.0
24424146,sued_no_notice__A,sued_no_notice,A,0.02,success,200,,1,305,4997,2722,376,jev-1.13.0
24424146,sued_no_notice__B,sued_no_notice,B,0.04,success,200,,1,305,4997,2722,376,jev-1.13.0
24424146,sued_no_notice__C,sued_no_notice,C,0.01,success,200,,1,305,4997,2722,376,jev-1.13.0
24435171,identity_theft__A,identity_theft,A,0.03,success,200,,1,270,0246,2932,376,jev-1.13.0
24435171,identity_theft__B,identity_theft,B,0.27,success,200,,1,270,0246,2932,376,jev-1.13.0
24435171,identity_theft__C,identity_theft,C,0.03,success,200,,1,270,0246,2932,376,jev-1.13.0
24435171,insufficient_validation__A,insufficient_validation,A,0.9,success,200,,1,270,0246,2932,376,jev-1.13.0
24435171,insufficient_validation__B,insufficient_validation,B,0.99,success,200,,1,270,0246,2932,376,jev-1.13.0
24435171,insufficient_validation__C,insufficient_validation,C,0.97,success,200,,1,270,0246,2932,376,jev-1.13.0
24435171,wrong_amount__A,wrong_amount,A,0.04,success,200,,1,270,0246,2932,376,jev-1.13.0
24435171,wrong_amount__B,wrong_amount,B,0.8,success,200,,1,270,0246,2932,376,jev-1.13.0
24435171,wrong_amount__C,wrong_amount,C,0.06,success,200,,1,270,0246,2932,376,jev-1.13.0
24435171,credit_damage_threat__A,credit_damage_threat,A,0.92,success,200,,1,270,0246,2932,376,jev-1.13.0
24435171,credit_damage_threat__B,credit_damage_threat,B,0.72,success,200,,1,270,0246,2932,376,jev-1.13.0
24435171,credit_damage_threat__C,credit_damage_threat,C,0.94,success,200,,1,270,0246,2932,376,jev-1.13.0
24435171,arrest_threat__A,arrest_threat,A,0.04,success,200,,1,270,0246,2932,376,jev-1.13.0
24435171,arrest_threat__B,arrest_threat,B,0.02,success,200,,1,270,0246,2932,376,jev-1.13.0
24435171,arrest_threat__C,arrest_threat,C,0.02,success,200,,1,270,0246,2932,376,jev-1.13.0
24435171,sued_no_notice__A,sued_no_notice,A,0.03,success,200,,1,270,0246,2932,376,jev-1.13.0
24435171,sued_no_notice__B,sued_no_notice,B,0.06,success,200,,1,270,0246,2932,376,jev-1.13.0
24435171,sued_no_notice__C,sued_no_notice,C,0.02,success,200,,1,270,0246,2932,376,jev-1.13.0
24457180,identity_theft__A,identity_theft,A,0.04,success,200,,1,308,4042,2854,376,jev-1.13.0
24457180,identity_theft__B,identity_theft,B,0.99,success,200,,1,308,4042,2854,376,jev-1.13.0
24457180,identity_theft__C,identity_theft,C,0.13,success,200,,1,308,4042,2854,376,jev-1.13.0
24457180,insufficient_validation__A,insufficient_validation,A,0.51,success,200,,1,308,4042,2854,376,jev-1.13.0
24457180,insufficient_validation__B,insufficient_validation,B,0.99,success,200,,1,308,4042,2854,376,jev-1.13.0
24457180,insufficient_validation__C,insufficient_validation,C,0.85,success,200,,1,308,4042,2854,376,jev-1.13.0
24457180,wrong_amount__A,wrong_amount,A,0.1,success,200,,1,308,4042,2854,376,jev-1.13.0
24457180,wrong_amount__B,wrong_amount,B,0.94,success,200,,1,308,4042,2854,376,jev-1.13.0
24457180,wrong_amount__C,wrong_amount,C,0.06,success,200,,1,308,4042,2854,376,jev-1.13.0
24457180,credit_damage_threat__A,credit_damage_threat,A,0.04,success,200,,1,308,4042,2854,376,jev-1.13.0
24457180,credit_damage_threat__B,credit_damage_threat,B,0.92,success,200,,1,308,4042,2854,376,jev-1.13.0
24457180,credit_damage_threat__C,credit_damage_threat,C,0.02,success,200,,1,308,4042,2854,376,jev-1.13.0
24457180,arrest_threat__A,arrest_threat,A,0.03,success,200,,1,308,4042,2854,376,jev-1.13.0
24457180,arrest_threat__B,arrest_threat,B,0.02,success,200,,1,308,4042,2854,376,jev-1.13.0
24457180,arrest_threat__C,arrest_threat,C,0.01,success,200,,1,308,4042,2854,376,jev-1.13.0
24457180,sued_no_notice__A,sued_no_notice,A,0.03,success,200,,1,308,4042,2854,376,jev-1.13.0
24457180,sued_no_notice__B,sued_no_notice,B,0.05,success,200,,1,308,4042,2854,376,jev-1.13.0
24457180,sued_no_notice__C,sued_no_notice,C,0.01,success,200,,1,308,4042,2854,376,jev-1.13.0
24525867,identity_theft__A,identity_theft,A,0.03,success,200,,1,339,8172,3139,376,jev-1.13.0
24525867,identity_theft__B,identity_theft,B,0.68,success,200,,1,339,8172,3139,376,jev-1.13.0
24525867,identity_theft__C,identity_theft,C,0.06,success,200,,1,339,8172,3139,376,jev-1.13.0
24525867,insufficient_validation__A,insufficient_validation,A,0.28,success,200,,1,339,8172,3139,376,jev-1.13.0
24525867,insufficient_validation__B,insufficient_validation,B,0.98,success,200,,1,339,8172,3139,376,jev-1.13.0
24525867,insufficient_validation__C,insufficient_validation,C,0.56,success,200,,1,339,8172,3139,376,jev-1.13.0
24525867,wrong_amount__A,wrong_amount,A,0.04,success,200,,1,339,8172,3139,376,jev-1.13.0
24525867,wrong_amount__B,wrong_amount,B,0.65,success,200,,1,339,8172,3139,376,jev-1.13.0
24525867,wrong_amount__C,wrong_amount,C,0.07,success,200,,1,339,8172,3139,376,jev-1.13.0
24525867,credit_damage_threat__A,credit_damage_threat,A,0.04,success,200,,1,339,8172,3139,376,jev-1.13.0
24525867,credit_damage_threat__B,credit_damage_threat,B,0.71,success,200,,1,339,8172,3139,376,jev-1.13.0
24525867,credit_damage_threat__C,credit_damage_threat,C,0.02,success,200,,1,339,8172,3139,376,jev-1.13.0
24525867,arrest_threat__A,arrest_threat,A,0.03,success,200,,1,339,8172,3139,376,jev-1.13.0
24525867,arrest_threat__B,arrest_threat,B,0.02,success,200,,1,339,8172,3139,376,jev-1.13.0
24525867,arrest_threat__C,arrest_threat,C,0.01,success,200,,1,339,8172,3139,376,jev-1.13.0
24525867,sued_no_notice__A,sued_no_notice,A,0.02,success,200,,1,339,8172,3139,376,jev-1.13.0
24525867,sued_no_notice__B,sued_no_notice,B,0.06,success,200,,1,339,8172,3139,376,jev-1.13.0
24525867,sued_no_notice__C,sued_no_notice,C,0.01,success,200,,1,339,8172,3139,376,jev-1.13.0
24528862,identity_theft__A,identity_theft,A,0.03,success,200,,1,310,9139,2795,376,jev-1.13.0
24528862,identity_theft__B,identity_theft,B,0.83,success,200,,1,310,9139,2795,376,jev-1.13.0
24528862,identity_theft__C,identity_theft,C,0.03,success,200,,1,310,9139,2795,376,jev-1.13.0
24528862,insufficient_validation__A,insufficient_validation,A,0.24,success,200,,1,310,9139,2795,376,jev-1.13.0
24528862,insufficient_validation__B,insufficient_validation,B,0.99,success,200,,1,310,9139,2795,376,jev-1.13.0
24528862,insufficient_validation__C,insufficient_validation,C,0.73,success,200,,1,310,9139,2795,376,jev-1.13.0
24528862,wrong_amount__A,wrong_amount,A,0.06,success,200,,1,310,9139,2795,376,jev-1.13.0
24528862,wrong_amount__B,wrong_amount,B,0.96,success,200,,1,310,9139,2795,376,jev-1.13.0
24528862,wrong_amount__C,wrong_amount,C,0.06,success,200,,1,310,9139,2795,376,jev-1.13.0
24528862,credit_damage_threat__A,credit_damage_threat,A,0.07,success,200,,1,310,9139,2795,376,jev-1.13.0
24528862,credit_damage_threat__B,credit_damage_threat,B,0.79,success,200,,1,310,9139,2795,376,jev-1.13.0
24528862,credit_damage_threat__C,credit_damage_threat,C,0.04,success,200,,1,310,9139,2795,376,jev-1.13.0
24528862,arrest_threat__A,arrest_threat,A,0.03,success,200,,1,310,9139,2795,376,jev-1.13.0
24528862,arrest_threat__B,arrest_threat,B,0.03,success,200,,1,310,9139,2795,376,jev-1.13.0
24528862,arrest_threat__C,arrest_threat,C,0.02,success,200,,1,310,9139,2795,376,jev-1.13.0
24528862,sued_no_notice__A,sued_no_notice,A,0.02,success,200,,1,310,9139,2795,376,jev-1.13.0
24528862,sued_no_notice__B,sued_no_notice,B,0.1,success,200,,1,310,9139,2795,376,jev-1.13.0
24528862,sued_no_notice__C,sued_no_notice,C,0.02,success,200,,1,310,9139,2795,376,jev-1.13.0
24644353,identity_theft__A,identity_theft,A,0.02,success,200,,1,294,6201,2695,376,jev-1.13.0
24644353,identity_theft__B,identity_theft,B,0.22,success,200,,1,294,6201,2695,376,jev-1.13.0
24644353,identity_theft__C,identity_theft,C,0.02,success,200,,1,294,6201,2695,376,jev-1.13.0
24644353,insufficient_validation__A,insufficient_validation,A,0.03,success,200,,1,294,6201,2695,376,jev-1.13.0
24644353,insufficient_validation__B,insufficient_validation,B,0.06,success,200,,1,294,6201,2695,376,jev-1.13.0
24644353,insufficient_validation__C,insufficient_validation,C,0.2,success,200,,1,294,6201,2695,376,jev-1.13.0
24644353,wrong_amount__A,wrong_amount,A,0.51,success,200,,1,294,6201,2695,376,jev-1.13.0
24644353,wrong_amount__B,wrong_amount,B,0.94,success,200,,1,294,6201,2695,376,jev-1.13.0
24644353,wrong_amount__C,wrong_amount,C,0.91,success,200,,1,294,6201,2695,376,jev-1.13.0
24644353,credit_damage_threat__A,credit_damage_threat,A,0.04,success,200,,1,294,6201,2695,376,jev-1.13.0
24644353,credit_damage_threat__B,credit_damage_threat,B,0.04,success,200,,1,294,6201,2695,376,jev-1.13.0
24644353,credit_damage_threat__C,credit_damage_threat,C,0.03,success,200,,1,294,6201,2695,376,jev-1.13.0
24644353,arrest_threat__A,arrest_threat,A,0.03,success,200,,1,294,6201,2695,376,jev-1.13.0
24644353,arrest_threat__B,arrest_threat,B,0.02,success,200,,1,294,6201,2695,376,jev-1.13.0
24644353,arrest_threat__C,arrest_threat,C,0.02,success,200,,1,294,6201,2695,376,jev-1.13.0
24644353,sued_no_notice__A,sued_no_notice,A,0.03,success,200,,1,294,6201,2695,376,jev-1.13.0
24644353,sued_no_notice__B,sued_no_notice,B,0.06,success,200,,1,294,6201,2695,376,jev-1.13.0
24644353,sued_no_notice__C,sued_no_notice,C,0.02,success,200,,1,294,6201,2695,376,jev-1.13.0
24659738,identity_theft__A,identity_theft,A,0.03,success,200,,1,361,8538,2857,376,jev-1.13.0
24659738,identity_theft__B,identity_theft,B,0.78,success,200,,1,361,8538,2857,376,jev-1.13.0
24659738,identity_theft__C,identity_theft,C,0.03,success,200,,1,361,8538,2857,376,jev-1.13.0
24659738,insufficient_validation__A,insufficient_validation,A,0.07,success,200,,1,361,8538,2857,376,jev-1.13.0
24659738,insufficient_validation__B,insufficient_validation,B,0.99,success,200,,1,361,8538,2857,376,jev-1.13.0
24659738,insufficient_validation__C,insufficient_validation,C,0.12,success,200,,1,361,8538,2857,376,jev-1.13.0
24659738,wrong_amount__A,wrong_amount,A,0.04,success,200,,1,361,8538,2857,376,jev-1.13.0
24659738,wrong_amount__B,wrong_amount,B,0.92,success,200,,1,361,8538,2857,376,jev-1.13.0
24659738,wrong_amount__C,wrong_amount,C,0.03,success,200,,1,361,8538,2857,376,jev-1.13.0
24659738,credit_damage_threat__A,credit_damage_threat,A,0.06,success,200,,1,361,8538,2857,376,jev-1.13.0
24659738,credit_damage_threat__B,credit_damage_threat,B,0.66,success,200,,1,361,8538,2857,376,jev-1.13.0
24659738,credit_damage_threat__C,credit_damage_threat,C,0.04,success,200,,1,361,8538,2857,376,jev-1.13.0
24659738,arrest_threat__A,arrest_threat,A,0.03,success,200,,1,361,8538,2857,376,jev-1.13.0
24659738,arrest_threat__B,arrest_threat,B,0.02,success,200,,1,361,8538,2857,376,jev-1.13.0
24659738,arrest_threat__C,arrest_threat,C,0.01,success,200,,1,361,8538,2857,376,jev-1.13.0
24659738,sued_no_notice__A,sued_no_notice,A,0.02,success,200,,1,361,8538,2857,376,jev-1.13.0
24659738,sued_no_notice__B,sued_no_notice,B,0.06,success,200,,1,361,8538,2857,376,jev-1.13.0
24659738,sued_no_notice__C,sued_no_notice,C,0.01,success,200,,1,361,8538,2857,376,jev-1.13.0
24664654,identity_theft__A,identity_theft,A,0.03,success,200,,1,337,51,2633,376,jev-1.13.0
24664654,identity_theft__B,identity_theft,B,0.17,success,200,,1,337,51,2633,376,jev-1.13.0
24664654,identity_theft__C,identity_theft,C,0.04,success,200,,1,337,51,2633,376,jev-1.13.0
24664654,insufficient_validation__A,insufficient_validation,A,0.04,success,200,,1,337,51,2633,376,jev-1.13.0
24664654,insufficient_validation__B,insufficient_validation,B,0.08,success,200,,1,337,51,2633,376,jev-1.13.0
24664654,insufficient_validation__C,insufficient_validation,C,0.92,success,200,,1,337,51,2633,376,jev-1.13.0
24664654,wrong_amount__A,wrong_amount,A,0.04,success,200,,1,337,51,2633,376,jev-1.13.0
24664654,wrong_amount__B,wrong_amount,B,0.3,success,200,,1,337,51,2633,376,jev-1.13.0
24664654,wrong_amount__C,wrong_amount,C,0.07,success,200,,1,337,51,2633,376,jev-1.13.0
24664654,credit_damage_threat__A,credit_damage_threat,A,0.05,success,200,,1,337,51,2633,376,jev-1.13.0
24664654,credit_damage_threat__B,credit_damage_threat,B,0.07,success,200,,1,337,51,2633,376,jev-1.13.0
24664654,credit_damage_threat__C,credit_damage_threat,C,0.07,success,200,,1,337,51,2633,376,jev-1.13.0
24664654,arrest_threat__A,arrest_threat,A,0.04,success,200,,1,337,51,2633,376,jev-1.13.0
24664654,arrest_threat__B,arrest_threat,B,0.03,success,200,,1,337,51,2633,376,jev-1.13.0
24664654,arrest_threat__C,arrest_threat,C,0.02,success,200,,1,337,51,2633,376,jev-1.13.0
24664654,sued_no_notice__A,sued_no_notice,A,0.03,success,200,,1,337,51,2633,376,jev-1.13.0
24664654,sued_no_notice__B,sued_no_notice,B,0.08,success,200,,1,337,51,2633,376,jev-1.13.0
24664654,sued_no_notice__C,sued_no_notice,C,0.03,success,200,,1,337,51,2633,376,jev-1.13.0
24674081,identity_theft__A,identity_theft,A,0.02,success,200,,1,312,6813,2762,376,jev-1.13.0
24674081,identity_theft__B,identity_theft,B,0.14,success,200,,1,312,6813,2762,376,jev-1.13.0
24674081,identity_theft__C,identity_theft,C,0.02,success,200,,1,312,6813,2762,376,jev-1.13.0
24674081,insufficient_validation__A,insufficient_validation,A,0.03,success,200,,1,312,6813,2762,376,jev-1.13.0
24674081,insufficient_validation__B,insufficient_validation,B,0.35,success,200,,1,312,6813,2762,376,jev-1.13.0
24674081,insufficient_validation__C,insufficient_validation,C,0.15,success,200,,1,312,6813,2762,376,jev-1.13.0
24674081,wrong_amount__A,wrong_amount,A,0.08,success,200,,1,312,6813,2762,376,jev-1.13.0
24674081,wrong_amount__B,wrong_amount,B,0.93,success,200,,1,312,6813,2762,376,jev-1.13.0
24674081,wrong_amount__C,wrong_amount,C,0.72,success,200,,1,312,6813,2762,376,jev-1.13.0
24674081,credit_damage_threat__A,credit_damage_threat,A,0.07,success,200,,1,312,6813,2762,376,jev-1.13.0
24674081,credit_damage_threat__B,credit_damage_threat,B,0.32,success,200,,1,312,6813,2762,376,jev-1.13.0
24674081,credit_damage_threat__C,credit_damage_threat,C,0.07,success,200,,1,312,6813,2762,376,jev-1.13.0
24674081,arrest_threat__A,arrest_threat,A,0.03,success,200,,1,312,6813,2762,376,jev-1.13.0
24674081,arrest_threat__B,arrest_threat,B,0.02,success,200,,1,312,6813,2762,376,jev-1.13.0
24674081,arrest_threat__C,arrest_threat,C,0.01,success,200,,1,312,6813,2762,376,jev-1.13.0
24674081,sued_no_notice__A,sued_no_notice,A,0.02,success,200,,1,312,6813,2762,376,jev-1.13.0
24674081,sued_no_notice__B,sued_no_notice,B,0.04,success,200,,1,312,6813,2762,376,jev-1.13.0
24674081,sued_no_notice__C,sued_no_notice,C,0.02,success,200,,1,312,6813,2762,376,jev-1.13.0
24695585,identity_theft__A,identity_theft,A,0.03,success,200,,1,336,7645,3246,376,jev-1.13.0
24695585,identity_theft__B,identity_theft,B,0.91,success,200,,1,336,7645,3246,376,jev-1.13.0
24695585,identity_theft__C,identity_theft,C,0.04,success,200,,1,336,7645,3246,376,jev-1.13.0
24695585,insufficient_validation__A,insufficient_validation,A,0.05,success,200,,1,336,7645,3246,376,jev-1.13.0
24695585,insufficient_validation__B,insufficient_validation,B,0.23,success,200,,1,336,7645,3246,376,jev-1.13.0
24695585,insufficient_validation__C,insufficient_validation,C,0.81,success,200,,1,336,7645,3246,376,jev-1.13.0
24695585,wrong_amount__A,wrong_amount,A,0.05,success,200,,1,336,7645,3246,376,jev-1.13.0
24695585,wrong_amount__B,wrong_amount,B,0.79,success,200,,1,336,7645,3246,376,jev-1.13.0
24695585,wrong_amount__C,wrong_amount,C,0.15,success,200,,1,336,7645,3246,376,jev-1.13.0
24695585,credit_damage_threat__A,credit_damage_threat,A,0.09,success,200,,1,336,7645,3246,376,jev-1.13.0
24695585,credit_damage_threat__B,credit_damage_threat,B,0.96,success,200,,1,336,7645,3246,376,jev-1.13.0
24695585,credit_damage_threat__C,credit_damage_threat,C,0.05,success,200,,1,336,7645,3246,376,jev-1.13.0
24695585,arrest_threat__A,arrest_threat,A,0.03,success,200,,1,336,7645,3246,376,jev-1.13.0
24695585,arrest_threat__B,arrest_threat,B,0.03,success,200,,1,336,7645,3246,376,jev-1.13.0
24695585,arrest_threat__C,arrest_threat,C,0.02,success,200,,1,336,7645,3246,376,jev-1.13.0
24695585,sued_no_notice__A,sued_no_notice,A,0.03,success,200,,1,336,7645,3246,376,jev-1.13.0
24695585,sued_no_notice__B,sued_no_notice,B,0.18,success,200,,1,336,7645,3246,376,jev-1.13.0
24695585,sued_no_notice__C,sued_no_notice,C,0.02,success,200,,1,336,7645,3246,376,jev-1.13.0
24710617,identity_theft__A,identity_theft,A,0.04,success,200,,1,297,2668,2705,376,jev-1.13.0
24710617,identity_theft__B,identity_theft,B,0.97,success,200,,1,297,2668,2705,376,jev-1.13.0
24710617,identity_theft__C,identity_theft,C,0.16,success,200,,1,297,2668,2705,376,jev-1.13.0
24710617,insufficient_validation__A,insufficient_validation,A,0.97,success,200,,1,297,2668,2705,376,jev-1.13.0
24710617,insufficient_validation__B,insufficient_validation,B,0.98,success,200,,1,297,2668,2705,376,jev-1.13.0
24710617,insufficient_validation__C,insufficient_validation,C,0.97,success,200,,1,297,2668,2705,376,jev-1.13.0
24710617,wrong_amount__A,wrong_amount,A,0.04,success,200,,1,297,2668,2705,376,jev-1.13.0
24710617,wrong_amount__B,wrong_amount,B,0.43,success,200,,1,297,2668,2705,376,jev-1.13.0
24710617,wrong_amount__C,wrong_amount,C,0.04,success,200,,1,297,2668,2705,376,jev-1.13.0
24710617,credit_damage_threat__A,credit_damage_threat,A,0.07,success,200,,1,297,2668,2705,376,jev-1.13.0
24710617,credit_damage_threat__B,credit_damage_threat,B,0.62,success,200,,1,297,2668,2705,376,jev-1.13.0
24710617,credit_damage_threat__C,credit_damage_threat,C,0.06,success,200,,1,297,2668,2705,376,jev-1.13.0
24710617,arrest_threat__A,arrest_threat,A,0.03,success,200,,1,297,2668,2705,376,jev-1.13.0
24710617,arrest_threat__B,arrest_threat,B,0.02,success,200,,1,297,2668,2705,376,jev-1.13.0
24710617,arrest_threat__C,arrest_threat,C,0.02,success,200,,1,297,2668,2705,376,jev-1.13.0
24710617,sued_no_notice__A,sued_no_notice,A,0.03,success,200,,1,297,2668,2705,376,jev-1.13.0
24710617,sued_no_notice__B,sued_no_notice,B,0.11,success,200,,1,297,2668,2705,376,jev-1.13.0
24710617,sued_no_notice__C,sued_no_notice,C,0.02,success,200,,1,297,2668,2705,376,jev-1.13.0
24710681,identity_theft__A,identity_theft,A,0.02,success,200,,1,291,3068,2718,376,jev-1.13.0
24710681,identity_theft__B,identity_theft,B,0.24,success,200,,1,291,3068,2718,376,jev-1.13.0
24710681,identity_theft__C,identity_theft,C,0.02,success,200,,1,291,3068,2718,376,jev-1.13.0
24710681,insufficient_validation__A,insufficient_validation,A,0.03,success,200,,1,291,3068,2718,376,jev-1.13.0
24710681,insufficient_validation__B,insufficient_validation,B,0.08,success,200,,1,291,3068,2718,376,jev-1.13.0
24710681,insufficient_validation__C,insufficient_validation,C,0.07,success,200,,1,291,3068,2718,376,jev-1.13.0
24710681,wrong_amount__A,wrong_amount,A,0.63,success,200,,1,291,3068,2718,376,jev-1.13.0
24710681,wrong_amount__B,wrong_amount,B,0.99,success,200,,1,291,3068,2718,376,jev-1.13.0
24710681,wrong_amount__C,wrong_amount,C,0.88,success,200,,1,291,3068,2718,376,jev-1.13.0
24710681,credit_damage_threat__A,credit_damage_threat,A,0.04,success,200,,1,291,3068,2718,376,jev-1.13.0
24710681,credit_damage_threat__B,credit_damage_threat,B,0.05,success,200,,1,291,3068,2718,376,jev-1.13.0
24710681,credit_damage_threat__C,credit_damage_threat,C,0.04,success,200,,1,291,3068,2718,376,jev-1.13.0
24710681,arrest_threat__A,arrest_threat,A,0.04,success,200,,1,291,3068,2718,376,jev-1.13.0
24710681,arrest_threat__B,arrest_threat,B,0.03,success,200,,1,291,3068,2718,376,jev-1.13.0
24710681,arrest_threat__C,arrest_threat,C,0.02,success,200,,1,291,3068,2718,376,jev-1.13.0
24710681,sued_no_notice__A,sued_no_notice,A,0.03,success,200,,1,291,3068,2718,376,jev-1.13.0
24710681,sued_no_notice__B,sued_no_notice,B,0.1,success,200,,1,291,3068,2718,376,jev-1.13.0
24710681,sued_no_notice__C,sued_no_notice,C,0.02,success,200,,1,291,3068,2718,376,jev-1.13.0
24729674,identity_theft__A,identity_theft,A,0.03,success,200,,1,296,0912,2960,376,jev-1.13.0
24729674,identity_theft__B,identity_theft,B,0.35,success,200,,1,296,0912,2960,376,jev-1.13.0
24729674,identity_theft__C,identity_theft,C,0.04,success,200,,1,296,0912,2960,376,jev-1.13.0
24729674,insufficient_validation__A,insufficient_validation,A,0.04,success,200,,1,296,0912,2960,376,jev-1.13.0
24729674,insufficient_validation__B,insufficient_validation,B,0.8,success,200,,1,296,0912,2960,376,jev-1.13.0
24729674,insufficient_validation__C,insufficient_validation,C,0.35,success,200,,1,296,0912,2960,376,jev-1.13.0
24729674,wrong_amount__A,wrong_amount,A,0.49,success,200,,1,296,0912,2960,376,jev-1.13.0
24729674,wrong_amount__B,wrong_amount,B,0.98,success,200,,1,296,0912,2960,376,jev-1.13.0
24729674,wrong_amount__C,wrong_amount,C,0.93,success,200,,1,296,0912,2960,376,jev-1.13.0
24729674,credit_damage_threat__A,credit_damage_threat,A,0.24,success,200,,1,296,0912,2960,376,jev-1.13.0
24729674,credit_damage_threat__B,credit_damage_threat,B,0.98,success,200,,1,296,0912,2960,376,jev-1.13.0
24729674,credit_damage_threat__C,credit_damage_threat,C,0.31,success,200,,1,296,0912,2960,376,jev-1.13.0
24729674,arrest_threat__A,arrest_threat,A,0.04,success,200,,1,296,0912,2960,376,jev-1.13.0
24729674,arrest_threat__B,arrest_threat,B,0.03,success,200,,1,296,0912,2960,376,jev-1.13.0
24729674,arrest_threat__C,arrest_threat,C,0.02,success,200,,1,296,0912,2960,376,jev-1.13.0
24729674,sued_no_notice__A,sued_no_notice,A,0.03,success,200,,1,296,0912,2960,376,jev-1.13.0
24729674,sued_no_notice__B,sued_no_notice,B,0.07,success,200,,1,296,0912,2960,376,jev-1.13.0
24729674,sued_no_notice__C,sued_no_notice,C,0.02,success,200,,1,296,0912,2960,376,jev-1.13.0
