complaint_id,gate_id,concept,variant,noul,status,http_status,error,attempts,latency_ms,input_tokens,output_tokens,model
23748025,identity_theft__A,identity_theft,A,,api_error,422,HTTP 422,1,748,4263,0,0,
23748025,identity_theft__B,identity_theft,B,,api_error,422,HTTP 422,1,748,4263,0,0,
23748025,identity_theft__C,identity_theft,C,,api_error,422,HTTP 422,1,748,4263,0,0,
23748025,insufficient_validation__A,insufficient_validation,A,,api_error,422,HTTP 422,1,748,4263,0,0,
23748025,insufficient_validation__B,insufficient_validation,B,,api_error,422,HTTP 422,1,748,4263,0,0,
23748025,insufficient_validation__C,insufficient_validation,C,,api_error,422,HTTP 422,1,748,4263,0,0,
23748025,wrong_amount__A,wrong_amount,A,,api_error,422,HTTP 422,1,748,4263,0,0,
23748025,wrong_amount__B,wrong_amount,B,,api_error,422,HTTP 422,1,748,4263,0,0,
23748025,wrong_amount__C,wrong_amount,C,,api_error,422,HTTP 422,1,748,4263,0,0,
23748025,credit_damage_threat__A,credit_damage_threat,A,,api_error,422,HTTP 422,1,748,4263,0,0,
23748025,credit_damage_threat__B,credit_damage_threat,B,,api_error,422,HTTP 422,1,748,4263,0,0,
23748025,credit_damage_threat__C,credit_damage_threat,C,,api_error,422,HTTP 422,1,748,4263,0,0,
23748025,arrest_threat__A,arrest_threat,A,,api_error,422,HTTP 422,1,748,4263,0,0,
23748025,arrest_threat__B,arrest_threat,B,,api_error,422,HTTP 422,1,748,4263,0,0,
23748025,arrest_threat__C,arrest_threat,C,,api_error,422,HTTP 422,1,748,4263,0,0,
23748025,sued_no_notice__A,sued_no_notice,A,,api_error,422,HTTP 422,1,748,4263,0,0,
23748025,sued_no_notice__B,sued_no_notice,B,,api_error,422,HTTP 422,1,748,4263,0,0,
23748025,sued_no_notice__C,sued_no_notice,C,,api_error,422,HTTP 422,1,748,4263,0,0,
23753432,identity_theft__A,identity_theft,A,,api_error,422,HTTP 422,1,234,4063,0,0,
23753432,identity_theft__B,identity_theft,B,,api_error,422,HTTP 422,1,234,4063,0,0,
23753432,identity_theft__C,identity_theft,C,,api_error,422,HTTP 422,1,234,4063,0,0,
23753432,insufficient_validation__A,insufficient_validation,A,,api_error,422,HTTP 422,1,234,4063,0,0,
23753432,insufficient_validation__B,insufficient_validation,B,,api_error,422,HTTP 422,1,234,4063,0,0,
23753432,insufficient_validation__C,insufficient_validation,C,,api_error,422,HTTP 422,1,234,4063,0,0,
23753432,wrong_amount__A,wrong_amount,A,,api_error,422,HTTP 422,1,234,4063,0,0,
23753432,wrong_amount__B,wrong_amount,B,,api_error,422,HTTP 422,1,234,4063,0,0,
23753432,wrong_amount__C,wrong_amount,C,,api_error,422,HTTP 422,1,234,4063,0,0,
23753432,credit_damage_threat__A,credit_damage_threat,A,,api_error,422,HTTP 422,1,234,4063,0,0,
23753432,credit_damage_threat__B,credit_damage_threat,B,,api_error,422,HTTP 422,1,234,4063,0,0,
23753432,credit_damage_threat__C,credit_damage_threat,C,,api_error,422,HTTP 422,1,234,4063,0,0,
23753432,arrest_threat__A,arrest_threat,A,,api_error,422,HTTP 422,1,234,4063,0,0,
23753432,arrest_threat__B,arrest_threat,B,,api_error,422,HTTP 422,1,234,4063,0,0,
23753432,arrest_threat__C,arrest_threat,C,,api_error,422,HTTP 422,1,234,4063,0,0,
23753432,sued_no_notice__A,sued_no_notice,A,,api_error,422,HTTP 422,1,234,4063,0,0,
23753432,sued_no_notice__B,sued_no_notice,B,,api_error,422,HTTP 422,1,234,4063,0,0,
23753432,sued_no_notice__C,sued_no_notice,C,,api_error,422,HTTP 422,1,234,4063,0,0,
23760406,identity_theft__A,identity_theft,A,,api_error,422,HTTP 422,1,207,3698,0,0,
23760406,identity_theft__B,identity_theft,B,,api_error,422,HTTP 422,1,207,3698,0,0,
23760406,identity_theft__C,identity_theft,C,,api_error,422,HTTP 422,1,207,3698,0,0,
23760406,insufficient_validation__A,insufficient_validation,A,,api_error,422,HTTP 422,1,207,3698,0,0,
23760406,insufficient_validation__B,insufficient_validation,B,,api_error,422,HTTP 422,1,207,3698,0,0,
23760406,insufficient_validation__C,insufficient_validation,C,,api_error,422,HTTP 422,1,207,3698,0,0,
23760406,wrong_amount__A,wrong_amount,A,,api_error,422,HTTP 422,1,207,3698,0,0,
23760406,wrong_amount__B,wrong_amount,B,,api_error,422,HTTP 422,1,207,3698,0,0,
23760406,wrong_amount__C,wrong_amount,C,,api_error,422,HTTP 422,1,207,3698,0,0,
23760406,credit_damage_threat__A,credit_damage_threat,A,,api_error,422,HTTP 422,1,207,3698,0,0,
23760406,credit_damage_threat__B,credit_damage_threat,B,,api_error,422,HTTP 422,1,207,3698,0,0,
23760406,credit_damage_threat__C,credit_damage_threat,C,,api_error,422,HTTP 422,1,207,3698,0,0,
23760406,arrest_threat__A,arrest_threat,A,,api_error,422,HTTP 422,1,207,3698,0,0,
23760406,arrest_threat__B,arrest_threat,B,,api_error,422,HTTP 422,1,207,3698,0,0,
23760406,arrest_threat__C,arrest_threat,C,,api_error,422,HTTP 422,1,207,3698,0,0,
23760406,sued_no_notice__A,sued_no_notice,A,,api_error,422,HTTP 422,1,207,3698,0,0,
23760406,sued_no_notice__B,sued_no_notice,B,,api_error,422,HTTP 422,1,207,3698,0,0,
23760406,sued_no_notice__C,sued_no_notice,C,,api_error,422,HTTP 422,1,207,3698,0,0,
23763510,identity_theft__A,identity_theft,A,,api_error,422,HTTP 422,1,231,2431,0,0,
23763510,identity_theft__B,identity_theft,B,,api_error,422,HTTP 422,1,231,2431,0,0,
23763510,identity_theft__C,identity_theft,C,,api_error,422,HTTP 422,1,231,2431,0,0,
23763510,insufficient_validation__A,insufficient_validation,A,,api_error,422,HTTP 422,1,231,2431,0,0,
23763510,insufficient_validation__B,insufficient_validation,B,,api_error,422,HTTP 422,1,231,2431,0,0,
23763510,insufficient_validation__C,insufficient_validation,C,,api_error,422,HTTP 422,1,231,2431,0,0,
23763510,wrong_amount__A,wrong_amount,A,,api_error,422,HTTP 422,1,231,2431,0,0,
23763510,wrong_amount__B,wrong_amount,B,,api_error,422,HTTP 422,1,231,2431,0,0,
23763510,wrong_amount__C,wrong_amount,C,,api_error,422,HTTP 422,1,231,2431,0,0,
23763510,credit_damage_threat__A,credit_damage_threat,A,,api_error,422,HTTP 422,1,231,2431,0,0,
23763510,credit_damage_threat__B,credit_damage_threat,B,,api_error,422,HTTP 422,1,231,2431,0,0,
23763510,credit_damage_threat__C,credit_damage_threat,C,,api_error,422,HTTP 422,1,231,2431,0,0,
23763510,arrest_threat__A,arrest_threat,A,,api_error,422,HTTP 422,1,231,2431,0,0,
23763510,arrest_threat__B,arrest_threat,B,,api_error,422,HTTP 422,1,231,2431,0,0,
23763510,arrest_threat__C,arrest_threat,C,,api_error,422,HTTP 422,1,231,2431,0,0,
23763510,sued_no_notice__A,sued_no_notice,A,,api_error,422,HTTP 422,1,231,2431,0,0,
23763510,sued_no_notice__B,sued_no_notice,B,,api_error,422,HTTP 422,1,231,2431,0,0,
23763510,sued_no_notice__C,sued_no_notice,C,,api_error,422,HTTP 422,1,231,2431,0,0,
23766823,identity_theft__A,identity_theft,A,,api_error,422,HTTP 422,1,223,9638,0,0,
23766823,identity_theft__B,identity_theft,B,,api_error,422,HTTP 422,1,223,9638,0,0,
23766823,identity_theft__C,identity_theft,C,,api_error,422,HTTP 422,1,223,9638,0,0,
23766823,insufficient_validation__A,insufficient_validation,A,,api_error,422,HTTP 422,1,223,9638,0,0,
23766823,insufficient_validation__B,insufficient_validation,B,,api_error,422,HTTP 422,1,223,9638,0,0,
23766823,insufficient_validation__C,insufficient_validation,C,,api_error,422,HTTP 422,1,223,9638,0,0,
23766823,wrong_amount__A,wrong_amount,A,,api_error,422,HTTP 422,1,223,9638,0,0,
23766823,wrong_amount__B,wrong_amount,B,,api_error,422,HTTP 422,1,223,9638,0,0,
23766823,wrong_amount__C,wrong_amount,C,,api_error,422,HTTP 422,1,223,9638,0,0,
23766823,credit_damage_threat__A,credit_damage_threat,A,,api_error,422,HTTP 422,1,223,9638,0,0,
23766823,credit_damage_threat__B,credit_damage_threat,B,,api_error,422,HTTP 422,1,223,9638,0,0,
23766823,credit_damage_threat__C,credit_damage_threat,C,,api_error,422,HTTP 422,1,223,9638,0,0,
23766823,arrest_threat__A,arrest_threat,A,,api_error,422,HTTP 422,1,223,9638,0,0,
23766823,arrest_threat__B,arrest_threat,B,,api_error,422,HTTP 422,1,223,9638,0,0,
23766823,arrest_threat__C,arrest_threat,C,,api_error,422,HTTP 422,1,223,9638,0,0,
23766823,sued_no_notice__A,sued_no_notice,A,,api_error,422,HTTP 422,1,223,9638,0,0,
23766823,sued_no_notice__B,sued_no_notice,B,,api_error,422,HTTP 422,1,223,9638,0,0,
23766823,sued_no_notice__C,sued_no_notice,C,,api_error,422,HTTP 422,1,223,9638,0,0,
23768219,identity_theft__A,identity_theft,A,,api_error,422,HTTP 422,1,209,4091,0,0,
23768219,identity_theft__B,identity_theft,B,,api_error,422,HTTP 422,1,209,4091,0,0,
23768219,identity_theft__C,identity_theft,C,,api_error,422,HTTP 422,1,209,4091,0,0,
23768219,insufficient_validation__A,insufficient_validation,A,,api_error,422,HTTP 422,1,209,4091,0,0,
23768219,insufficient_validation__B,insufficient_validation,B,,api_error,422,HTTP 422,1,209,4091,0,0,
23768219,insufficient_validation__C,insufficient_validation,C,,api_error,422,HTTP 422,1,209,4091,0,0,
23768219,wrong_amount__A,wrong_amount,A,,api_error,422,HTTP 422,1,209,4091,0,0,
23768219,wrong_amount__B,wrong_amount,B,,api_error,422,HTTP 422,1,209,4091,0,0,
23768219,wrong_amount__C,wrong_amount,C,,api_error,422,HTTP 422,1,209,4091,0,0,
23768219,credit_damage_threat__A,credit_damage_threat,A,,api_error,422,HTTP 422,1,209,4091,0,0,
23768219,credit_damage_threat__B,credit_damage_threat,B,,api_error,422,HTTP 422,1,209,4091,0,0,
23768219,credit_damage_threat__C,credit_damage_threat,C,,api_error,422,HTTP 422,1,209,4091,0,0,
23768219,arrest_threat__A,arrest_threat,A,,api_error,422,HTTP 422,1,209,4091,0,0,
23768219,arrest_threat__B,arrest_threat,B,,api_error,422,HTTP 422,1,209,4091,0,0,
23768219,arrest_threat__C,arrest_threat,C,,api_error,422,HTTP 422,1,209,4091,0,0,
23768219,sued_no_notice__A,sued_no_notice,A,,api_error,422,HTTP 422,1,209,4091,0,0,
23768219,sued_no_notice__B,sued_no_notice,B,,api_error,422,HTTP 422,1,209,4091,0,0,
23768219,sued_no_notice__C,sued_no_notice,C,,api_error,422,HTTP 422,1,209,4091,0,0,
23770695,identity_theft__A,identity_theft,A,,api_error,422,HTTP 422,1,204,0458,0,0,
23770695,identity_theft__B,identity_theft,B,,api_error,422,HTTP 422,1,204,0458,0,0,
23770695,identity_theft__C,identity_theft,C,,api_error,422,HTTP 422,1,204,0458,0,0,
23770695,insufficient_validation__A,insufficient_validation,A,,api_error,422,HTTP 422,1,204,0458,0,0,
23770695,insufficient_validation__B,insufficient_validation,B,,api_error,422,HTTP 422,1,204,0458,0,0,
23770695,insufficient_validation__C,insufficient_validation,C,,api_error,422,HTTP 422,1,204,0458,0,0,
23770695,wrong_amount__A,wrong_amount,A,,api_error,422,HTTP 422,1,204,0458,0,0,
23770695,wrong_amount__B,wrong_amount,B,,api_error,422,HTTP 422,1,204,0458,0,0,
23770695,wrong_amount__C,wrong_amount,C,,api_error,422,HTTP 422,1,204,0458,0,0,
23770695,credit_damage_threat__A,credit_damage_threat,A,,api_error,422,HTTP 422,1,204,0458,0,0,
23770695,credit_damage_threat__B,credit_damage_threat,B,,api_error,422,HTTP 422,1,204,0458,0,0,
23770695,credit_damage_threat__C,credit_damage_threat,C,,api_error,422,HTTP 422,1,204,0458,0,0,
23770695,arrest_threat__A,arrest_threat,A,,api_error,422,HTTP 422,1,204,0458,0,0,
23770695,arrest_threat__B,arrest_threat,B,,api_error,422,HTTP 422,1,204,0458,0,0,
23770695,arrest_threat__C,arrest_threat,C,,api_error,422,HTTP 422,1,204,0458,0,0,
23770695,sued_no_notice__A,sued_no_notice,A,,api_error,422,HTTP 422,1,204,0458,0,0,
23770695,sued_no_notice__B,sued_no_notice,B,,api_error,422,HTTP 422,1,204,0458,0,0,
23770695,sued_no_notice__C,sued_no_notice,C,,api_error,422,HTTP 422,1,204,0458,0,0,
23775448,identity_theft__A,identity_theft,A,,api_error,422,HTTP 422,1,208,8506,0,0,
23775448,identity_theft__B,identity_theft,B,,api_error,422,HTTP 422,1,208,8506,0,0,
23775448,identity_theft__C,identity_theft,C,,api_error,422,HTTP 422,1,208,8506,0,0,
23775448,insufficient_validation__A,insufficient_validation,A,,api_error,422,HTTP 422,1,208,8506,0,0,
23775448,insufficient_validation__B,insufficient_validation,B,,api_error,422,HTTP 422,1,208,8506,0,0,
23775448,insufficient_validation__C,insufficient_validation,C,,api_error,422,HTTP 422,1,208,8506,0,0,
23775448,wrong_amount__A,wrong_amount,A,,api_error,422,HTTP 422,1,208,8506,0,0,
23775448,wrong_amount__B,wrong_amount,B,,api_error,422,HTTP 422,1,208,8506,0,0,
23775448,wrong_amount__C,wrong_amount,C,,api_error,422,HTTP 422,1,208,8506,0,0,
23775448,credit_damage_threat__A,credit_damage_threat,A,,api_error,422,HTTP 422,1,208,8506,0,0,
23775448,credit_damage_threat__B,credit_damage_threat,B,,api_error,422,HTTP 422,1,208,8506,0,0,
23775448,credit_damage_threat__C,credit_damage_threat,C,,api_error,422,HTTP 422,1,208,8506,0,0,
23775448,arrest_threat__A,arrest_threat,A,,api_error,422,HTTP 422,1,208,8506,0,0,
23775448,arrest_threat__B,arrest_threat,B,,api_error,422,HTTP 422,1,208,8506,0,0,
23775448,arrest_threat__C,arrest_threat,C,,api_error,422,HTTP 422,1,208,8506,0,0,
23775448,sued_no_notice__A,sued_no_notice,A,,api_error,422,HTTP 422,1,208,8506,0,0,
23775448,sued_no_notice__B,sued_no_notice,B,,api_error,422,HTTP 422,1,208,8506,0,0,
23775448,sued_no_notice__C,sued_no_notice,C,,api_error,422,HTTP 422,1,208,8506,0,0,
23775479,identity_theft__A,identity_theft,A,,api_error,422,HTTP 422,1,227,4184,0,0,
23775479,identity_theft__B,identity_theft,B,,api_error,422,HTTP 422,1,227,4184,0,0,
23775479,identity_theft__C,identity_theft,C,,api_error,422,HTTP 422,1,227,4184,0,0,
23775479,insufficient_validation__A,insufficient_validation,A,,api_error,422,HTTP 422,1,227,4184,0,0,
23775479,insufficient_validation__B,insufficient_validation,B,,api_error,422,HTTP 422,1,227,4184,0,0,
23775479,insufficient_validation__C,insufficient_validation,C,,api_error,422,HTTP 422,1,227,4184,0,0,
23775479,wrong_amount__A,wrong_amount,A,,api_error,422,HTTP 422,1,227,4184,0,0,
23775479,wrong_amount__B,wrong_amount,B,,api_error,422,HTTP 422,1,227,4184,0,0,
23775479,wrong_amount__C,wrong_amount,C,,api_error,422,HTTP 422,1,227,4184,0,0,
23775479,credit_damage_threat__A,credit_damage_threat,A,,api_error,422,HTTP 422,1,227,4184,0,0,
23775479,credit_damage_threat__B,credit_damage_threat,B,,api_error,422,HTTP 422,1,227,4184,0,0,
23775479,credit_damage_threat__C,credit_damage_threat,C,,api_error,422,HTTP 422,1,227,4184,0,0,
23775479,arrest_threat__A,arrest_threat,A,,api_error,422,HTTP 422,1,227,4184,0,0,
23775479,arrest_threat__B,arrest_threat,B,,api_error,422,HTTP 422,1,227,4184,0,0,
23775479,arrest_threat__C,arrest_threat,C,,api_error,422,HTTP 422,1,227,4184,0,0,
23775479,sued_no_notice__A,sued_no_notice,A,,api_error,422,HTTP 422,1,227,4184,0,0,
23775479,sued_no_notice__B,sued_no_notice,B,,api_error,422,HTTP 422,1,227,4184,0,0,
23775479,sued_no_notice__C,sued_no_notice,C,,api_error,422,HTTP 422,1,227,4184,0,0,
23780919,identity_theft__A,identity_theft,A,,api_error,422,HTTP 422,1,225,029,0,0,
23780919,identity_theft__B,identity_theft,B,,api_error,422,HTTP 422,1,225,029,0,0,
23780919,identity_theft__C,identity_theft,C,,api_error,422,HTTP 422,1,225,029,0,0,
23780919,insufficient_validation__A,insufficient_validation,A,,api_error,422,HTTP 422,1,225,029,0,0,
23780919,insufficient_validation__B,insufficient_validation,B,,api_error,422,HTTP 422,1,225,029,0,0,
23780919,insufficient_validation__C,insufficient_validation,C,,api_error,422,HTTP 422,1,225,029,0,0,
23780919,wrong_amount__A,wrong_amount,A,,api_error,422,HTTP 422,1,225,029,0,0,
23780919,wrong_amount__B,wrong_amount,B,,api_error,422,HTTP 422,1,225,029,0,0,
23780919,wrong_amount__C,wrong_amount,C,,api_error,422,HTTP 422,1,225,029,0,0,
23780919,credit_damage_threat__A,credit_damage_threat,A,,api_error,422,HTTP 422,1,225,029,0,0,
23780919,credit_damage_threat__B,credit_damage_threat,B,,api_error,422,HTTP 422,1,225,029,0,0,
23780919,credit_damage_threat__C,credit_damage_threat,C,,api_error,422,HTTP 422,1,225,029,0,0,
23780919,arrest_threat__A,arrest_threat,A,,api_error,422,HTTP 422,1,225,029,0,0,
23780919,arrest_threat__B,arrest_threat,B,,api_error,422,HTTP 422,1,225,029,0,0,
23780919,arrest_threat__C,arrest_threat,C,,api_error,422,HTTP 422,1,225,029,0,0,
23780919,sued_no_notice__A,sued_no_notice,A,,api_error,422,HTTP 422,1,225,029,0,0,
23780919,sued_no_notice__B,sued_no_notice,B,,api_error,422,HTTP 422,1,225,029,0,0,
23780919,sued_no_notice__C,sued_no_notice,C,,api_error,422,HTTP 422,1,225,029,0,0,
23787349,identity_theft__A,identity_theft,A,,api_error,422,HTTP 422,1,205,902,0,0,
23787349,identity_theft__B,identity_theft,B,,api_error,422,HTTP 422,1,205,902,0,0,
23787349,identity_theft__C,identity_theft,C,,api_error,422,HTTP 422,1,205,902,0,0,
23787349,insufficient_validation__A,insufficient_validation,A,,api_error,422,HTTP 422,1,205,902,0,0,
23787349,insufficient_validation__B,insufficient_validation,B,,api_error,422,HTTP 422,1,205,902,0,0,
23787349,insufficient_validation__C,insufficient_validation,C,,api_error,422,HTTP 422,1,205,902,0,0,
23787349,wrong_amount__A,wrong_amount,A,,api_error,422,HTTP 422,1,205,902,0,0,
23787349,wrong_amount__B,wrong_amount,B,,api_error,422,HTTP 422,1,205,902,0,0,
23787349,wrong_amount__C,wrong_amount,C,,api_error,422,HTTP 422,1,205,902,0,0,
23787349,credit_damage_threat__A,credit_damage_threat,A,,api_error,422,HTTP 422,1,205,902,0,0,
23787349,credit_damage_threat__B,credit_damage_threat,B,,api_error,422,HTTP 422,1,205,902,0,0,
23787349,credit_damage_threat__C,credit_damage_threat,C,,api_error,422,HTTP 422,1,205,902,0,0,
23787349,arrest_threat__A,arrest_threat,A,,api_error,422,HTTP 422,1,205,902,0,0,
23787349,arrest_threat__B,arrest_threat,B,,api_error,422,HTTP 422,1,205,902,0,0,
23787349,arrest_threat__C,arrest_threat,C,,api_error,422,HTTP 422,1,205,902,0,0,
23787349,sued_no_notice__A,sued_no_notice,A,,api_error,422,HTTP 422,1,205,902,0,0,
23787349,sued_no_notice__B,sued_no_notice,B,,api_error,422,HTTP 422,1,205,902,0,0,
23787349,sued_no_notice__C,sued_no_notice,C,,api_error,422,HTTP 422,1,205,902,0,0,
23792431,identity_theft__A,identity_theft,A,,api_error,422,HTTP 422,1,200,5614,0,0,
23792431,identity_theft__B,identity_theft,B,,api_error,422,HTTP 422,1,200,5614,0,0,
23792431,identity_theft__C,identity_theft,C,,api_error,422,HTTP 422,1,200,5614,0,0,
23792431,insufficient_validation__A,insufficient_validation,A,,api_error,422,HTTP 422,1,200,5614,0,0,
23792431,insufficient_validation__B,insufficient_validation,B,,api_error,422,HTTP 422,1,200,5614,0,0,
23792431,insufficient_validation__C,insufficient_validation,C,,api_error,422,HTTP 422,1,200,5614,0,0,
23792431,wrong_amount__A,wrong_amount,A,,api_error,422,HTTP 422,1,200,5614,0,0,
23792431,wrong_amount__B,wrong_amount,B,,api_error,422,HTTP 422,1,200,5614,0,0,
23792431,wrong_amount__C,wrong_amount,C,,api_error,422,HTTP 422,1,200,5614,0,0,
23792431,credit_damage_threat__A,credit_damage_threat,A,,api_error,422,HTTP 422,1,200,5614,0,0,
23792431,credit_damage_threat__B,credit_damage_threat,B,,api_error,422,HTTP 422,1,200,5614,0,0,
23792431,credit_damage_threat__C,credit_damage_threat,C,,api_error,422,HTTP 422,1,200,5614,0,0,
23792431,arrest_threat__A,arrest_threat,A,,api_error,422,HTTP 422,1,200,5614,0,0,
23792431,arrest_threat__B,arrest_threat,B,,api_error,422,HTTP 422,1,200,5614,0,0,
23792431,arrest_threat__C,arrest_threat,C,,api_error,422,HTTP 422,1,200,5614,0,0,
23792431,sued_no_notice__A,sued_no_notice,A,,api_error,422,HTTP 422,1,200,5614,0,0,
23792431,sued_no_notice__B,sued_no_notice,B,,api_error,422,HTTP 422,1,200,5614,0,0,
23792431,sued_no_notice__C,sued_no_notice,C,,api_error,422,HTTP 422,1,200,5614,0,0,
23801363,identity_theft__A,identity_theft,A,,api_error,422,HTTP 422,1,280,141,0,0,
23801363,identity_theft__B,identity_theft,B,,api_error,422,HTTP 422,1,280,141,0,0,
23801363,identity_theft__C,identity_theft,C,,api_error,422,HTTP 422,1,280,141,0,0,
23801363,insufficient_validation__A,insufficient_validation,A,,api_error,422,HTTP 422,1,280,141,0,0,
23801363,insufficient_validation__B,insufficient_validation,B,,api_error,422,HTTP 422,1,280,141,0,0,
23801363,insufficient_validation__C,insufficient_validation,C,,api_error,422,HTTP 422,1,280,141,0,0,
23801363,wrong_amount__A,wrong_amount,A,,api_error,422,HTTP 422,1,280,141,0,0,
23801363,wrong_amount__B,wrong_amount,B,,api_error,422,HTTP 422,1,280,141,0,0,
23801363,wrong_amount__C,wrong_amount,C,,api_error,422,HTTP 422,1,280,141,0,0,
23801363,credit_damage_threat__A,credit_damage_threat,A,,api_error,422,HTTP 422,1,280,141,0,0,
23801363,credit_damage_threat__B,credit_damage_threat,B,,api_error,422,HTTP 422,1,280,141,0,0,
23801363,credit_damage_threat__C,credit_damage_threat,C,,api_error,422,HTTP 422,1,280,141,0,0,
23801363,arrest_threat__A,arrest_threat,A,,api_error,422,HTTP 422,1,280,141,0,0,
23801363,arrest_threat__B,arrest_threat,B,,api_error,422,HTTP 422,1,280,141,0,0,
23801363,arrest_threat__C,arrest_threat,C,,api_error,422,HTTP 422,1,280,141,0,0,
23801363,sued_no_notice__A,sued_no_notice,A,,api_error,422,HTTP 422,1,280,141,0,0,
23801363,sued_no_notice__B,sued_no_notice,B,,api_error,422,HTTP 422,1,280,141,0,0,
23801363,sued_no_notice__C,sued_no_notice,C,,api_error,422,HTTP 422,1,280,141,0,0,
23804701,identity_theft__A,identity_theft,A,,api_error,422,HTTP 422,1,263,3352,0,0,
23804701,identity_theft__B,identity_theft,B,,api_error,422,HTTP 422,1,263,3352,0,0,
23804701,identity_theft__C,identity_theft,C,,api_error,422,HTTP 422,1,263,3352,0,0,
23804701,insufficient_validation__A,insufficient_validation,A,,api_error,422,HTTP 422,1,263,3352,0,0,
23804701,insufficient_validation__B,insufficient_validation,B,,api_error,422,HTTP 422,1,263,3352,0,0,
23804701,insufficient_validation__C,insufficient_validation,C,,api_error,422,HTTP 422,1,263,3352,0,0,
23804701,wrong_amount__A,wrong_amount,A,,api_error,422,HTTP 422,1,263,3352,0,0,
23804701,wrong_amount__B,wrong_amount,B,,api_error,422,HTTP 422,1,263,3352,0,0,
23804701,wrong_amount__C,wrong_amount,C,,api_error,422,HTTP 422,1,263,3352,0,0,
23804701,credit_damage_threat__A,credit_damage_threat,A,,api_error,422,HTTP 422,1,263,3352,0,0,
23804701,credit_damage_threat__B,credit_damage_threat,B,,api_error,422,HTTP 422,1,263,3352,0,0,
23804701,credit_damage_threat__C,credit_damage_threat,C,,api_error,422,HTTP 422,1,263,3352,0,0,
23804701,arrest_threat__A,arrest_threat,A,,api_error,422,HTTP 422,1,263,3352,0,0,
23804701,arrest_threat__B,arrest_threat,B,,api_error,422,HTTP 422,1,263,3352,0,0,
23804701,arrest_threat__C,arrest_threat,C,,api_error,422,HTTP 422,1,263,3352,0,0,
23804701,sued_no_notice__A,sued_no_notice,A,,api_error,422,HTTP 422,1,263,3352,0,0,
23804701,sued_no_notice__B,sued_no_notice,B,,api_error,422,HTTP 422,1,263,3352,0,0,
23804701,sued_no_notice__C,sued_no_notice,C,,api_error,422,HTTP 422,1,263,3352,0,0,
23815786,identity_theft__A,identity_theft,A,,api_error,422,HTTP 422,1,246,2061,0,0,
23815786,identity_theft__B,identity_theft,B,,api_error,422,HTTP 422,1,246,2061,0,0,
23815786,identity_theft__C,identity_theft,C,,api_error,422,HTTP 422,1,246,2061,0,0,
23815786,insufficient_validation__A,insufficient_validation,A,,api_error,422,HTTP 422,1,246,2061,0,0,
23815786,insufficient_validation__B,insufficient_validation,B,,api_error,422,HTTP 422,1,246,2061,0,0,
23815786,insufficient_validation__C,insufficient_validation,C,,api_error,422,HTTP 422,1,246,2061,0,0,
23815786,wrong_amount__A,wrong_amount,A,,api_error,422,HTTP 422,1,246,2061,0,0,
23815786,wrong_amount__B,wrong_amount,B,,api_error,422,HTTP 422,1,246,2061,0,0,
23815786,wrong_amount__C,wrong_amount,C,,api_error,422,HTTP 422,1,246,2061,0,0,
23815786,credit_damage_threat__A,credit_damage_threat,A,,api_error,422,HTTP 422,1,246,2061,0,0,
23815786,credit_damage_threat__B,credit_damage_threat,B,,api_error,422,HTTP 422,1,246,2061,0,0,
23815786,credit_damage_threat__C,credit_damage_threat,C,,api_error,422,HTTP 422,1,246,2061,0,0,
23815786,arrest_threat__A,arrest_threat,A,,api_error,422,HTTP 422,1,246,2061,0,0,
23815786,arrest_threat__B,arrest_threat,B,,api_error,422,HTTP 422,1,246,2061,0,0,
23815786,arrest_threat__C,arrest_threat,C,,api_error,422,HTTP 422,1,246,2061,0,0,
23815786,sued_no_notice__A,sued_no_notice,A,,api_error,422,HTTP 422,1,246,2061,0,0,
23815786,sued_no_notice__B,sued_no_notice,B,,api_error,422,HTTP 422,1,246,2061,0,0,
23815786,sued_no_notice__C,sued_no_notice,C,,api_error,422,HTTP 422,1,246,2061,0,0,
23816642,identity_theft__A,identity_theft,A,,api_error,422,HTTP 422,1,202,0924,0,0,
23816642,identity_theft__B,identity_theft,B,,api_error,422,HTTP 422,1,202,0924,0,0,
23816642,identity_theft__C,identity_theft,C,,api_error,422,HTTP 422,1,202,0924,0,0,
23816642,insufficient_validation__A,insufficient_validation,A,,api_error,422,HTTP 422,1,202,0924,0,0,
23816642,insufficient_validation__B,insufficient_validation,B,,api_error,422,HTTP 422,1,202,0924,0,0,
23816642,insufficient_validation__C,insufficient_validation,C,,api_error,422,HTTP 422,1,202,0924,0,0,
23816642,wrong_amount__A,wrong_amount,A,,api_error,422,HTTP 422,1,202,0924,0,0,
23816642,wrong_amount__B,wrong_amount,B,,api_error,422,HTTP 422,1,202,0924,0,0,
23816642,wrong_amount__C,wrong_amount,C,,api_error,422,HTTP 422,1,202,0924,0,0,
23816642,credit_damage_threat__A,credit_damage_threat,A,,api_error,422,HTTP 422,1,202,0924,0,0,
23816642,credit_damage_threat__B,credit_damage_threat,B,,api_error,422,HTTP 422,1,202,0924,0,0,
23816642,credit_damage_threat__C,credit_damage_threat,C,,api_error,422,HTTP 422,1,202,0924,0,0,
23816642,arrest_threat__A,arrest_threat,A,,api_error,422,HTTP 422,1,202,0924,0,0,
23816642,arrest_threat__B,arrest_threat,B,,api_error,422,HTTP 422,1,202,0924,0,0,
23816642,arrest_threat__C,arrest_threat,C,,api_error,422,HTTP 422,1,202,0924,0,0,
23816642,sued_no_notice__A,sued_no_notice,A,,api_error,422,HTTP 422,1,202,0924,0,0,
23816642,sued_no_notice__B,sued_no_notice,B,,api_error,422,HTTP 422,1,202,0924,0,0,
23816642,sued_no_notice__C,sued_no_notice,C,,api_error,422,HTTP 422,1,202,0924,0,0,
23821925,identity_theft__A,identity_theft,A,,api_error,422,HTTP 422,1,201,5453,0,0,
23821925,identity_theft__B,identity_theft,B,,api_error,422,HTTP 422,1,201,5453,0,0,
23821925,identity_theft__C,identity_theft,C,,api_error,422,HTTP 422,1,201,5453,0,0,
23821925,insufficient_validation__A,insufficient_validation,A,,api_error,422,HTTP 422,1,201,5453,0,0,
23821925,insufficient_validation__B,insufficient_validation,B,,api_error,422,HTTP 422,1,201,5453,0,0,
23821925,insufficient_validation__C,insufficient_validation,C,,api_error,422,HTTP 422,1,201,5453,0,0,
23821925,wrong_amount__A,wrong_amount,A,,api_error,422,HTTP 422,1,201,5453,0,0,
23821925,wrong_amount__B,wrong_amount,B,,api_error,422,HTTP 422,1,201,5453,0,0,
23821925,wrong_amount__C,wrong_amount,C,,api_error,422,HTTP 422,1,201,5453,0,0,
23821925,credit_damage_threat__A,credit_damage_threat,A,,api_error,422,HTTP 422,1,201,5453,0,0,
23821925,credit_damage_threat__B,credit_damage_threat,B,,api_error,422,HTTP 422,1,201,5453,0,0,
23821925,credit_damage_threat__C,credit_damage_threat,C,,api_error,422,HTTP 422,1,201,5453,0,0,
23821925,arrest_threat__A,arrest_threat,A,,api_error,422,HTTP 422,1,201,5453,0,0,
23821925,arrest_threat__B,arrest_threat,B,,api_error,422,HTTP 422,1,201,5453,0,0,
23821925,arrest_threat__C,arrest_threat,C,,api_error,422,HTTP 422,1,201,5453,0,0,
23821925,sued_no_notice__A,sued_no_notice,A,,api_error,422,HTTP 422,1,201,5453,0,0,
23821925,sued_no_notice__B,sued_no_notice,B,,api_error,422,HTTP 422,1,201,5453,0,0,
23821925,sued_no_notice__C,sued_no_notice,C,,api_error,422,HTTP 422,1,201,5453,0,0,
23830833,identity_theft__A,identity_theft,A,,api_error,422,HTTP 422,1,200,6719,0,0,
23830833,identity_theft__B,identity_theft,B,,api_error,422,HTTP 422,1,200,6719,0,0,
23830833,identity_theft__C,identity_theft,C,,api_error,422,HTTP 422,1,200,6719,0,0,
23830833,insufficient_validation__A,insufficient_validation,A,,api_error,422,HTTP 422,1,200,6719,0,0,
23830833,insufficient_validation__B,insufficient_validation,B,,api_error,422,HTTP 422,1,200,6719,0,0,
23830833,insufficient_validation__C,insufficient_validation,C,,api_error,422,HTTP 422,1,200,6719,0,0,
23830833,wrong_amount__A,wrong_amount,A,,api_error,422,HTTP 422,1,200,6719,0,0,
23830833,wrong_amount__B,wrong_amount,B,,api_error,422,HTTP 422,1,200,6719,0,0,
23830833,wrong_amount__C,wrong_amount,C,,api_error,422,HTTP 422,1,200,6719,0,0,
23830833,credit_damage_threat__A,credit_damage_threat,A,,api_error,422,HTTP 422,1,200,6719,0,0,
23830833,credit_damage_threat__B,credit_damage_threat,B,,api_error,422,HTTP 422,1,200,6719,0,0,
23830833,credit_damage_threat__C,credit_damage_threat,C,,api_error,422,HTTP 422,1,200,6719,0,0,
23830833,arrest_threat__A,arrest_threat,A,,api_error,422,HTTP 422,1,200,6719,0,0,
23830833,arrest_threat__B,arrest_threat,B,,api_error,422,HTTP 422,1,200,6719,0,0,
23830833,arrest_threat__C,arrest_threat,C,,api_error,422,HTTP 422,1,200,6719,0,0,
23830833,sued_no_notice__A,sued_no_notice,A,,api_error,422,HTTP 422,1,200,6719,0,0,
23830833,sued_no_notice__B,sued_no_notice,B,,api_error,422,HTTP 422,1,200,6719,0,0,
23830833,sued_no_notice__C,sued_no_notice,C,,api_error,422,HTTP 422,1,200,6719,0,0,
23832990,identity_theft__A,identity_theft,A,,api_error,422,HTTP 422,1,208,3244,0,0,
23832990,identity_theft__B,identity_theft,B,,api_error,422,HTTP 422,1,208,3244,0,0,
23832990,identity_theft__C,identity_theft,C,,api_error,422,HTTP 422,1,208,3244,0,0,
23832990,insufficient_validation__A,insufficient_validation,A,,api_error,422,HTTP 422,1,208,3244,0,0,
23832990,insufficient_validation__B,insufficient_validation,B,,api_error,422,HTTP 422,1,208,3244,0,0,
23832990,insufficient_validation__C,insufficient_validation,C,,api_error,422,HTTP 422,1,208,3244,0,0,
23832990,wrong_amount__A,wrong_amount,A,,api_error,422,HTTP 422,1,208,3244,0,0,
23832990,wrong_amount__B,wrong_amount,B,,api_error,422,HTTP 422,1,208,3244,0,0,
23832990,wrong_amount__C,wrong_amount,C,,api_error,422,HTTP 422,1,208,3244,0,0,
23832990,credit_damage_threat__A,credit_damage_threat,A,,api_error,422,HTTP 422,1,208,3244,0,0,
23832990,credit_damage_threat__B,credit_damage_threat,B,,api_error,422,HTTP 422,1,208,3244,0,0,
23832990,credit_damage_threat__C,credit_damage_threat,C,,api_error,422,HTTP 422,1,208,3244,0,0,
23832990,arrest_threat__A,arrest_threat,A,,api_error,422,HTTP 422,1,208,3244,0,0,
23832990,arrest_threat__B,arrest_threat,B,,api_error,422,HTTP 422,1,208,3244,0,0,
23832990,arrest_threat__C,arrest_threat,C,,api_error,422,HTTP 422,1,208,3244,0,0,
23832990,sued_no_notice__A,sued_no_notice,A,,api_error,422,HTTP 422,1,208,3244,0,0,
23832990,sued_no_notice__B,sued_no_notice,B,,api_error,422,HTTP 422,1,208,3244,0,0,
23832990,sued_no_notice__C,sued_no_notice,C,,api_error,422,HTTP 422,1,208,3244,0,0,
23840232,identity_theft__A,identity_theft,A,,api_error,422,HTTP 422,1,202,7817,0,0,
23840232,identity_theft__B,identity_theft,B,,api_error,422,HTTP 422,1,202,7817,0,0,
23840232,identity_theft__C,identity_theft,C,,api_error,422,HTTP 422,1,202,7817,0,0,
23840232,insufficient_validation__A,insufficient_validation,A,,api_error,422,HTTP 422,1,202,7817,0,0,
23840232,insufficient_validation__B,insufficient_validation,B,,api_error,422,HTTP 422,1,202,7817,0,0,
23840232,insufficient_validation__C,insufficient_validation,C,,api_error,422,HTTP 422,1,202,7817,0,0,
23840232,wrong_amount__A,wrong_amount,A,,api_error,422,HTTP 422,1,202,7817,0,0,
23840232,wrong_amount__B,wrong_amount,B,,api_error,422,HTTP 422,1,202,7817,0,0,
23840232,wrong_amount__C,wrong_amount,C,,api_error,422,HTTP 422,1,202,7817,0,0,
23840232,credit_damage_threat__A,credit_damage_threat,A,,api_error,422,HTTP 422,1,202,7817,0,0,
23840232,credit_damage_threat__B,credit_damage_threat,B,,api_error,422,HTTP 422,1,202,7817,0,0,
23840232,credit_damage_threat__C,credit_damage_threat,C,,api_error,422,HTTP 422,1,202,7817,0,0,
23840232,arrest_threat__A,arrest_threat,A,,api_error,422,HTTP 422,1,202,7817,0,0,
23840232,arrest_threat__B,arrest_threat,B,,api_error,422,HTTP 422,1,202,7817,0,0,
23840232,arrest_threat__C,arrest_threat,C,,api_error,422,HTTP 422,1,202,7817,0,0,
23840232,sued_no_notice__A,sued_no_notice,A,,api_error,422,HTTP 422,1,202,7817,0,0,
23840232,sued_no_notice__B,sued_no_notice,B,,api_error,422,HTTP 422,1,202,7817,0,0,
23840232,sued_no_notice__C,sued_no_notice,C,,api_error,422,HTTP 422,1,202,7817,0,0,
23851326,identity_theft__A,identity_theft,A,,api_error,422,HTTP 422,1,205,025,0,0,
23851326,identity_theft__B,identity_theft,B,,api_error,422,HTTP 422,1,205,025,0,0,
23851326,identity_theft__C,identity_theft,C,,api_error,422,HTTP 422,1,205,025,0,0,
23851326,insufficient_validation__A,insufficient_validation,A,,api_error,422,HTTP 422,1,205,025,0,0,
23851326,insufficient_validation__B,insufficient_validation,B,,api_error,422,HTTP 422,1,205,025,0,0,
23851326,insufficient_validation__C,insufficient_validation,C,,api_error,422,HTTP 422,1,205,025,0,0,
23851326,wrong_amount__A,wrong_amount,A,,api_error,422,HTTP 422,1,205,025,0,0,
23851326,wrong_amount__B,wrong_amount,B,,api_error,422,HTTP 422,1,205,025,0,0,
23851326,wrong_amount__C,wrong_amount,C,,api_error,422,HTTP 422,1,205,025,0,0,
23851326,credit_damage_threat__A,credit_damage_threat,A,,api_error,422,HTTP 422,1,205,025,0,0,
23851326,credit_damage_threat__B,credit_damage_threat,B,,api_error,422,HTTP 422,1,205,025,0,0,
23851326,credit_damage_threat__C,credit_damage_threat,C,,api_error,422,HTTP 422,1,205,025,0,0,
23851326,arrest_threat__A,arrest_threat,A,,api_error,422,HTTP 422,1,205,025,0,0,
23851326,arrest_threat__B,arrest_threat,B,,api_error,422,HTTP 422,1,205,025,0,0,
23851326,arrest_threat__C,arrest_threat,C,,api_error,422,HTTP 422,1,205,025,0,0,
23851326,sued_no_notice__A,sued_no_notice,A,,api_error,422,HTTP 422,1,205,025,0,0,
23851326,sued_no_notice__B,sued_no_notice,B,,api_error,422,HTTP 422,1,205,025,0,0,
23851326,sued_no_notice__C,sued_no_notice,C,,api_error,422,HTTP 422,1,205,025,0,0,
23872749,identity_theft__A,identity_theft,A,,api_error,422,HTTP 422,1,202,681,0,0,
23872749,identity_theft__B,identity_theft,B,,api_error,422,HTTP 422,1,202,681,0,0,
23872749,identity_theft__C,identity_theft,C,,api_error,422,HTTP 422,1,202,681,0,0,
23872749,insufficient_validation__A,insufficient_validation,A,,api_error,422,HTTP 422,1,202,681,0,0,
23872749,insufficient_validation__B,insufficient_validation,B,,api_error,422,HTTP 422,1,202,681,0,0,
23872749,insufficient_validation__C,insufficient_validation,C,,api_error,422,HTTP 422,1,202,681,0,0,
23872749,wrong_amount__A,wrong_amount,A,,api_error,422,HTTP 422,1,202,681,0,0,
23872749,wrong_amount__B,wrong_amount,B,,api_error,422,HTTP 422,1,202,681,0,0,
23872749,wrong_amount__C,wrong_amount,C,,api_error,422,HTTP 422,1,202,681,0,0,
23872749,credit_damage_threat__A,credit_damage_threat,A,,api_error,422,HTTP 422,1,202,681,0,0,
23872749,credit_damage_threat__B,credit_damage_threat,B,,api_error,422,HTTP 422,1,202,681,0,0,
23872749,credit_damage_threat__C,credit_damage_threat,C,,api_error,422,HTTP 422,1,202,681,0,0,
23872749,arrest_threat__A,arrest_threat,A,,api_error,422,HTTP 422,1,202,681,0,0,
23872749,arrest_threat__B,arrest_threat,B,,api_error,422,HTTP 422,1,202,681,0,0,
23872749,arrest_threat__C,arrest_threat,C,,api_error,422,HTTP 422,1,202,681,0,0,
23872749,sued_no_notice__A,sued_no_notice,A,,api_error,422,HTTP 422,1,202,681,0,0,
23872749,sued_no_notice__B,sued_no_notice,B,,api_error,422,HTTP 422,1,202,681,0,0,
23872749,sued_no_notice__C,sued_no_notice,C,,api_error,422,HTTP 422,1,202,681,0,0,
23873613,identity_theft__A,identity_theft,A,,api_error,422,HTTP 422,1,204,3244,0,0,
23873613,identity_theft__B,identity_theft,B,,api_error,422,HTTP 422,1,204,3244,0,0,
23873613,identity_theft__C,identity_theft,C,,api_error,422,HTTP 422,1,204,3244,0,0,
23873613,insufficient_validation__A,insufficient_validation,A,,api_error,422,HTTP 422,1,204,3244,0,0,
23873613,insufficient_validation__B,insufficient_validation,B,,api_error,422,HTTP 422,1,204,3244,0,0,
23873613,insufficient_validation__C,insufficient_validation,C,,api_error,422,HTTP 422,1,204,3244,0,0,
23873613,wrong_amount__A,wrong_amount,A,,api_error,422,HTTP 422,1,204,3244,0,0,
23873613,wrong_amount__B,wrong_amount,B,,api_error,422,HTTP 422,1,204,3244,0,0,
23873613,wrong_amount__C,wrong_amount,C,,api_error,422,HTTP 422,1,204,3244,0,0,
23873613,credit_damage_threat__A,credit_damage_threat,A,,api_error,422,HTTP 422,1,204,3244,0,0,
23873613,credit_damage_threat__B,credit_damage_threat,B,,api_error,422,HTTP 422,1,204,3244,0,0,
23873613,credit_damage_threat__C,credit_damage_threat,C,,api_error,422,HTTP 422,1,204,3244,0,0,
23873613,arrest_threat__A,arrest_threat,A,,api_error,422,HTTP 422,1,204,3244,0,0,
23873613,arrest_threat__B,arrest_threat,B,,api_error,422,HTTP 422,1,204,3244,0,0,
23873613,arrest_threat__C,arrest_threat,C,,api_error,422,HTTP 422,1,204,3244,0,0,
23873613,sued_no_notice__A,sued_no_notice,A,,api_error,422,HTTP 422,1,204,3244,0,0,
23873613,sued_no_notice__B,sued_no_notice,B,,api_error,422,HTTP 422,1,204,3244,0,0,
23873613,sued_no_notice__C,sued_no_notice,C,,api_error,422,HTTP 422,1,204,3244,0,0,
23873633,identity_theft__A,identity_theft,A,,api_error,422,HTTP 422,1,200,2751,0,0,
23873633,identity_theft__B,identity_theft,B,,api_error,422,HTTP 422,1,200,2751,0,0,
23873633,identity_theft__C,identity_theft,C,,api_error,422,HTTP 422,1,200,2751,0,0,
23873633,insufficient_validation__A,insufficient_validation,A,,api_error,422,HTTP 422,1,200,2751,0,0,
23873633,insufficient_validation__B,insufficient_validation,B,,api_error,422,HTTP 422,1,200,2751,0,0,
23873633,insufficient_validation__C,insufficient_validation,C,,api_error,422,HTTP 422,1,200,2751,0,0,
23873633,wrong_amount__A,wrong_amount,A,,api_error,422,HTTP 422,1,200,2751,0,0,
23873633,wrong_amount__B,wrong_amount,B,,api_error,422,HTTP 422,1,200,2751,0,0,
23873633,wrong_amount__C,wrong_amount,C,,api_error,422,HTTP 422,1,200,2751,0,0,
23873633,credit_damage_threat__A,credit_damage_threat,A,,api_error,422,HTTP 422,1,200,2751,0,0,
23873633,credit_damage_threat__B,credit_damage_threat,B,,api_error,422,HTTP 422,1,200,2751,0,0,
23873633,credit_damage_threat__C,credit_damage_threat,C,,api_error,422,HTTP 422,1,200,2751,0,0,
23873633,arrest_threat__A,arrest_threat,A,,api_error,422,HTTP 422,1,200,2751,0,0,
23873633,arrest_threat__B,arrest_threat,B,,api_error,422,HTTP 422,1,200,2751,0,0,
23873633,arrest_threat__C,arrest_threat,C,,api_error,422,HTTP 422,1,200,2751,0,0,
23873633,sued_no_notice__A,sued_no_notice,A,,api_error,422,HTTP 422,1,200,2751,0,0,
23873633,sued_no_notice__B,sued_no_notice,B,,api_error,422,HTTP 422,1,200,2751,0,0,
23873633,sued_no_notice__C,sued_no_notice,C,,api_error,422,HTTP 422,1,200,2751,0,0,
23877075,identity_theft__A,identity_theft,A,,api_error,422,HTTP 422,1,204,5851,0,0,
23877075,identity_theft__B,identity_theft,B,,api_error,422,HTTP 422,1,204,5851,0,0,
23877075,identity_theft__C,identity_theft,C,,api_error,422,HTTP 422,1,204,5851,0,0,
23877075,insufficient_validation__A,insufficient_validation,A,,api_error,422,HTTP 422,1,204,5851,0,0,
23877075,insufficient_validation__B,insufficient_validation,B,,api_error,422,HTTP 422,1,204,5851,0,0,
23877075,insufficient_validation__C,insufficient_validation,C,,api_error,422,HTTP 422,1,204,5851,0,0,
23877075,wrong_amount__A,wrong_amount,A,,api_error,422,HTTP 422,1,204,5851,0,0,
23877075,wrong_amount__B,wrong_amount,B,,api_error,422,HTTP 422,1,204,5851,0,0,
23877075,wrong_amount__C,wrong_amount,C,,api_error,422,HTTP 422,1,204,5851,0,0,
23877075,credit_damage_threat__A,credit_damage_threat,A,,api_error,422,HTTP 422,1,204,5851,0,0,
23877075,credit_damage_threat__B,credit_damage_threat,B,,api_error,422,HTTP 422,1,204,5851,0,0,
23877075,credit_damage_threat__C,credit_damage_threat,C,,api_error,422,HTTP 422,1,204,5851,0,0,
23877075,arrest_threat__A,arrest_threat,A,,api_error,422,HTTP 422,1,204,5851,0,0,
23877075,arrest_threat__B,arrest_threat,B,,api_error,422,HTTP 422,1,204,5851,0,0,
23877075,arrest_threat__C,arrest_threat,C,,api_error,422,HTTP 422,1,204,5851,0,0,
23877075,sued_no_notice__A,sued_no_notice,A,,api_error,422,HTTP 422,1,204,5851,0,0,
23877075,sued_no_notice__B,sued_no_notice,B,,api_error,422,HTTP 422,1,204,5851,0,0,
23877075,sued_no_notice__C,sued_no_notice,C,,api_error,422,HTTP 422,1,204,5851,0,0,
23888383,identity_theft__A,identity_theft,A,,api_error,422,HTTP 422,1,200,6438,0,0,
23888383,identity_theft__B,identity_theft,B,,api_error,422,HTTP 422,1,200,6438,0,0,
23888383,identity_theft__C,identity_theft,C,,api_error,422,HTTP 422,1,200,6438,0,0,
23888383,insufficient_validation__A,insufficient_validation,A,,api_error,422,HTTP 422,1,200,6438,0,0,
23888383,insufficient_validation__B,insufficient_validation,B,,api_error,422,HTTP 422,1,200,6438,0,0,
23888383,insufficient_validation__C,insufficient_validation,C,,api_error,422,HTTP 422,1,200,6438,0,0,
23888383,wrong_amount__A,wrong_amount,A,,api_error,422,HTTP 422,1,200,6438,0,0,
23888383,wrong_amount__B,wrong_amount,B,,api_error,422,HTTP 422,1,200,6438,0,0,
23888383,wrong_amount__C,wrong_amount,C,,api_error,422,HTTP 422,1,200,6438,0,0,
23888383,credit_damage_threat__A,credit_damage_threat,A,,api_error,422,HTTP 422,1,200,6438,0,0,
23888383,credit_damage_threat__B,credit_damage_threat,B,,api_error,422,HTTP 422,1,200,6438,0,0,
23888383,credit_damage_threat__C,credit_damage_threat,C,,api_error,422,HTTP 422,1,200,6438,0,0,
23888383,arrest_threat__A,arrest_threat,A,,api_error,422,HTTP 422,1,200,6438,0,0,
23888383,arrest_threat__B,arrest_threat,B,,api_error,422,HTTP 422,1,200,6438,0,0,
23888383,arrest_threat__C,arrest_threat,C,,api_error,422,HTTP 422,1,200,6438,0,0,
23888383,sued_no_notice__A,sued_no_notice,A,,api_error,422,HTTP 422,1,200,6438,0,0,
23888383,sued_no_notice__B,sued_no_notice,B,,api_error,422,HTTP 422,1,200,6438,0,0,
23888383,sued_no_notice__C,sued_no_notice,C,,api_error,422,HTTP 422,1,200,6438,0,0,
23896462,identity_theft__A,identity_theft,A,,api_error,422,HTTP 422,1,200,1232,0,0,
23896462,identity_theft__B,identity_theft,B,,api_error,422,HTTP 422,1,200,1232,0,0,
23896462,identity_theft__C,identity_theft,C,,api_error,422,HTTP 422,1,200,1232,0,0,
23896462,insufficient_validation__A,insufficient_validation,A,,api_error,422,HTTP 422,1,200,1232,0,0,
23896462,insufficient_validation__B,insufficient_validation,B,,api_error,422,HTTP 422,1,200,1232,0,0,
23896462,insufficient_validation__C,insufficient_validation,C,,api_error,422,HTTP 422,1,200,1232,0,0,
23896462,wrong_amount__A,wrong_amount,A,,api_error,422,HTTP 422,1,200,1232,0,0,
23896462,wrong_amount__B,wrong_amount,B,,api_error,422,HTTP 422,1,200,1232,0,0,
23896462,wrong_amount__C,wrong_amount,C,,api_error,422,HTTP 422,1,200,1232,0,0,
23896462,credit_damage_threat__A,credit_damage_threat,A,,api_error,422,HTTP 422,1,200,1232,0,0,
23896462,credit_damage_threat__B,credit_damage_threat,B,,api_error,422,HTTP 422,1,200,1232,0,0,
23896462,credit_damage_threat__C,credit_damage_threat,C,,api_error,422,HTTP 422,1,200,1232,0,0,
23896462,arrest_threat__A,arrest_threat,A,,api_error,422,HTTP 422,1,200,1232,0,0,
23896462,arrest_threat__B,arrest_threat,B,,api_error,422,HTTP 422,1,200,1232,0,0,
23896462,arrest_threat__C,arrest_threat,C,,api_error,422,HTTP 422,1,200,1232,0,0,
23896462,sued_no_notice__A,sued_no_notice,A,,api_error,422,HTTP 422,1,200,1232,0,0,
23896462,sued_no_notice__B,sued_no_notice,B,,api_error,422,HTTP 422,1,200,1232,0,0,
23896462,sued_no_notice__C,sued_no_notice,C,,api_error,422,HTTP 422,1,200,1232,0,0,
23899303,identity_theft__A,identity_theft,A,,api_error,422,HTTP 422,1,202,9873,0,0,
23899303,identity_theft__B,identity_theft,B,,api_error,422,HTTP 422,1,202,9873,0,0,
23899303,identity_theft__C,identity_theft,C,,api_error,422,HTTP 422,1,202,9873,0,0,
23899303,insufficient_validation__A,insufficient_validation,A,,api_error,422,HTTP 422,1,202,9873,0,0,
23899303,insufficient_validation__B,insufficient_validation,B,,api_error,422,HTTP 422,1,202,9873,0,0,
23899303,insufficient_validation__C,insufficient_validation,C,,api_error,422,HTTP 422,1,202,9873,0,0,
23899303,wrong_amount__A,wrong_amount,A,,api_error,422,HTTP 422,1,202,9873,0,0,
23899303,wrong_amount__B,wrong_amount,B,,api_error,422,HTTP 422,1,202,9873,0,0,
23899303,wrong_amount__C,wrong_amount,C,,api_error,422,HTTP 422,1,202,9873,0,0,
23899303,credit_damage_threat__A,credit_damage_threat,A,,api_error,422,HTTP 422,1,202,9873,0,0,
23899303,credit_damage_threat__B,credit_damage_threat,B,,api_error,422,HTTP 422,1,202,9873,0,0,
23899303,credit_damage_threat__C,credit_damage_threat,C,,api_error,422,HTTP 422,1,202,9873,0,0,
23899303,arrest_threat__A,arrest_threat,A,,api_error,422,HTTP 422,1,202,9873,0,0,
23899303,arrest_threat__B,arrest_threat,B,,api_error,422,HTTP 422,1,202,9873,0,0,
23899303,arrest_threat__C,arrest_threat,C,,api_error,422,HTTP 422,1,202,9873,0,0,
23899303,sued_no_notice__A,sued_no_notice,A,,api_error,422,HTTP 422,1,202,9873,0,0,
23899303,sued_no_notice__B,sued_no_notice,B,,api_error,422,HTTP 422,1,202,9873,0,0,
23899303,sued_no_notice__C,sued_no_notice,C,,api_error,422,HTTP 422,1,202,9873,0,0,
23924892,identity_theft__A,identity_theft,A,,api_error,422,HTTP 422,1,221,5057,0,0,
23924892,identity_theft__B,identity_theft,B,,api_error,422,HTTP 422,1,221,5057,0,0,
23924892,identity_theft__C,identity_theft,C,,api_error,422,HTTP 422,1,221,5057,0,0,
23924892,insufficient_validation__A,insufficient_validation,A,,api_error,422,HTTP 422,1,221,5057,0,0,
23924892,insufficient_validation__B,insufficient_validation,B,,api_error,422,HTTP 422,1,221,5057,0,0,
23924892,insufficient_validation__C,insufficient_validation,C,,api_error,422,HTTP 422,1,221,5057,0,0,
23924892,wrong_amount__A,wrong_amount,A,,api_error,422,HTTP 422,1,221,5057,0,0,
23924892,wrong_amount__B,wrong_amount,B,,api_error,422,HTTP 422,1,221,5057,0,0,
23924892,wrong_amount__C,wrong_amount,C,,api_error,422,HTTP 422,1,221,5057,0,0,
23924892,credit_damage_threat__A,credit_damage_threat,A,,api_error,422,HTTP 422,1,221,5057,0,0,
23924892,credit_damage_threat__B,credit_damage_threat,B,,api_error,422,HTTP 422,1,221,5057,0,0,
23924892,credit_damage_threat__C,credit_damage_threat,C,,api_error,422,HTTP 422,1,221,5057,0,0,
23924892,arrest_threat__A,arrest_threat,A,,api_error,422,HTTP 422,1,221,5057,0,0,
23924892,arrest_threat__B,arrest_threat,B,,api_error,422,HTTP 422,1,221,5057,0,0,
23924892,arrest_threat__C,arrest_threat,C,,api_error,422,HTTP 422,1,221,5057,0,0,
23924892,sued_no_notice__A,sued_no_notice,A,,api_error,422,HTTP 422,1,221,5057,0,0,
23924892,sued_no_notice__B,sued_no_notice,B,,api_error,422,HTTP 422,1,221,5057,0,0,
23924892,sued_no_notice__C,sued_no_notice,C,,api_error,422,HTTP 422,1,221,5057,0,0,
23926646,identity_theft__A,identity_theft,A,,api_error,422,HTTP 422,1,200,3067,0,0,
23926646,identity_theft__B,identity_theft,B,,api_error,422,HTTP 422,1,200,3067,0,0,
23926646,identity_theft__C,identity_theft,C,,api_error,422,HTTP 422,1,200,3067,0,0,
23926646,insufficient_validation__A,insufficient_validation,A,,api_error,422,HTTP 422,1,200,3067,0,0,
23926646,insufficient_validation__B,insufficient_validation,B,,api_error,422,HTTP 422,1,200,3067,0,0,
23926646,insufficient_validation__C,insufficient_validation,C,,api_error,422,HTTP 422,1,200,3067,0,0,
23926646,wrong_amount__A,wrong_amount,A,,api_error,422,HTTP 422,1,200,3067,0,0,
23926646,wrong_amount__B,wrong_amount,B,,api_error,422,HTTP 422,1,200,3067,0,0,
23926646,wrong_amount__C,wrong_amount,C,,api_error,422,HTTP 422,1,200,3067,0,0,
23926646,credit_damage_threat__A,credit_damage_threat,A,,api_error,422,HTTP 422,1,200,3067,0,0,
23926646,credit_damage_threat__B,credit_damage_threat,B,,api_error,422,HTTP 422,1,200,3067,0,0,
23926646,credit_damage_threat__C,credit_damage_threat,C,,api_error,422,HTTP 422,1,200,3067,0,0,
23926646,arrest_threat__A,arrest_threat,A,,api_error,422,HTTP 422,1,200,3067,0,0,
23926646,arrest_threat__B,arrest_threat,B,,api_error,422,HTTP 422,1,200,3067,0,0,
23926646,arrest_threat__C,arrest_threat,C,,api_error,422,HTTP 422,1,200,3067,0,0,
23926646,sued_no_notice__A,sued_no_notice,A,,api_error,422,HTTP 422,1,200,3067,0,0,
23926646,sued_no_notice__B,sued_no_notice,B,,api_error,422,HTTP 422,1,200,3067,0,0,
23926646,sued_no_notice__C,sued_no_notice,C,,api_error,422,HTTP 422,1,200,3067,0,0,
23935982,identity_theft__A,identity_theft,A,,api_error,422,HTTP 422,1,199,9702,0,0,
23935982,identity_theft__B,identity_theft,B,,api_error,422,HTTP 422,1,199,9702,0,0,
23935982,identity_theft__C,identity_theft,C,,api_error,422,HTTP 422,1,199,9702,0,0,
23935982,insufficient_validation__A,insufficient_validation,A,,api_error,422,HTTP 422,1,199,9702,0,0,
23935982,insufficient_validation__B,insufficient_validation,B,,api_error,422,HTTP 422,1,199,9702,0,0,
23935982,insufficient_validation__C,insufficient_validation,C,,api_error,422,HTTP 422,1,199,9702,0,0,
23935982,wrong_amount__A,wrong_amount,A,,api_error,422,HTTP 422,1,199,9702,0,0,
23935982,wrong_amount__B,wrong_amount,B,,api_error,422,HTTP 422,1,199,9702,0,0,
23935982,wrong_amount__C,wrong_amount,C,,api_error,422,HTTP 422,1,199,9702,0,0,
23935982,credit_damage_threat__A,credit_damage_threat,A,,api_error,422,HTTP 422,1,199,9702,0,0,
23935982,credit_damage_threat__B,credit_damage_threat,B,,api_error,422,HTTP 422,1,199,9702,0,0,
23935982,credit_damage_threat__C,credit_damage_threat,C,,api_error,422,HTTP 422,1,199,9702,0,0,
23935982,arrest_threat__A,arrest_threat,A,,api_error,422,HTTP 422,1,199,9702,0,0,
23935982,arrest_threat__B,arrest_threat,B,,api_error,422,HTTP 422,1,199,9702,0,0,
23935982,arrest_threat__C,arrest_threat,C,,api_error,422,HTTP 422,1,199,9702,0,0,
23935982,sued_no_notice__A,sued_no_notice,A,,api_error,422,HTTP 422,1,199,9702,0,0,
23935982,sued_no_notice__B,sued_no_notice,B,,api_error,422,HTTP 422,1,199,9702,0,0,
23935982,sued_no_notice__C,sued_no_notice,C,,api_error,422,HTTP 422,1,199,9702,0,0,
23935988,identity_theft__A,identity_theft,A,,api_error,422,HTTP 422,1,200,011,0,0,
23935988,identity_theft__B,identity_theft,B,,api_error,422,HTTP 422,1,200,011,0,0,
23935988,identity_theft__C,identity_theft,C,,api_error,422,HTTP 422,1,200,011,0,0,
23935988,insufficient_validation__A,insufficient_validation,A,,api_error,422,HTTP 422,1,200,011,0,0,
23935988,insufficient_validation__B,insufficient_validation,B,,api_error,422,HTTP 422,1,200,011,0,0,
23935988,insufficient_validation__C,insufficient_validation,C,,api_error,422,HTTP 422,1,200,011,0,0,
23935988,wrong_amount__A,wrong_amount,A,,api_error,422,HTTP 422,1,200,011,0,0,
23935988,wrong_amount__B,wrong_amount,B,,api_error,422,HTTP 422,1,200,011,0,0,
23935988,wrong_amount__C,wrong_amount,C,,api_error,422,HTTP 422,1,200,011,0,0,
23935988,credit_damage_threat__A,credit_damage_threat,A,,api_error,422,HTTP 422,1,200,011,0,0,
23935988,credit_damage_threat__B,credit_damage_threat,B,,api_error,422,HTTP 422,1,200,011,0,0,
23935988,credit_damage_threat__C,credit_damage_threat,C,,api_error,422,HTTP 422,1,200,011,0,0,
23935988,arrest_threat__A,arrest_threat,A,,api_error,422,HTTP 422,1,200,011,0,0,
23935988,arrest_threat__B,arrest_threat,B,,api_error,422,HTTP 422,1,200,011,0,0,
23935988,arrest_threat__C,arrest_threat,C,,api_error,422,HTTP 422,1,200,011,0,0,
23935988,sued_no_notice__A,sued_no_notice,A,,api_error,422,HTTP 422,1,200,011,0,0,
23935988,sued_no_notice__B,sued_no_notice,B,,api_error,422,HTTP 422,1,200,011,0,0,
23935988,sued_no_notice__C,sued_no_notice,C,,api_error,422,HTTP 422,1,200,011,0,0,
23942703,identity_theft__A,identity_theft,A,,api_error,422,HTTP 422,1,200,3986,0,0,
23942703,identity_theft__B,identity_theft,B,,api_error,422,HTTP 422,1,200,3986,0,0,
23942703,identity_theft__C,identity_theft,C,,api_error,422,HTTP 422,1,200,3986,0,0,
23942703,insufficient_validation__A,insufficient_validation,A,,api_error,422,HTTP 422,1,200,3986,0,0,
23942703,insufficient_validation__B,insufficient_validation,B,,api_error,422,HTTP 422,1,200,3986,0,0,
23942703,insufficient_validation__C,insufficient_validation,C,,api_error,422,HTTP 422,1,200,3986,0,0,
23942703,wrong_amount__A,wrong_amount,A,,api_error,422,HTTP 422,1,200,3986,0,0,
23942703,wrong_amount__B,wrong_amount,B,,api_error,422,HTTP 422,1,200,3986,0,0,
23942703,wrong_amount__C,wrong_amount,C,,api_error,422,HTTP 422,1,200,3986,0,0,
23942703,credit_damage_threat__A,credit_damage_threat,A,,api_error,422,HTTP 422,1,200,3986,0,0,
23942703,credit_damage_threat__B,credit_damage_threat,B,,api_error,422,HTTP 422,1,200,3986,0,0,
23942703,credit_damage_threat__C,credit_damage_threat,C,,api_error,422,HTTP 422,1,200,3986,0,0,
23942703,arrest_threat__A,arrest_threat,A,,api_error,422,HTTP 422,1,200,3986,0,0,
23942703,arrest_threat__B,arrest_threat,B,,api_error,422,HTTP 422,1,200,3986,0,0,
23942703,arrest_threat__C,arrest_threat,C,,api_error,422,HTTP 422,1,200,3986,0,0,
23942703,sued_no_notice__A,sued_no_notice,A,,api_error,422,HTTP 422,1,200,3986,0,0,
23942703,sued_no_notice__B,sued_no_notice,B,,api_error,422,HTTP 422,1,200,3986,0,0,
23942703,sued_no_notice__C,sued_no_notice,C,,api_error,422,HTTP 422,1,200,3986,0,0,
23945303,identity_theft__A,identity_theft,A,,api_error,422,HTTP 422,1,204,1352,0,0,
23945303,identity_theft__B,identity_theft,B,,api_error,422,HTTP 422,1,204,1352,0,0,
23945303,identity_theft__C,identity_theft,C,,api_error,422,HTTP 422,1,204,1352,0,0,
23945303,insufficient_validation__A,insufficient_validation,A,,api_error,422,HTTP 422,1,204,1352,0,0,
23945303,insufficient_validation__B,insufficient_validation,B,,api_error,422,HTTP 422,1,204,1352,0,0,
23945303,insufficient_validation__C,insufficient_validation,C,,api_error,422,HTTP 422,1,204,1352,0,0,
23945303,wrong_amount__A,wrong_amount,A,,api_error,422,HTTP 422,1,204,1352,0,0,
23945303,wrong_amount__B,wrong_amount,B,,api_error,422,HTTP 422,1,204,1352,0,0,
23945303,wrong_amount__C,wrong_amount,C,,api_error,422,HTTP 422,1,204,1352,0,0,
23945303,credit_damage_threat__A,credit_damage_threat,A,,api_error,422,HTTP 422,1,204,1352,0,0,
23945303,credit_damage_threat__B,credit_damage_threat,B,,api_error,422,HTTP 422,1,204,1352,0,0,
23945303,credit_damage_threat__C,credit_damage_threat,C,,api_error,422,HTTP 422,1,204,1352,0,0,
23945303,arrest_threat__A,arrest_threat,A,,api_error,422,HTTP 422,1,204,1352,0,0,
23945303,arrest_threat__B,arrest_threat,B,,api_error,422,HTTP 422,1,204,1352,0,0,
23945303,arrest_threat__C,arrest_threat,C,,api_error,422,HTTP 422,1,204,1352,0,0,
23945303,sued_no_notice__A,sued_no_notice,A,,api_error,422,HTTP 422,1,204,1352,0,0,
23945303,sued_no_notice__B,sued_no_notice,B,,api_error,422,HTTP 422,1,204,1352,0,0,
23945303,sued_no_notice__C,sued_no_notice,C,,api_error,422,HTTP 422,1,204,1352,0,0,
23948431,identity_theft__A,identity_theft,A,,api_error,422,HTTP 422,1,201,2306,0,0,
23948431,identity_theft__B,identity_theft,B,,api_error,422,HTTP 422,1,201,2306,0,0,
23948431,identity_theft__C,identity_theft,C,,api_error,422,HTTP 422,1,201,2306,0,0,
23948431,insufficient_validation__A,insufficient_validation,A,,api_error,422,HTTP 422,1,201,2306,0,0,
23948431,insufficient_validation__B,insufficient_validation,B,,api_error,422,HTTP 422,1,201,2306,0,0,
23948431,insufficient_validation__C,insufficient_validation,C,,api_error,422,HTTP 422,1,201,2306,0,0,
23948431,wrong_amount__A,wrong_amount,A,,api_error,422,HTTP 422,1,201,2306,0,0,
23948431,wrong_amount__B,wrong_amount,B,,api_error,422,HTTP 422,1,201,2306,0,0,
23948431,wrong_amount__C,wrong_amount,C,,api_error,422,HTTP 422,1,201,2306,0,0,
23948431,credit_damage_threat__A,credit_damage_threat,A,,api_error,422,HTTP 422,1,201,2306,0,0,
23948431,credit_damage_threat__B,credit_damage_threat,B,,api_error,422,HTTP 422,1,201,2306,0,0,
23948431,credit_damage_threat__C,credit_damage_threat,C,,api_error,422,HTTP 422,1,201,2306,0,0,
23948431,arrest_threat__A,arrest_threat,A,,api_error,422,HTTP 422,1,201,2306,0,0,
23948431,arrest_threat__B,arrest_threat,B,,api_error,422,HTTP 422,1,201,2306,0,0,
23948431,arrest_threat__C,arrest_threat,C,,api_error,422,HTTP 422,1,201,2306,0,0,
23948431,sued_no_notice__A,sued_no_notice,A,,api_error,422,HTTP 422,1,201,2306,0,0,
23948431,sued_no_notice__B,sued_no_notice,B,,api_error,422,HTTP 422,1,201,2306,0,0,
23948431,sued_no_notice__C,sued_no_notice,C,,api_error,422,HTTP 422,1,201,2306,0,0,
23948616,identity_theft__A,identity_theft,A,,api_error,422,HTTP 422,1,211,3051,0,0,
23948616,identity_theft__B,identity_theft,B,,api_error,422,HTTP 422,1,211,3051,0,0,
23948616,identity_theft__C,identity_theft,C,,api_error,422,HTTP 422,1,211,3051,0,0,
23948616,insufficient_validation__A,insufficient_validation,A,,api_error,422,HTTP 422,1,211,3051,0,0,
23948616,insufficient_validation__B,insufficient_validation,B,,api_error,422,HTTP 422,1,211,3051,0,0,
23948616,insufficient_validation__C,insufficient_validation,C,,api_error,422,HTTP 422,1,211,3051,0,0,
23948616,wrong_amount__A,wrong_amount,A,,api_error,422,HTTP 422,1,211,3051,0,0,
23948616,wrong_amount__B,wrong_amount,B,,api_error,422,HTTP 422,1,211,3051,0,0,
23948616,wrong_amount__C,wrong_amount,C,,api_error,422,HTTP 422,1,211,3051,0,0,
23948616,credit_damage_threat__A,credit_damage_threat,A,,api_error,422,HTTP 422,1,211,3051,0,0,
23948616,credit_damage_threat__B,credit_damage_threat,B,,api_error,422,HTTP 422,1,211,3051,0,0,
23948616,credit_damage_threat__C,credit_damage_threat,C,,api_error,422,HTTP 422,1,211,3051,0,0,
23948616,arrest_threat__A,arrest_threat,A,,api_error,422,HTTP 422,1,211,3051,0,0,
23948616,arrest_threat__B,arrest_threat,B,,api_error,422,HTTP 422,1,211,3051,0,0,
23948616,arrest_threat__C,arrest_threat,C,,api_error,422,HTTP 422,1,211,3051,0,0,
23948616,sued_no_notice__A,sued_no_notice,A,,api_error,422,HTTP 422,1,211,3051,0,0,
23948616,sued_no_notice__B,sued_no_notice,B,,api_error,422,HTTP 422,1,211,3051,0,0,
23948616,sued_no_notice__C,sued_no_notice,C,,api_error,422,HTTP 422,1,211,3051,0,0,
23956564,identity_theft__A,identity_theft,A,,api_error,422,HTTP 422,1,200,2457,0,0,
23956564,identity_theft__B,identity_theft,B,,api_error,422,HTTP 422,1,200,2457,0,0,
23956564,identity_theft__C,identity_theft,C,,api_error,422,HTTP 422,1,200,2457,0,0,
23956564,insufficient_validation__A,insufficient_validation,A,,api_error,422,HTTP 422,1,200,2457,0,0,
23956564,insufficient_validation__B,insufficient_validation,B,,api_error,422,HTTP 422,1,200,2457,0,0,
23956564,insufficient_validation__C,insufficient_validation,C,,api_error,422,HTTP 422,1,200,2457,0,0,
23956564,wrong_amount__A,wrong_amount,A,,api_error,422,HTTP 422,1,200,2457,0,0,
23956564,wrong_amount__B,wrong_amount,B,,api_error,422,HTTP 422,1,200,2457,0,0,
23956564,wrong_amount__C,wrong_amount,C,,api_error,422,HTTP 422,1,200,2457,0,0,
23956564,credit_damage_threat__A,credit_damage_threat,A,,api_error,422,HTTP 422,1,200,2457,0,0,
23956564,credit_damage_threat__B,credit_damage_threat,B,,api_error,422,HTTP 422,1,200,2457,0,0,
23956564,credit_damage_threat__C,credit_damage_threat,C,,api_error,422,HTTP 422,1,200,2457,0,0,
23956564,arrest_threat__A,arrest_threat,A,,api_error,422,HTTP 422,1,200,2457,0,0,
23956564,arrest_threat__B,arrest_threat,B,,api_error,422,HTTP 422,1,200,2457,0,0,
23956564,arrest_threat__C,arrest_threat,C,,api_error,422,HTTP 422,1,200,2457,0,0,
23956564,sued_no_notice__A,sued_no_notice,A,,api_error,422,HTTP 422,1,200,2457,0,0,
23956564,sued_no_notice__B,sued_no_notice,B,,api_error,422,HTTP 422,1,200,2457,0,0,
23956564,sued_no_notice__C,sued_no_notice,C,,api_error,422,HTTP 422,1,200,2457,0,0,
23957033,identity_theft__A,identity_theft,A,,api_error,422,HTTP 422,1,201,6712,0,0,
23957033,identity_theft__B,identity_theft,B,,api_error,422,HTTP 422,1,201,6712,0,0,
23957033,identity_theft__C,identity_theft,C,,api_error,422,HTTP 422,1,201,6712,0,0,
23957033,insufficient_validation__A,insufficient_validation,A,,api_error,422,HTTP 422,1,201,6712,0,0,
23957033,insufficient_validation__B,insufficient_validation,B,,api_error,422,HTTP 422,1,201,6712,0,0,
23957033,insufficient_validation__C,insufficient_validation,C,,api_error,422,HTTP 422,1,201,6712,0,0,
23957033,wrong_amount__A,wrong_amount,A,,api_error,422,HTTP 422,1,201,6712,0,0,
23957033,wrong_amount__B,wrong_amount,B,,api_error,422,HTTP 422,1,201,6712,0,0,
23957033,wrong_amount__C,wrong_amount,C,,api_error,422,HTTP 422,1,201,6712,0,0,
23957033,credit_damage_threat__A,credit_damage_threat,A,,api_error,422,HTTP 422,1,201,6712,0,0,
23957033,credit_damage_threat__B,credit_damage_threat,B,,api_error,422,HTTP 422,1,201,6712,0,0,
23957033,credit_damage_threat__C,credit_damage_threat,C,,api_error,422,HTTP 422,1,201,6712,0,0,
23957033,arrest_threat__A,arrest_threat,A,,api_error,422,HTTP 422,1,201,6712,0,0,
23957033,arrest_threat__B,arrest_threat,B,,api_error,422,HTTP 422,1,201,6712,0,0,
23957033,arrest_threat__C,arrest_threat,C,,api_error,422,HTTP 422,1,201,6712,0,0,
23957033,sued_no_notice__A,sued_no_notice,A,,api_error,422,HTTP 422,1,201,6712,0,0,
23957033,sued_no_notice__B,sued_no_notice,B,,api_error,422,HTTP 422,1,201,6712,0,0,
23957033,sued_no_notice__C,sued_no_notice,C,,api_error,422,HTTP 422,1,201,6712,0,0,
23978568,identity_theft__A,identity_theft,A,,api_error,422,HTTP 422,1,207,2654,0,0,
23978568,identity_theft__B,identity_theft,B,,api_error,422,HTTP 422,1,207,2654,0,0,
23978568,identity_theft__C,identity_theft,C,,api_error,422,HTTP 422,1,207,2654,0,0,
23978568,insufficient_validation__A,insufficient_validation,A,,api_error,422,HTTP 422,1,207,2654,0,0,
23978568,insufficient_validation__B,insufficient_validation,B,,api_error,422,HTTP 422,1,207,2654,0,0,
23978568,insufficient_validation__C,insufficient_validation,C,,api_error,422,HTTP 422,1,207,2654,0,0,
23978568,wrong_amount__A,wrong_amount,A,,api_error,422,HTTP 422,1,207,2654,0,0,
23978568,wrong_amount__B,wrong_amount,B,,api_error,422,HTTP 422,1,207,2654,0,0,
23978568,wrong_amount__C,wrong_amount,C,,api_error,422,HTTP 422,1,207,2654,0,0,
23978568,credit_damage_threat__A,credit_damage_threat,A,,api_error,422,HTTP 422,1,207,2654,0,0,
23978568,credit_damage_threat__B,credit_damage_threat,B,,api_error,422,HTTP 422,1,207,2654,0,0,
23978568,credit_damage_threat__C,credit_damage_threat,C,,api_error,422,HTTP 422,1,207,2654,0,0,
23978568,arrest_threat__A,arrest_threat,A,,api_error,422,HTTP 422,1,207,2654,0,0,
23978568,arrest_threat__B,arrest_threat,B,,api_error,422,HTTP 422,1,207,2654,0,0,
23978568,arrest_threat__C,arrest_threat,C,,api_error,422,HTTP 422,1,207,2654,0,0,
23978568,sued_no_notice__A,sued_no_notice,A,,api_error,422,HTTP 422,1,207,2654,0,0,
23978568,sued_no_notice__B,sued_no_notice,B,,api_error,422,HTTP 422,1,207,2654,0,0,
23978568,sued_no_notice__C,sued_no_notice,C,,api_error,422,HTTP 422,1,207,2654,0,0,
23981817,identity_theft__A,identity_theft,A,,api_error,422,HTTP 422,1,203,3349,0,0,
23981817,identity_theft__B,identity_theft,B,,api_error,422,HTTP 422,1,203,3349,0,0,
23981817,identity_theft__C,identity_theft,C,,api_error,422,HTTP 422,1,203,3349,0,0,
23981817,insufficient_validation__A,insufficient_validation,A,,api_error,422,HTTP 422,1,203,3349,0,0,
23981817,insufficient_validation__B,insufficient_validation,B,,api_error,422,HTTP 422,1,203,3349,0,0,
23981817,insufficient_validation__C,insufficient_validation,C,,api_error,422,HTTP 422,1,203,3349,0,0,
23981817,wrong_amount__A,wrong_amount,A,,api_error,422,HTTP 422,1,203,3349,0,0,
23981817,wrong_amount__B,wrong_amount,B,,api_error,422,HTTP 422,1,203,3349,0,0,
23981817,wrong_amount__C,wrong_amount,C,,api_error,422,HTTP 422,1,203,3349,0,0,
23981817,credit_damage_threat__A,credit_damage_threat,A,,api_error,422,HTTP 422,1,203,3349,0,0,
23981817,credit_damage_threat__B,credit_damage_threat,B,,api_error,422,HTTP 422,1,203,3349,0,0,
23981817,credit_damage_threat__C,credit_damage_threat,C,,api_error,422,HTTP 422,1,203,3349,0,0,
23981817,arrest_threat__A,arrest_threat,A,,api_error,422,HTTP 422,1,203,3349,0,0,
23981817,arrest_threat__B,arrest_threat,B,,api_error,422,HTTP 422,1,203,3349,0,0,
23981817,arrest_threat__C,arrest_threat,C,,api_error,422,HTTP 422,1,203,3349,0,0,
23981817,sued_no_notice__A,sued_no_notice,A,,api_error,422,HTTP 422,1,203,3349,0,0,
23981817,sued_no_notice__B,sued_no_notice,B,,api_error,422,HTTP 422,1,203,3349,0,0,
23981817,sued_no_notice__C,sued_no_notice,C,,api_error,422,HTTP 422,1,203,3349,0,0,
23982105,identity_theft__A,identity_theft,A,,api_error,422,HTTP 422,1,203,5311,0,0,
23982105,identity_theft__B,identity_theft,B,,api_error,422,HTTP 422,1,203,5311,0,0,
23982105,identity_theft__C,identity_theft,C,,api_error,422,HTTP 422,1,203,5311,0,0,
23982105,insufficient_validation__A,insufficient_validation,A,,api_error,422,HTTP 422,1,203,5311,0,0,
23982105,insufficient_validation__B,insufficient_validation,B,,api_error,422,HTTP 422,1,203,5311,0,0,
23982105,insufficient_validation__C,insufficient_validation,C,,api_error,422,HTTP 422,1,203,5311,0,0,
23982105,wrong_amount__A,wrong_amount,A,,api_error,422,HTTP 422,1,203,5311,0,0,
23982105,wrong_amount__B,wrong_amount,B,,api_error,422,HTTP 422,1,203,5311,0,0,
23982105,wrong_amount__C,wrong_amount,C,,api_error,422,HTTP 422,1,203,5311,0,0,
23982105,credit_damage_threat__A,credit_damage_threat,A,,api_error,422,HTTP 422,1,203,5311,0,0,
23982105,credit_damage_threat__B,credit_damage_threat,B,,api_error,422,HTTP 422,1,203,5311,0,0,
23982105,credit_damage_threat__C,credit_damage_threat,C,,api_error,422,HTTP 422,1,203,5311,0,0,
23982105,arrest_threat__A,arrest_threat,A,,api_error,422,HTTP 422,1,203,5311,0,0,
23982105,arrest_threat__B,arrest_threat,B,,api_error,422,HTTP 422,1,203,5311,0,0,
23982105,arrest_threat__C,arrest_threat,C,,api_error,422,HTTP 422,1,203,5311,0,0,
23982105,sued_no_notice__A,sued_no_notice,A,,api_error,422,HTTP 422,1,203,5311,0,0,
23982105,sued_no_notice__B,sued_no_notice,B,,api_error,422,HTTP 422,1,203,5311,0,0,
23982105,sued_no_notice__C,sued_no_notice,C,,api_error,422,HTTP 422,1,203,5311,0,0,
23994280,identity_theft__A,identity_theft,A,,api_error,422,HTTP 422,1,203,7799,0,0,
23994280,identity_theft__B,identity_theft,B,,api_error,422,HTTP 422,1,203,7799,0,0,
23994280,identity_theft__C,identity_theft,C,,api_error,422,HTTP 422,1,203,7799,0,0,
23994280,insufficient_validation__A,insufficient_validation,A,,api_error,422,HTTP 422,1,203,7799,0,0,
23994280,insufficient_validation__B,insufficient_validation,B,,api_error,422,HTTP 422,1,203,7799,0,0,
23994280,insufficient_validation__C,insufficient_validation,C,,api_error,422,HTTP 422,1,203,7799,0,0,
23994280,wrong_amount__A,wrong_amount,A,,api_error,422,HTTP 422,1,203,7799,0,0,
23994280,wrong_amount__B,wrong_amount,B,,api_error,422,HTTP 422,1,203,7799,0,0,
23994280,wrong_amount__C,wrong_amount,C,,api_error,422,HTTP 422,1,203,7799,0,0,
23994280,credit_damage_threat__A,credit_damage_threat,A,,api_error,422,HTTP 422,1,203,7799,0,0,
23994280,credit_damage_threat__B,credit_damage_threat,B,,api_error,422,HTTP 422,1,203,7799,0,0,
23994280,credit_damage_threat__C,credit_damage_threat,C,,api_error,422,HTTP 422,1,203,7799,0,0,
23994280,arrest_threat__A,arrest_threat,A,,api_error,422,HTTP 422,1,203,7799,0,0,
23994280,arrest_threat__B,arrest_threat,B,,api_error,422,HTTP 422,1,203,7799,0,0,
23994280,arrest_threat__C,arrest_threat,C,,api_error,422,HTTP 422,1,203,7799,0,0,
23994280,sued_no_notice__A,sued_no_notice,A,,api_error,422,HTTP 422,1,203,7799,0,0,
23994280,sued_no_notice__B,sued_no_notice,B,,api_error,422,HTTP 422,1,203,7799,0,0,
23994280,sued_no_notice__C,sued_no_notice,C,,api_error,422,HTTP 422,1,203,7799,0,0,
23997770,identity_theft__A,identity_theft,A,,api_error,422,HTTP 422,1,202,1014,0,0,
23997770,identity_theft__B,identity_theft,B,,api_error,422,HTTP 422,1,202,1014,0,0,
23997770,identity_theft__C,identity_theft,C,,api_error,422,HTTP 422,1,202,1014,0,0,
23997770,insufficient_validation__A,insufficient_validation,A,,api_error,422,HTTP 422,1,202,1014,0,0,
23997770,insufficient_validation__B,insufficient_validation,B,,api_error,422,HTTP 422,1,202,1014,0,0,
23997770,insufficient_validation__C,insufficient_validation,C,,api_error,422,HTTP 422,1,202,1014,0,0,
23997770,wrong_amount__A,wrong_amount,A,,api_error,422,HTTP 422,1,202,1014,0,0,
23997770,wrong_amount__B,wrong_amount,B,,api_error,422,HTTP 422,1,202,1014,0,0,
23997770,wrong_amount__C,wrong_amount,C,,api_error,422,HTTP 422,1,202,1014,0,0,
23997770,credit_damage_threat__A,credit_damage_threat,A,,api_error,422,HTTP 422,1,202,1014,0,0,
23997770,credit_damage_threat__B,credit_damage_threat,B,,api_error,422,HTTP 422,1,202,1014,0,0,
23997770,credit_damage_threat__C,credit_damage_threat,C,,api_error,422,HTTP 422,1,202,1014,0,0,
23997770,arrest_threat__A,arrest_threat,A,,api_error,422,HTTP 422,1,202,1014,0,0,
23997770,arrest_threat__B,arrest_threat,B,,api_error,422,HTTP 422,1,202,1014,0,0,
23997770,arrest_threat__C,arrest_threat,C,,api_error,422,HTTP 422,1,202,1014,0,0,
23997770,sued_no_notice__A,sued_no_notice,A,,api_error,422,HTTP 422,1,202,1014,0,0,
23997770,sued_no_notice__B,sued_no_notice,B,,api_error,422,HTTP 422,1,202,1014,0,0,
23997770,sued_no_notice__C,sued_no_notice,C,,api_error,422,HTTP 422,1,202,1014,0,0,
24023145,identity_theft__A,identity_theft,A,,api_error,422,HTTP 422,1,206,0423,0,0,
24023145,identity_theft__B,identity_theft,B,,api_error,422,HTTP 422,1,206,0423,0,0,
24023145,identity_theft__C,identity_theft,C,,api_error,422,HTTP 422,1,206,0423,0,0,
24023145,insufficient_validation__A,insufficient_validation,A,,api_error,422,HTTP 422,1,206,0423,0,0,
24023145,insufficient_validation__B,insufficient_validation,B,,api_error,422,HTTP 422,1,206,0423,0,0,
24023145,insufficient_validation__C,insufficient_validation,C,,api_error,422,HTTP 422,1,206,0423,0,0,
24023145,wrong_amount__A,wrong_amount,A,,api_error,422,HTTP 422,1,206,0423,0,0,
24023145,wrong_amount__B,wrong_amount,B,,api_error,422,HTTP 422,1,206,0423,0,0,
24023145,wrong_amount__C,wrong_amount,C,,api_error,422,HTTP 422,1,206,0423,0,0,
24023145,credit_damage_threat__A,credit_damage_threat,A,,api_error,422,HTTP 422,1,206,0423,0,0,
24023145,credit_damage_threat__B,credit_damage_threat,B,,api_error,422,HTTP 422,1,206,0423,0,0,
24023145,credit_damage_threat__C,credit_damage_threat,C,,api_error,422,HTTP 422,1,206,0423,0,0,
24023145,arrest_threat__A,arrest_threat,A,,api_error,422,HTTP 422,1,206,0423,0,0,
24023145,arrest_threat__B,arrest_threat,B,,api_error,422,HTTP 422,1,206,0423,0,0,
24023145,arrest_threat__C,arrest_threat,C,,api_error,422,HTTP 422,1,206,0423,0,0,
24023145,sued_no_notice__A,sued_no_notice,A,,api_error,422,HTTP 422,1,206,0423,0,0,
24023145,sued_no_notice__B,sued_no_notice,B,,api_error,422,HTTP 422,1,206,0423,0,0,
24023145,sued_no_notice__C,sued_no_notice,C,,api_error,422,HTTP 422,1,206,0423,0,0,
24029514,identity_theft__A,identity_theft,A,,api_error,422,HTTP 422,1,201,9769,0,0,
24029514,identity_theft__B,identity_theft,B,,api_error,422,HTTP 422,1,201,9769,0,0,
24029514,identity_theft__C,identity_theft,C,,api_error,422,HTTP 422,1,201,9769,0,0,
24029514,insufficient_validation__A,insufficient_validation,A,,api_error,422,HTTP 422,1,201,9769,0,0,
24029514,insufficient_validation__B,insufficient_validation,B,,api_error,422,HTTP 422,1,201,9769,0,0,
24029514,insufficient_validation__C,insufficient_validation,C,,api_error,422,HTTP 422,1,201,9769,0,0,
24029514,wrong_amount__A,wrong_amount,A,,api_error,422,HTTP 422,1,201,9769,0,0,
24029514,wrong_amount__B,wrong_amount,B,,api_error,422,HTTP 422,1,201,9769,0,0,
24029514,wrong_amount__C,wrong_amount,C,,api_error,422,HTTP 422,1,201,9769,0,0,
24029514,credit_damage_threat__A,credit_damage_threat,A,,api_error,422,HTTP 422,1,201,9769,0,0,
24029514,credit_damage_threat__B,credit_damage_threat,B,,api_error,422,HTTP 422,1,201,9769,0,0,
24029514,credit_damage_threat__C,credit_damage_threat,C,,api_error,422,HTTP 422,1,201,9769,0,0,
24029514,arrest_threat__A,arrest_threat,A,,api_error,422,HTTP 422,1,201,9769,0,0,
24029514,arrest_threat__B,arrest_threat,B,,api_error,422,HTTP 422,1,201,9769,0,0,
24029514,arrest_threat__C,arrest_threat,C,,api_error,422,HTTP 422,1,201,9769,0,0,
24029514,sued_no_notice__A,sued_no_notice,A,,api_error,422,HTTP 422,1,201,9769,0,0,
24029514,sued_no_notice__B,sued_no_notice,B,,api_error,422,HTTP 422,1,201,9769,0,0,
24029514,sued_no_notice__C,sued_no_notice,C,,api_error,422,HTTP 422,1,201,9769,0,0,
24101262,identity_theft__A,identity_theft,A,,api_error,422,HTTP 422,1,201,2201,0,0,
24101262,identity_theft__B,identity_theft,B,,api_error,422,HTTP 422,1,201,2201,0,0,
24101262,identity_theft__C,identity_theft,C,,api_error,422,HTTP 422,1,201,2201,0,0,
24101262,insufficient_validation__A,insufficient_validation,A,,api_error,422,HTTP 422,1,201,2201,0,0,
24101262,insufficient_validation__B,insufficient_validation,B,,api_error,422,HTTP 422,1,201,2201,0,0,
24101262,insufficient_validation__C,insufficient_validation,C,,api_error,422,HTTP 422,1,201,2201,0,0,
24101262,wrong_amount__A,wrong_amount,A,,api_error,422,HTTP 422,1,201,2201,0,0,
24101262,wrong_amount__B,wrong_amount,B,,api_error,422,HTTP 422,1,201,2201,0,0,
24101262,wrong_amount__C,wrong_amount,C,,api_error,422,HTTP 422,1,201,2201,0,0,
24101262,credit_damage_threat__A,credit_damage_threat,A,,api_error,422,HTTP 422,1,201,2201,0,0,
24101262,credit_damage_threat__B,credit_damage_threat,B,,api_error,422,HTTP 422,1,201,2201,0,0,
24101262,credit_damage_threat__C,credit_damage_threat,C,,api_error,422,HTTP 422,1,201,2201,0,0,
24101262,arrest_threat__A,arrest_threat,A,,api_error,422,HTTP 422,1,201,2201,0,0,
24101262,arrest_threat__B,arrest_threat,B,,api_error,422,HTTP 422,1,201,2201,0,0,
24101262,arrest_threat__C,arrest_threat,C,,api_error,422,HTTP 422,1,201,2201,0,0,
24101262,sued_no_notice__A,sued_no_notice,A,,api_error,422,HTTP 422,1,201,2201,0,0,
24101262,sued_no_notice__B,sued_no_notice,B,,api_error,422,HTTP 422,1,201,2201,0,0,
24101262,sued_no_notice__C,sued_no_notice,C,,api_error,422,HTTP 422,1,201,2201,0,0,
24116142,identity_theft__A,identity_theft,A,,api_error,422,HTTP 422,1,211,5191,0,0,
24116142,identity_theft__B,identity_theft,B,,api_error,422,HTTP 422,1,211,5191,0,0,
24116142,identity_theft__C,identity_theft,C,,api_error,422,HTTP 422,1,211,5191,0,0,
24116142,insufficient_validation__A,insufficient_validation,A,,api_error,422,HTTP 422,1,211,5191,0,0,
24116142,insufficient_validation__B,insufficient_validation,B,,api_error,422,HTTP 422,1,211,5191,0,0,
24116142,insufficient_validation__C,insufficient_validation,C,,api_error,422,HTTP 422,1,211,5191,0,0,
24116142,wrong_amount__A,wrong_amount,A,,api_error,422,HTTP 422,1,211,5191,0,0,
24116142,wrong_amount__B,wrong_amount,B,,api_error,422,HTTP 422,1,211,5191,0,0,
24116142,wrong_amount__C,wrong_amount,C,,api_error,422,HTTP 422,1,211,5191,0,0,
24116142,credit_damage_threat__A,credit_damage_threat,A,,api_error,422,HTTP 422,1,211,5191,0,0,
24116142,credit_damage_threat__B,credit_damage_threat,B,,api_error,422,HTTP 422,1,211,5191,0,0,
24116142,credit_damage_threat__C,credit_damage_threat,C,,api_error,422,HTTP 422,1,211,5191,0,0,
24116142,arrest_threat__A,arrest_threat,A,,api_error,422,HTTP 422,1,211,5191,0,0,
24116142,arrest_threat__B,arrest_threat,B,,api_error,422,HTTP 422,1,211,5191,0,0,
24116142,arrest_threat__C,arrest_threat,C,,api_error,422,HTTP 422,1,211,5191,0,0,
24116142,sued_no_notice__A,sued_no_notice,A,,api_error,422,HTTP 422,1,211,5191,0,0,
24116142,sued_no_notice__B,sued_no_notice,B,,api_error,422,HTTP 422,1,211,5191,0,0,
24116142,sued_no_notice__C,sued_no_notice,C,,api_error,422,HTTP 422,1,211,5191,0,0,
24120907,identity_theft__A,identity_theft,A,,api_error,422,HTTP 422,1,205,6365,0,0,
24120907,identity_theft__B,identity_theft,B,,api_error,422,HTTP 422,1,205,6365,0,0,
24120907,identity_theft__C,identity_theft,C,,api_error,422,HTTP 422,1,205,6365,0,0,
24120907,insufficient_validation__A,insufficient_validation,A,,api_error,422,HTTP 422,1,205,6365,0,0,
24120907,insufficient_validation__B,insufficient_validation,B,,api_error,422,HTTP 422,1,205,6365,0,0,
24120907,insufficient_validation__C,insufficient_validation,C,,api_error,422,HTTP 422,1,205,6365,0,0,
24120907,wrong_amount__A,wrong_amount,A,,api_error,422,HTTP 422,1,205,6365,0,0,
24120907,wrong_amount__B,wrong_amount,B,,api_error,422,HTTP 422,1,205,6365,0,0,
24120907,wrong_amount__C,wrong_amount,C,,api_error,422,HTTP 422,1,205,6365,0,0,
24120907,credit_damage_threat__A,credit_damage_threat,A,,api_error,422,HTTP 422,1,205,6365,0,0,
24120907,credit_damage_threat__B,credit_damage_threat,B,,api_error,422,HTTP 422,1,205,6365,0,0,
24120907,credit_damage_threat__C,credit_damage_threat,C,,api_error,422,HTTP 422,1,205,6365,0,0,
24120907,arrest_threat__A,arrest_threat,A,,api_error,422,HTTP 422,1,205,6365,0,0,
24120907,arrest_threat__B,arrest_threat,B,,api_error,422,HTTP 422,1,205,6365,0,0,
24120907,arrest_threat__C,arrest_threat,C,,api_error,422,HTTP 422,1,205,6365,0,0,
24120907,sued_no_notice__A,sued_no_notice,A,,api_error,422,HTTP 422,1,205,6365,0,0,
24120907,sued_no_notice__B,sued_no_notice,B,,api_error,422,HTTP 422,1,205,6365,0,0,
24120907,sued_no_notice__C,sued_no_notice,C,,api_error,422,HTTP 422,1,205,6365,0,0,
24122007,identity_theft__A,identity_theft,A,,api_error,422,HTTP 422,1,200,0824,0,0,
24122007,identity_theft__B,identity_theft,B,,api_error,422,HTTP 422,1,200,0824,0,0,
24122007,identity_theft__C,identity_theft,C,,api_error,422,HTTP 422,1,200,0824,0,0,
24122007,insufficient_validation__A,insufficient_validation,A,,api_error,422,HTTP 422,1,200,0824,0,0,
24122007,insufficient_validation__B,insufficient_validation,B,,api_error,422,HTTP 422,1,200,0824,0,0,
24122007,insufficient_validation__C,insufficient_validation,C,,api_error,422,HTTP 422,1,200,0824,0,0,
24122007,wrong_amount__A,wrong_amount,A,,api_error,422,HTTP 422,1,200,0824,0,0,
24122007,wrong_amount__B,wrong_amount,B,,api_error,422,HTTP 422,1,200,0824,0,0,
24122007,wrong_amount__C,wrong_amount,C,,api_error,422,HTTP 422,1,200,0824,0,0,
24122007,credit_damage_threat__A,credit_damage_threat,A,,api_error,422,HTTP 422,1,200,0824,0,0,
24122007,credit_damage_threat__B,credit_damage_threat,B,,api_error,422,HTTP 422,1,200,0824,0,0,
24122007,credit_damage_threat__C,credit_damage_threat,C,,api_error,422,HTTP 422,1,200,0824,0,0,
24122007,arrest_threat__A,arrest_threat,A,,api_error,422,HTTP 422,1,200,0824,0,0,
24122007,arrest_threat__B,arrest_threat,B,,api_error,422,HTTP 422,1,200,0824,0,0,
24122007,arrest_threat__C,arrest_threat,C,,api_error,422,HTTP 422,1,200,0824,0,0,
24122007,sued_no_notice__A,sued_no_notice,A,,api_error,422,HTTP 422,1,200,0824,0,0,
24122007,sued_no_notice__B,sued_no_notice,B,,api_error,422,HTTP 422,1,200,0824,0,0,
24122007,sued_no_notice__C,sued_no_notice,C,,api_error,422,HTTP 422,1,200,0824,0,0,
24146762,identity_theft__A,identity_theft,A,,api_error,422,HTTP 422,1,228,3244,0,0,
24146762,identity_theft__B,identity_theft,B,,api_error,422,HTTP 422,1,228,3244,0,0,
24146762,identity_theft__C,identity_theft,C,,api_error,422,HTTP 422,1,228,3244,0,0,
24146762,insufficient_validation__A,insufficient_validation,A,,api_error,422,HTTP 422,1,228,3244,0,0,
24146762,insufficient_validation__B,insufficient_validation,B,,api_error,422,HTTP 422,1,228,3244,0,0,
24146762,insufficient_validation__C,insufficient_validation,C,,api_error,422,HTTP 422,1,228,3244,0,0,
24146762,wrong_amount__A,wrong_amount,A,,api_error,422,HTTP 422,1,228,3244,0,0,
24146762,wrong_amount__B,wrong_amount,B,,api_error,422,HTTP 422,1,228,3244,0,0,
24146762,wrong_amount__C,wrong_amount,C,,api_error,422,HTTP 422,1,228,3244,0,0,
24146762,credit_damage_threat__A,credit_damage_threat,A,,api_error,422,HTTP 422,1,228,3244,0,0,
24146762,credit_damage_threat__B,credit_damage_threat,B,,api_error,422,HTTP 422,1,228,3244,0,0,
24146762,credit_damage_threat__C,credit_damage_threat,C,,api_error,422,HTTP 422,1,228,3244,0,0,
24146762,arrest_threat__A,arrest_threat,A,,api_error,422,HTTP 422,1,228,3244,0,0,
24146762,arrest_threat__B,arrest_threat,B,,api_error,422,HTTP 422,1,228,3244,0,0,
24146762,arrest_threat__C,arrest_threat,C,,api_error,422,HTTP 422,1,228,3244,0,0,
24146762,sued_no_notice__A,sued_no_notice,A,,api_error,422,HTTP 422,1,228,3244,0,0,
24146762,sued_no_notice__B,sued_no_notice,B,,api_error,422,HTTP 422,1,228,3244,0,0,
24146762,sued_no_notice__C,sued_no_notice,C,,api_error,422,HTTP 422,1,228,3244,0,0,
24146843,identity_theft__A,identity_theft,A,,api_error,422,HTTP 422,1,229,897,0,0,
24146843,identity_theft__B,identity_theft,B,,api_error,422,HTTP 422,1,229,897,0,0,
24146843,identity_theft__C,identity_theft,C,,api_error,422,HTTP 422,1,229,897,0,0,
24146843,insufficient_validation__A,insufficient_validation,A,,api_error,422,HTTP 422,1,229,897,0,0,
24146843,insufficient_validation__B,insufficient_validation,B,,api_error,422,HTTP 422,1,229,897,0,0,
24146843,insufficient_validation__C,insufficient_validation,C,,api_error,422,HTTP 422,1,229,897,0,0,
24146843,wrong_amount__A,wrong_amount,A,,api_error,422,HTTP 422,1,229,897,0,0,
24146843,wrong_amount__B,wrong_amount,B,,api_error,422,HTTP 422,1,229,897,0,0,
24146843,wrong_amount__C,wrong_amount,C,,api_error,422,HTTP 422,1,229,897,0,0,
24146843,credit_damage_threat__A,credit_damage_threat,A,,api_error,422,HTTP 422,1,229,897,0,0,
24146843,credit_damage_threat__B,credit_damage_threat,B,,api_error,422,HTTP 422,1,229,897,0,0,
24146843,credit_damage_threat__C,credit_damage_threat,C,,api_error,422,HTTP 422,1,229,897,0,0,
24146843,arrest_threat__A,arrest_threat,A,,api_error,422,HTTP 422,1,229,897,0,0,
24146843,arrest_threat__B,arrest_threat,B,,api_error,422,HTTP 422,1,229,897,0,0,
24146843,arrest_threat__C,arrest_threat,C,,api_error,422,HTTP 422,1,229,897,0,0,
24146843,sued_no_notice__A,sued_no_notice,A,,api_error,422,HTTP 422,1,229,897,0,0,
24146843,sued_no_notice__B,sued_no_notice,B,,api_error,422,HTTP 422,1,229,897,0,0,
24146843,sued_no_notice__C,sued_no_notice,C,,api_error,422,HTTP 422,1,229,897,0,0,
24147232,identity_theft__A,identity_theft,A,,api_error,422,HTTP 422,1,214,5545,0,0,
24147232,identity_theft__B,identity_theft,B,,api_error,422,HTTP 422,1,214,5545,0,0,
24147232,identity_theft__C,identity_theft,C,,api_error,422,HTTP 422,1,214,5545,0,0,
24147232,insufficient_validation__A,insufficient_validation,A,,api_error,422,HTTP 422,1,214,5545,0,0,
24147232,insufficient_validation__B,insufficient_validation,B,,api_error,422,HTTP 422,1,214,5545,0,0,
24147232,insufficient_validation__C,insufficient_validation,C,,api_error,422,HTTP 422,1,214,5545,0,0,
24147232,wrong_amount__A,wrong_amount,A,,api_error,422,HTTP 422,1,214,5545,0,0,
24147232,wrong_amount__B,wrong_amount,B,,api_error,422,HTTP 422,1,214,5545,0,0,
24147232,wrong_amount__C,wrong_amount,C,,api_error,422,HTTP 422,1,214,5545,0,0,
24147232,credit_damage_threat__A,credit_damage_threat,A,,api_error,422,HTTP 422,1,214,5545,0,0,
24147232,credit_damage_threat__B,credit_damage_threat,B,,api_error,422,HTTP 422,1,214,5545,0,0,
24147232,credit_damage_threat__C,credit_damage_threat,C,,api_error,422,HTTP 422,1,214,5545,0,0,
24147232,arrest_threat__A,arrest_threat,A,,api_error,422,HTTP 422,1,214,5545,0,0,
24147232,arrest_threat__B,arrest_threat,B,,api_error,422,HTTP 422,1,214,5545,0,0,
24147232,arrest_threat__C,arrest_threat,C,,api_error,422,HTTP 422,1,214,5545,0,0,
24147232,sued_no_notice__A,sued_no_notice,A,,api_error,422,HTTP 422,1,214,5545,0,0,
24147232,sued_no_notice__B,sued_no_notice,B,,api_error,422,HTTP 422,1,214,5545,0,0,
24147232,sued_no_notice__C,sued_no_notice,C,,api_error,422,HTTP 422,1,214,5545,0,0,
24149347,identity_theft__A,identity_theft,A,,api_error,422,HTTP 422,1,222,0835,0,0,
24149347,identity_theft__B,identity_theft,B,,api_error,422,HTTP 422,1,222,0835,0,0,
24149347,identity_theft__C,identity_theft,C,,api_error,422,HTTP 422,1,222,0835,0,0,
24149347,insufficient_validation__A,insufficient_validation,A,,api_error,422,HTTP 422,1,222,0835,0,0,
24149347,insufficient_validation__B,insufficient_validation,B,,api_error,422,HTTP 422,1,222,0835,0,0,
24149347,insufficient_validation__C,insufficient_validation,C,,api_error,422,HTTP 422,1,222,0835,0,0,
24149347,wrong_amount__A,wrong_amount,A,,api_error,422,HTTP 422,1,222,0835,0,0,
24149347,wrong_amount__B,wrong_amount,B,,api_error,422,HTTP 422,1,222,0835,0,0,
24149347,wrong_amount__C,wrong_amount,C,,api_error,422,HTTP 422,1,222,0835,0,0,
24149347,credit_damage_threat__A,credit_damage_threat,A,,api_error,422,HTTP 422,1,222,0835,0,0,
24149347,credit_damage_threat__B,credit_damage_threat,B,,api_error,422,HTTP 422,1,222,0835,0,0,
24149347,credit_damage_threat__C,credit_damage_threat,C,,api_error,422,HTTP 422,1,222,0835,0,0,
24149347,arrest_threat__A,arrest_threat,A,,api_error,422,HTTP 422,1,222,0835,0,0,
24149347,arrest_threat__B,arrest_threat,B,,api_error,422,HTTP 422,1,222,0835,0,0,
24149347,arrest_threat__C,arrest_threat,C,,api_error,422,HTTP 422,1,222,0835,0,0,
24149347,sued_no_notice__A,sued_no_notice,A,,api_error,422,HTTP 422,1,222,0835,0,0,
24149347,sued_no_notice__B,sued_no_notice,B,,api_error,422,HTTP 422,1,222,0835,0,0,
24149347,sued_no_notice__C,sued_no_notice,C,,api_error,422,HTTP 422,1,222,0835,0,0,
24154895,identity_theft__A,identity_theft,A,,api_error,422,HTTP 422,1,203,5497,0,0,
24154895,identity_theft__B,identity_theft,B,,api_error,422,HTTP 422,1,203,5497,0,0,
24154895,identity_theft__C,identity_theft,C,,api_error,422,HTTP 422,1,203,5497,0,0,
24154895,insufficient_validation__A,insufficient_validation,A,,api_error,422,HTTP 422,1,203,5497,0,0,
24154895,insufficient_validation__B,insufficient_validation,B,,api_error,422,HTTP 422,1,203,5497,0,0,
24154895,insufficient_validation__C,insufficient_validation,C,,api_error,422,HTTP 422,1,203,5497,0,0,
24154895,wrong_amount__A,wrong_amount,A,,api_error,422,HTTP 422,1,203,5497,0,0,
24154895,wrong_amount__B,wrong_amount,B,,api_error,422,HTTP 422,1,203,5497,0,0,
24154895,wrong_amount__C,wrong_amount,C,,api_error,422,HTTP 422,1,203,5497,0,0,
24154895,credit_damage_threat__A,credit_damage_threat,A,,api_error,422,HTTP 422,1,203,5497,0,0,
24154895,credit_damage_threat__B,credit_damage_threat,B,,api_error,422,HTTP 422,1,203,5497,0,0,
24154895,credit_damage_threat__C,credit_damage_threat,C,,api_error,422,HTTP 422,1,203,5497,0,0,
24154895,arrest_threat__A,arrest_threat,A,,api_error,422,HTTP 422,1,203,5497,0,0,
24154895,arrest_threat__B,arrest_threat,B,,api_error,422,HTTP 422,1,203,5497,0,0,
24154895,arrest_threat__C,arrest_threat,C,,api_error,422,HTTP 422,1,203,5497,0,0,
24154895,sued_no_notice__A,sued_no_notice,A,,api_error,422,HTTP 422,1,203,5497,0,0,
24154895,sued_no_notice__B,sued_no_notice,B,,api_error,422,HTTP 422,1,203,5497,0,0,
24154895,sued_no_notice__C,sued_no_notice,C,,api_error,422,HTTP 422,1,203,5497,0,0,
24157666,identity_theft__A,identity_theft,A,,api_error,422,HTTP 422,1,204,9044,0,0,
24157666,identity_theft__B,identity_theft,B,,api_error,422,HTTP 422,1,204,9044,0,0,
24157666,identity_theft__C,identity_theft,C,,api_error,422,HTTP 422,1,204,9044,0,0,
24157666,insufficient_validation__A,insufficient_validation,A,,api_error,422,HTTP 422,1,204,9044,0,0,
24157666,insufficient_validation__B,insufficient_validation,B,,api_error,422,HTTP 422,1,204,9044,0,0,
24157666,insufficient_validation__C,insufficient_validation,C,,api_error,422,HTTP 422,1,204,9044,0,0,
24157666,wrong_amount__A,wrong_amount,A,,api_error,422,HTTP 422,1,204,9044,0,0,
24157666,wrong_amount__B,wrong_amount,B,,api_error,422,HTTP 422,1,204,9044,0,0,
24157666,wrong_amount__C,wrong_amount,C,,api_error,422,HTTP 422,1,204,9044,0,0,
24157666,credit_damage_threat__A,credit_damage_threat,A,,api_error,422,HTTP 422,1,204,9044,0,0,
24157666,credit_damage_threat__B,credit_damage_threat,B,,api_error,422,HTTP 422,1,204,9044,0,0,
24157666,credit_damage_threat__C,credit_damage_threat,C,,api_error,422,HTTP 422,1,204,9044,0,0,
24157666,arrest_threat__A,arrest_threat,A,,api_error,422,HTTP 422,1,204,9044,0,0,
24157666,arrest_threat__B,arrest_threat,B,,api_error,422,HTTP 422,1,204,9044,0,0,
24157666,arrest_threat__C,arrest_threat,C,,api_error,422,HTTP 422,1,204,9044,0,0,
24157666,sued_no_notice__A,sued_no_notice,A,,api_error,422,HTTP 422,1,204,9044,0,0,
24157666,sued_no_notice__B,sued_no_notice,B,,api_error,422,HTTP 422,1,204,9044,0,0,
24157666,sued_no_notice__C,sued_no_notice,C,,api_error,422,HTTP 422,1,204,9044,0,0,
24157762,identity_theft__A,identity_theft,A,,api_error,422,HTTP 422,1,205,0336,0,0,
24157762,identity_theft__B,identity_theft,B,,api_error,422,HTTP 422,1,205,0336,0,0,
24157762,identity_theft__C,identity_theft,C,,api_error,422,HTTP 422,1,205,0336,0,0,
24157762,insufficient_validation__A,insufficient_validation,A,,api_error,422,HTTP 422,1,205,0336,0,0,
24157762,insufficient_validation__B,insufficient_validation,B,,api_error,422,HTTP 422,1,205,0336,0,0,
24157762,insufficient_validation__C,insufficient_validation,C,,api_error,422,HTTP 422,1,205,0336,0,0,
24157762,wrong_amount__A,wrong_amount,A,,api_error,422,HTTP 422,1,205,0336,0,0,
24157762,wrong_amount__B,wrong_amount,B,,api_error,422,HTTP 422,1,205,0336,0,0,
24157762,wrong_amount__C,wrong_amount,C,,api_error,422,HTTP 422,1,205,0336,0,0,
24157762,credit_damage_threat__A,credit_damage_threat,A,,api_error,422,HTTP 422,1,205,0336,0,0,
24157762,credit_damage_threat__B,credit_damage_threat,B,,api_error,422,HTTP 422,1,205,0336,0,0,
24157762,credit_damage_threat__C,credit_damage_threat,C,,api_error,422,HTTP 422,1,205,0336,0,0,
24157762,arrest_threat__A,arrest_threat,A,,api_error,422,HTTP 422,1,205,0336,0,0,
24157762,arrest_threat__B,arrest_threat,B,,api_error,422,HTTP 422,1,205,0336,0,0,
24157762,arrest_threat__C,arrest_threat,C,,api_error,422,HTTP 422,1,205,0336,0,0,
24157762,sued_no_notice__A,sued_no_notice,A,,api_error,422,HTTP 422,1,205,0336,0,0,
24157762,sued_no_notice__B,sued_no_notice,B,,api_error,422,HTTP 422,1,205,0336,0,0,
24157762,sued_no_notice__C,sued_no_notice,C,,api_error,422,HTTP 422,1,205,0336,0,0,
24178505,identity_theft__A,identity_theft,A,,api_error,422,HTTP 422,1,201,6345,0,0,
24178505,identity_theft__B,identity_theft,B,,api_error,422,HTTP 422,1,201,6345,0,0,
24178505,identity_theft__C,identity_theft,C,,api_error,422,HTTP 422,1,201,6345,0,0,
24178505,insufficient_validation__A,insufficient_validation,A,,api_error,422,HTTP 422,1,201,6345,0,0,
24178505,insufficient_validation__B,insufficient_validation,B,,api_error,422,HTTP 422,1,201,6345,0,0,
24178505,insufficient_validation__C,insufficient_validation,C,,api_error,422,HTTP 422,1,201,6345,0,0,
24178505,wrong_amount__A,wrong_amount,A,,api_error,422,HTTP 422,1,201,6345,0,0,
24178505,wrong_amount__B,wrong_amount,B,,api_error,422,HTTP 422,1,201,6345,0,0,
24178505,wrong_amount__C,wrong_amount,C,,api_error,422,HTTP 422,1,201,6345,0,0,
24178505,credit_damage_threat__A,credit_damage_threat,A,,api_error,422,HTTP 422,1,201,6345,0,0,
24178505,credit_damage_threat__B,credit_damage_threat,B,,api_error,422,HTTP 422,1,201,6345,0,0,
24178505,credit_damage_threat__C,credit_damage_threat,C,,api_error,422,HTTP 422,1,201,6345,0,0,
24178505,arrest_threat__A,arrest_threat,A,,api_error,422,HTTP 422,1,201,6345,0,0,
24178505,arrest_threat__B,arrest_threat,B,,api_error,422,HTTP 422,1,201,6345,0,0,
24178505,arrest_threat__C,arrest_threat,C,,api_error,422,HTTP 422,1,201,6345,0,0,
24178505,sued_no_notice__A,sued_no_notice,A,,api_error,422,HTTP 422,1,201,6345,0,0,
24178505,sued_no_notice__B,sued_no_notice,B,,api_error,422,HTTP 422,1,201,6345,0,0,
24178505,sued_no_notice__C,sued_no_notice,C,,api_error,422,HTTP 422,1,201,6345,0,0,
24196342,identity_theft__A,identity_theft,A,,api_error,422,HTTP 422,1,243,1433,0,0,
24196342,identity_theft__B,identity_theft,B,,api_error,422,HTTP 422,1,243,1433,0,0,
24196342,identity_theft__C,identity_theft,C,,api_error,422,HTTP 422,1,243,1433,0,0,
24196342,insufficient_validation__A,insufficient_validation,A,,api_error,422,HTTP 422,1,243,1433,0,0,
24196342,insufficient_validation__B,insufficient_validation,B,,api_error,422,HTTP 422,1,243,1433,0,0,
24196342,insufficient_validation__C,insufficient_validation,C,,api_error,422,HTTP 422,1,243,1433,0,0,
24196342,wrong_amount__A,wrong_amount,A,,api_error,422,HTTP 422,1,243,1433,0,0,
24196342,wrong_amount__B,wrong_amount,B,,api_error,422,HTTP 422,1,243,1433,0,0,
24196342,wrong_amount__C,wrong_amount,C,,api_error,422,HTTP 422,1,243,1433,0,0,
24196342,credit_damage_threat__A,credit_damage_threat,A,,api_error,422,HTTP 422,1,243,1433,0,0,
24196342,credit_damage_threat__B,credit_damage_threat,B,,api_error,422,HTTP 422,1,243,1433,0,0,
24196342,credit_damage_threat__C,credit_damage_threat,C,,api_error,422,HTTP 422,1,243,1433,0,0,
24196342,arrest_threat__A,arrest_threat,A,,api_error,422,HTTP 422,1,243,1433,0,0,
24196342,arrest_threat__B,arrest_threat,B,,api_error,422,HTTP 422,1,243,1433,0,0,
24196342,arrest_threat__C,arrest_threat,C,,api_error,422,HTTP 422,1,243,1433,0,0,
24196342,sued_no_notice__A,sued_no_notice,A,,api_error,422,HTTP 422,1,243,1433,0,0,
24196342,sued_no_notice__B,sued_no_notice,B,,api_error,422,HTTP 422,1,243,1433,0,0,
24196342,sued_no_notice__C,sued_no_notice,C,,api_error,422,HTTP 422,1,243,1433,0,0,
24199424,identity_theft__A,identity_theft,A,,api_error,422,HTTP 422,1,208,2614,0,0,
24199424,identity_theft__B,identity_theft,B,,api_error,422,HTTP 422,1,208,2614,0,0,
24199424,identity_theft__C,identity_theft,C,,api_error,422,HTTP 422,1,208,2614,0,0,
24199424,insufficient_validation__A,insufficient_validation,A,,api_error,422,HTTP 422,1,208,2614,0,0,
24199424,insufficient_validation__B,insufficient_validation,B,,api_error,422,HTTP 422,1,208,2614,0,0,
24199424,insufficient_validation__C,insufficient_validation,C,,api_error,422,HTTP 422,1,208,2614,0,0,
24199424,wrong_amount__A,wrong_amount,A,,api_error,422,HTTP 422,1,208,2614,0,0,
24199424,wrong_amount__B,wrong_amount,B,,api_error,422,HTTP 422,1,208,2614,0,0,
24199424,wrong_amount__C,wrong_amount,C,,api_error,422,HTTP 422,1,208,2614,0,0,
24199424,credit_damage_threat__A,credit_damage_threat,A,,api_error,422,HTTP 422,1,208,2614,0,0,
24199424,credit_damage_threat__B,credit_damage_threat,B,,api_error,422,HTTP 422,1,208,2614,0,0,
24199424,credit_damage_threat__C,credit_damage_threat,C,,api_error,422,HTTP 422,1,208,2614,0,0,
24199424,arrest_threat__A,arrest_threat,A,,api_error,422,HTTP 422,1,208,2614,0,0,
24199424,arrest_threat__B,arrest_threat,B,,api_error,422,HTTP 422,1,208,2614,0,0,
24199424,arrest_threat__C,arrest_threat,C,,api_error,422,HTTP 422,1,208,2614,0,0,
24199424,sued_no_notice__A,sued_no_notice,A,,api_error,422,HTTP 422,1,208,2614,0,0,
24199424,sued_no_notice__B,sued_no_notice,B,,api_error,422,HTTP 422,1,208,2614,0,0,
24199424,sued_no_notice__C,sued_no_notice,C,,api_error,422,HTTP 422,1,208,2614,0,0,
24207269,identity_theft__A,identity_theft,A,,api_error,422,HTTP 422,1,198,9208,0,0,
24207269,identity_theft__B,identity_theft,B,,api_error,422,HTTP 422,1,198,9208,0,0,
24207269,identity_theft__C,identity_theft,C,,api_error,422,HTTP 422,1,198,9208,0,0,
24207269,insufficient_validation__A,insufficient_validation,A,,api_error,422,HTTP 422,1,198,9208,0,0,
24207269,insufficient_validation__B,insufficient_validation,B,,api_error,422,HTTP 422,1,198,9208,0,0,
24207269,insufficient_validation__C,insufficient_validation,C,,api_error,422,HTTP 422,1,198,9208,0,0,
24207269,wrong_amount__A,wrong_amount,A,,api_error,422,HTTP 422,1,198,9208,0,0,
24207269,wrong_amount__B,wrong_amount,B,,api_error,422,HTTP 422,1,198,9208,0,0,
24207269,wrong_amount__C,wrong_amount,C,,api_error,422,HTTP 422,1,198,9208,0,0,
24207269,credit_damage_threat__A,credit_damage_threat,A,,api_error,422,HTTP 422,1,198,9208,0,0,
24207269,credit_damage_threat__B,credit_damage_threat,B,,api_error,422,HTTP 422,1,198,9208,0,0,
24207269,credit_damage_threat__C,credit_damage_threat,C,,api_error,422,HTTP 422,1,198,9208,0,0,
24207269,arrest_threat__A,arrest_threat,A,,api_error,422,HTTP 422,1,198,9208,0,0,
24207269,arrest_threat__B,arrest_threat,B,,api_error,422,HTTP 422,1,198,9208,0,0,
24207269,arrest_threat__C,arrest_threat,C,,api_error,422,HTTP 422,1,198,9208,0,0,
24207269,sued_no_notice__A,sued_no_notice,A,,api_error,422,HTTP 422,1,198,9208,0,0,
24207269,sued_no_notice__B,sued_no_notice,B,,api_error,422,HTTP 422,1,198,9208,0,0,
24207269,sued_no_notice__C,sued_no_notice,C,,api_error,422,HTTP 422,1,198,9208,0,0,
24207294,identity_theft__A,identity_theft,A,,api_error,422,HTTP 422,1,205,7375,0,0,
24207294,identity_theft__B,identity_theft,B,,api_error,422,HTTP 422,1,205,7375,0,0,
24207294,identity_theft__C,identity_theft,C,,api_error,422,HTTP 422,1,205,7375,0,0,
24207294,insufficient_validation__A,insufficient_validation,A,,api_error,422,HTTP 422,1,205,7375,0,0,
24207294,insufficient_validation__B,insufficient_validation,B,,api_error,422,HTTP 422,1,205,7375,0,0,
24207294,insufficient_validation__C,insufficient_validation,C,,api_error,422,HTTP 422,1,205,7375,0,0,
24207294,wrong_amount__A,wrong_amount,A,,api_error,422,HTTP 422,1,205,7375,0,0,
24207294,wrong_amount__B,wrong_amount,B,,api_error,422,HTTP 422,1,205,7375,0,0,
24207294,wrong_amount__C,wrong_amount,C,,api_error,422,HTTP 422,1,205,7375,0,0,
24207294,credit_damage_threat__A,credit_damage_threat,A,,api_error,422,HTTP 422,1,205,7375,0,0,
24207294,credit_damage_threat__B,credit_damage_threat,B,,api_error,422,HTTP 422,1,205,7375,0,0,
24207294,credit_damage_threat__C,credit_damage_threat,C,,api_error,422,HTTP 422,1,205,7375,0,0,
24207294,arrest_threat__A,arrest_threat,A,,api_error,422,HTTP 422,1,205,7375,0,0,
24207294,arrest_threat__B,arrest_threat,B,,api_error,422,HTTP 422,1,205,7375,0,0,
24207294,arrest_threat__C,arrest_threat,C,,api_error,422,HTTP 422,1,205,7375,0,0,
24207294,sued_no_notice__A,sued_no_notice,A,,api_error,422,HTTP 422,1,205,7375,0,0,
24207294,sued_no_notice__B,sued_no_notice,B,,api_error,422,HTTP 422,1,205,7375,0,0,
24207294,sued_no_notice__C,sued_no_notice,C,,api_error,422,HTTP 422,1,205,7375,0,0,
24363888,identity_theft__A,identity_theft,A,,api_error,422,HTTP 422,1,210,3528,0,0,
24363888,identity_theft__B,identity_theft,B,,api_error,422,HTTP 422,1,210,3528,0,0,
24363888,identity_theft__C,identity_theft,C,,api_error,422,HTTP 422,1,210,3528,0,0,
24363888,insufficient_validation__A,insufficient_validation,A,,api_error,422,HTTP 422,1,210,3528,0,0,
24363888,insufficient_validation__B,insufficient_validation,B,,api_error,422,HTTP 422,1,210,3528,0,0,
24363888,insufficient_validation__C,insufficient_validation,C,,api_error,422,HTTP 422,1,210,3528,0,0,
24363888,wrong_amount__A,wrong_amount,A,,api_error,422,HTTP 422,1,210,3528,0,0,
24363888,wrong_amount__B,wrong_amount,B,,api_error,422,HTTP 422,1,210,3528,0,0,
24363888,wrong_amount__C,wrong_amount,C,,api_error,422,HTTP 422,1,210,3528,0,0,
24363888,credit_damage_threat__A,credit_damage_threat,A,,api_error,422,HTTP 422,1,210,3528,0,0,
24363888,credit_damage_threat__B,credit_damage_threat,B,,api_error,422,HTTP 422,1,210,3528,0,0,
24363888,credit_damage_threat__C,credit_damage_threat,C,,api_error,422,HTTP 422,1,210,3528,0,0,
24363888,arrest_threat__A,arrest_threat,A,,api_error,422,HTTP 422,1,210,3528,0,0,
24363888,arrest_threat__B,arrest_threat,B,,api_error,422,HTTP 422,1,210,3528,0,0,
24363888,arrest_threat__C,arrest_threat,C,,api_error,422,HTTP 422,1,210,3528,0,0,
24363888,sued_no_notice__A,sued_no_notice,A,,api_error,422,HTTP 422,1,210,3528,0,0,
24363888,sued_no_notice__B,sued_no_notice,B,,api_error,422,HTTP 422,1,210,3528,0,0,
24363888,sued_no_notice__C,sued_no_notice,C,,api_error,422,HTTP 422,1,210,3528,0,0,
24402391,identity_theft__A,identity_theft,A,,api_error,422,HTTP 422,1,199,3861,0,0,
24402391,identity_theft__B,identity_theft,B,,api_error,422,HTTP 422,1,199,3861,0,0,
24402391,identity_theft__C,identity_theft,C,,api_error,422,HTTP 422,1,199,3861,0,0,
24402391,insufficient_validation__A,insufficient_validation,A,,api_error,422,HTTP 422,1,199,3861,0,0,
24402391,insufficient_validation__B,insufficient_validation,B,,api_error,422,HTTP 422,1,199,3861,0,0,
24402391,insufficient_validation__C,insufficient_validation,C,,api_error,422,HTTP 422,1,199,3861,0,0,
24402391,wrong_amount__A,wrong_amount,A,,api_error,422,HTTP 422,1,199,3861,0,0,
24402391,wrong_amount__B,wrong_amount,B,,api_error,422,HTTP 422,1,199,3861,0,0,
24402391,wrong_amount__C,wrong_amount,C,,api_error,422,HTTP 422,1,199,3861,0,0,
24402391,credit_damage_threat__A,credit_damage_threat,A,,api_error,422,HTTP 422,1,199,3861,0,0,
24402391,credit_damage_threat__B,credit_damage_threat,B,,api_error,422,HTTP 422,1,199,3861,0,0,
24402391,credit_damage_threat__C,credit_damage_threat,C,,api_error,422,HTTP 422,1,199,3861,0,0,
24402391,arrest_threat__A,arrest_threat,A,,api_error,422,HTTP 422,1,199,3861,0,0,
24402391,arrest_threat__B,arrest_threat,B,,api_error,422,HTTP 422,1,199,3861,0,0,
24402391,arrest_threat__C,arrest_threat,C,,api_error,422,HTTP 422,1,199,3861,0,0,
24402391,sued_no_notice__A,sued_no_notice,A,,api_error,422,HTTP 422,1,199,3861,0,0,
24402391,sued_no_notice__B,sued_no_notice,B,,api_error,422,HTTP 422,1,199,3861,0,0,
24402391,sued_no_notice__C,sued_no_notice,C,,api_error,422,HTTP 422,1,199,3861,0,0,
24432150,identity_theft__A,identity_theft,A,,api_error,422,HTTP 422,1,200,2288,0,0,
24432150,identity_theft__B,identity_theft,B,,api_error,422,HTTP 422,1,200,2288,0,0,
24432150,identity_theft__C,identity_theft,C,,api_error,422,HTTP 422,1,200,2288,0,0,
24432150,insufficient_validation__A,insufficient_validation,A,,api_error,422,HTTP 422,1,200,2288,0,0,
24432150,insufficient_validation__B,insufficient_validation,B,,api_error,422,HTTP 422,1,200,2288,0,0,
24432150,insufficient_validation__C,insufficient_validation,C,,api_error,422,HTTP 422,1,200,2288,0,0,
24432150,wrong_amount__A,wrong_amount,A,,api_error,422,HTTP 422,1,200,2288,0,0,
24432150,wrong_amount__B,wrong_amount,B,,api_error,422,HTTP 422,1,200,2288,0,0,
24432150,wrong_amount__C,wrong_amount,C,,api_error,422,HTTP 422,1,200,2288,0,0,
24432150,credit_damage_threat__A,credit_damage_threat,A,,api_error,422,HTTP 422,1,200,2288,0,0,
24432150,credit_damage_threat__B,credit_damage_threat,B,,api_error,422,HTTP 422,1,200,2288,0,0,
24432150,credit_damage_threat__C,credit_damage_threat,C,,api_error,422,HTTP 422,1,200,2288,0,0,
24432150,arrest_threat__A,arrest_threat,A,,api_error,422,HTTP 422,1,200,2288,0,0,
24432150,arrest_threat__B,arrest_threat,B,,api_error,422,HTTP 422,1,200,2288,0,0,
24432150,arrest_threat__C,arrest_threat,C,,api_error,422,HTTP 422,1,200,2288,0,0,
24432150,sued_no_notice__A,sued_no_notice,A,,api_error,422,HTTP 422,1,200,2288,0,0,
24432150,sued_no_notice__B,sued_no_notice,B,,api_error,422,HTTP 422,1,200,2288,0,0,
24432150,sued_no_notice__C,sued_no_notice,C,,api_error,422,HTTP 422,1,200,2288,0,0,
24441403,identity_theft__A,identity_theft,A,,api_error,422,HTTP 422,1,235,5707,0,0,
24441403,identity_theft__B,identity_theft,B,,api_error,422,HTTP 422,1,235,5707,0,0,
24441403,identity_theft__C,identity_theft,C,,api_error,422,HTTP 422,1,235,5707,0,0,
24441403,insufficient_validation__A,insufficient_validation,A,,api_error,422,HTTP 422,1,235,5707,0,0,
24441403,insufficient_validation__B,insufficient_validation,B,,api_error,422,HTTP 422,1,235,5707,0,0,
24441403,insufficient_validation__C,insufficient_validation,C,,api_error,422,HTTP 422,1,235,5707,0,0,
24441403,wrong_amount__A,wrong_amount,A,,api_error,422,HTTP 422,1,235,5707,0,0,
24441403,wrong_amount__B,wrong_amount,B,,api_error,422,HTTP 422,1,235,5707,0,0,
24441403,wrong_amount__C,wrong_amount,C,,api_error,422,HTTP 422,1,235,5707,0,0,
24441403,credit_damage_threat__A,credit_damage_threat,A,,api_error,422,HTTP 422,1,235,5707,0,0,
24441403,credit_damage_threat__B,credit_damage_threat,B,,api_error,422,HTTP 422,1,235,5707,0,0,
24441403,credit_damage_threat__C,credit_damage_threat,C,,api_error,422,HTTP 422,1,235,5707,0,0,
24441403,arrest_threat__A,arrest_threat,A,,api_error,422,HTTP 422,1,235,5707,0,0,
24441403,arrest_threat__B,arrest_threat,B,,api_error,422,HTTP 422,1,235,5707,0,0,
24441403,arrest_threat__C,arrest_threat,C,,api_error,422,HTTP 422,1,235,5707,0,0,
24441403,sued_no_notice__A,sued_no_notice,A,,api_error,422,HTTP 422,1,235,5707,0,0,
24441403,sued_no_notice__B,sued_no_notice,B,,api_error,422,HTTP 422,1,235,5707,0,0,
24441403,sued_no_notice__C,sued_no_notice,C,,api_error,422,HTTP 422,1,235,5707,0,0,
24482149,identity_theft__A,identity_theft,A,,api_error,422,HTTP 422,1,218,402,0,0,
24482149,identity_theft__B,identity_theft,B,,api_error,422,HTTP 422,1,218,402,0,0,
24482149,identity_theft__C,identity_theft,C,,api_error,422,HTTP 422,1,218,402,0,0,
24482149,insufficient_validation__A,insufficient_validation,A,,api_error,422,HTTP 422,1,218,402,0,0,
24482149,insufficient_validation__B,insufficient_validation,B,,api_error,422,HTTP 422,1,218,402,0,0,
24482149,insufficient_validation__C,insufficient_validation,C,,api_error,422,HTTP 422,1,218,402,0,0,
24482149,wrong_amount__A,wrong_amount,A,,api_error,422,HTTP 422,1,218,402,0,0,
24482149,wrong_amount__B,wrong_amount,B,,api_error,422,HTTP 422,1,218,402,0,0,
24482149,wrong_amount__C,wrong_amount,C,,api_error,422,HTTP 422,1,218,402,0,0,
24482149,credit_damage_threat__A,credit_damage_threat,A,,api_error,422,HTTP 422,1,218,402,0,0,
24482149,credit_damage_threat__B,credit_damage_threat,B,,api_error,422,HTTP 422,1,218,402,0,0,
24482149,credit_damage_threat__C,credit_damage_threat,C,,api_error,422,HTTP 422,1,218,402,0,0,
24482149,arrest_threat__A,arrest_threat,A,,api_error,422,HTTP 422,1,218,402,0,0,
24482149,arrest_threat__B,arrest_threat,B,,api_error,422,HTTP 422,1,218,402,0,0,
24482149,arrest_threat__C,arrest_threat,C,,api_error,422,HTTP 422,1,218,402,0,0,
24482149,sued_no_notice__A,sued_no_notice,A,,api_error,422,HTTP 422,1,218,402,0,0,
24482149,sued_no_notice__B,sued_no_notice,B,,api_error,422,HTTP 422,1,218,402,0,0,
24482149,sued_no_notice__C,sued_no_notice,C,,api_error,422,HTTP 422,1,218,402,0,0,
24506985,identity_theft__A,identity_theft,A,,api_error,422,HTTP 422,1,200,6698,0,0,
24506985,identity_theft__B,identity_theft,B,,api_error,422,HTTP 422,1,200,6698,0,0,
24506985,identity_theft__C,identity_theft,C,,api_error,422,HTTP 422,1,200,6698,0,0,
24506985,insufficient_validation__A,insufficient_validation,A,,api_error,422,HTTP 422,1,200,6698,0,0,
24506985,insufficient_validation__B,insufficient_validation,B,,api_error,422,HTTP 422,1,200,6698,0,0,
24506985,insufficient_validation__C,insufficient_validation,C,,api_error,422,HTTP 422,1,200,6698,0,0,
24506985,wrong_amount__A,wrong_amount,A,,api_error,422,HTTP 422,1,200,6698,0,0,
24506985,wrong_amount__B,wrong_amount,B,,api_error,422,HTTP 422,1,200,6698,0,0,
24506985,wrong_amount__C,wrong_amount,C,,api_error,422,HTTP 422,1,200,6698,0,0,
24506985,credit_damage_threat__A,credit_damage_threat,A,,api_error,422,HTTP 422,1,200,6698,0,0,
24506985,credit_damage_threat__B,credit_damage_threat,B,,api_error,422,HTTP 422,1,200,6698,0,0,
24506985,credit_damage_threat__C,credit_damage_threat,C,,api_error,422,HTTP 422,1,200,6698,0,0,
24506985,arrest_threat__A,arrest_threat,A,,api_error,422,HTTP 422,1,200,6698,0,0,
24506985,arrest_threat__B,arrest_threat,B,,api_error,422,HTTP 422,1,200,6698,0,0,
24506985,arrest_threat__C,arrest_threat,C,,api_error,422,HTTP 422,1,200,6698,0,0,
24506985,sued_no_notice__A,sued_no_notice,A,,api_error,422,HTTP 422,1,200,6698,0,0,
24506985,sued_no_notice__B,sued_no_notice,B,,api_error,422,HTTP 422,1,200,6698,0,0,
24506985,sued_no_notice__C,sued_no_notice,C,,api_error,422,HTTP 422,1,200,6698,0,0,
24507687,identity_theft__A,identity_theft,A,,api_error,422,HTTP 422,1,200,091,0,0,
24507687,identity_theft__B,identity_theft,B,,api_error,422,HTTP 422,1,200,091,0,0,
24507687,identity_theft__C,identity_theft,C,,api_error,422,HTTP 422,1,200,091,0,0,
24507687,insufficient_validation__A,insufficient_validation,A,,api_error,422,HTTP 422,1,200,091,0,0,
24507687,insufficient_validation__B,insufficient_validation,B,,api_error,422,HTTP 422,1,200,091,0,0,
24507687,insufficient_validation__C,insufficient_validation,C,,api_error,422,HTTP 422,1,200,091,0,0,
24507687,wrong_amount__A,wrong_amount,A,,api_error,422,HTTP 422,1,200,091,0,0,
24507687,wrong_amount__B,wrong_amount,B,,api_error,422,HTTP 422,1,200,091,0,0,
24507687,wrong_amount__C,wrong_amount,C,,api_error,422,HTTP 422,1,200,091,0,0,
24507687,credit_damage_threat__A,credit_damage_threat,A,,api_error,422,HTTP 422,1,200,091,0,0,
24507687,credit_damage_threat__B,credit_damage_threat,B,,api_error,422,HTTP 422,1,200,091,0,0,
24507687,credit_damage_threat__C,credit_damage_threat,C,,api_error,422,HTTP 422,1,200,091,0,0,
24507687,arrest_threat__A,arrest_threat,A,,api_error,422,HTTP 422,1,200,091,0,0,
24507687,arrest_threat__B,arrest_threat,B,,api_error,422,HTTP 422,1,200,091,0,0,
24507687,arrest_threat__C,arrest_threat,C,,api_error,422,HTTP 422,1,200,091,0,0,
24507687,sued_no_notice__A,sued_no_notice,A,,api_error,422,HTTP 422,1,200,091,0,0,
24507687,sued_no_notice__B,sued_no_notice,B,,api_error,422,HTTP 422,1,200,091,0,0,
24507687,sued_no_notice__C,sued_no_notice,C,,api_error,422,HTTP 422,1,200,091,0,0,
24524886,identity_theft__A,identity_theft,A,,api_error,422,HTTP 422,1,203,1682,0,0,
24524886,identity_theft__B,identity_theft,B,,api_error,422,HTTP 422,1,203,1682,0,0,
24524886,identity_theft__C,identity_theft,C,,api_error,422,HTTP 422,1,203,1682,0,0,
24524886,insufficient_validation__A,insufficient_validation,A,,api_error,422,HTTP 422,1,203,1682,0,0,
24524886,insufficient_validation__B,insufficient_validation,B,,api_error,422,HTTP 422,1,203,1682,0,0,
24524886,insufficient_validation__C,insufficient_validation,C,,api_error,422,HTTP 422,1,203,1682,0,0,
24524886,wrong_amount__A,wrong_amount,A,,api_error,422,HTTP 422,1,203,1682,0,0,
24524886,wrong_amount__B,wrong_amount,B,,api_error,422,HTTP 422,1,203,1682,0,0,
24524886,wrong_amount__C,wrong_amount,C,,api_error,422,HTTP 422,1,203,1682,0,0,
24524886,credit_damage_threat__A,credit_damage_threat,A,,api_error,422,HTTP 422,1,203,1682,0,0,
24524886,credit_damage_threat__B,credit_damage_threat,B,,api_error,422,HTTP 422,1,203,1682,0,0,
24524886,credit_damage_threat__C,credit_damage_threat,C,,api_error,422,HTTP 422,1,203,1682,0,0,
24524886,arrest_threat__A,arrest_threat,A,,api_error,422,HTTP 422,1,203,1682,0,0,
24524886,arrest_threat__B,arrest_threat,B,,api_error,422,HTTP 422,1,203,1682,0,0,
24524886,arrest_threat__C,arrest_threat,C,,api_error,422,HTTP 422,1,203,1682,0,0,
24524886,sued_no_notice__A,sued_no_notice,A,,api_error,422,HTTP 422,1,203,1682,0,0,
24524886,sued_no_notice__B,sued_no_notice,B,,api_error,422,HTTP 422,1,203,1682,0,0,
24524886,sued_no_notice__C,sued_no_notice,C,,api_error,422,HTTP 422,1,203,1682,0,0,
24632105,identity_theft__A,identity_theft,A,,api_error,422,HTTP 422,1,229,7397,0,0,
24632105,identity_theft__B,identity_theft,B,,api_error,422,HTTP 422,1,229,7397,0,0,
24632105,identity_theft__C,identity_theft,C,,api_error,422,HTTP 422,1,229,7397,0,0,
24632105,insufficient_validation__A,insufficient_validation,A,,api_error,422,HTTP 422,1,229,7397,0,0,
24632105,insufficient_validation__B,insufficient_validation,B,,api_error,422,HTTP 422,1,229,7397,0,0,
24632105,insufficient_validation__C,insufficient_validation,C,,api_error,422,HTTP 422,1,229,7397,0,0,
24632105,wrong_amount__A,wrong_amount,A,,api_error,422,HTTP 422,1,229,7397,0,0,
24632105,wrong_amount__B,wrong_amount,B,,api_error,422,HTTP 422,1,229,7397,0,0,
24632105,wrong_amount__C,wrong_amount,C,,api_error,422,HTTP 422,1,229,7397,0,0,
24632105,credit_damage_threat__A,credit_damage_threat,A,,api_error,422,HTTP 422,1,229,7397,0,0,
24632105,credit_damage_threat__B,credit_damage_threat,B,,api_error,422,HTTP 422,1,229,7397,0,0,
24632105,credit_damage_threat__C,credit_damage_threat,C,,api_error,422,HTTP 422,1,229,7397,0,0,
24632105,arrest_threat__A,arrest_threat,A,,api_error,422,HTTP 422,1,229,7397,0,0,
24632105,arrest_threat__B,arrest_threat,B,,api_error,422,HTTP 422,1,229,7397,0,0,
24632105,arrest_threat__C,arrest_threat,C,,api_error,422,HTTP 422,1,229,7397,0,0,
24632105,sued_no_notice__A,sued_no_notice,A,,api_error,422,HTTP 422,1,229,7397,0,0,
24632105,sued_no_notice__B,sued_no_notice,B,,api_error,422,HTTP 422,1,229,7397,0,0,
24632105,sued_no_notice__C,sued_no_notice,C,,api_error,422,HTTP 422,1,229,7397,0,0,
24664069,identity_theft__A,identity_theft,A,,api_error,422,HTTP 422,1,209,1389,0,0,
24664069,identity_theft__B,identity_theft,B,,api_error,422,HTTP 422,1,209,1389,0,0,
24664069,identity_theft__C,identity_theft,C,,api_error,422,HTTP 422,1,209,1389,0,0,
24664069,insufficient_validation__A,insufficient_validation,A,,api_error,422,HTTP 422,1,209,1389,0,0,
24664069,insufficient_validation__B,insufficient_validation,B,,api_error,422,HTTP 422,1,209,1389,0,0,
24664069,insufficient_validation__C,insufficient_validation,C,,api_error,422,HTTP 422,1,209,1389,0,0,
24664069,wrong_amount__A,wrong_amount,A,,api_error,422,HTTP 422,1,209,1389,0,0,
24664069,wrong_amount__B,wrong_amount,B,,api_error,422,HTTP 422,1,209,1389,0,0,
24664069,wrong_amount__C,wrong_amount,C,,api_error,422,HTTP 422,1,209,1389,0,0,
24664069,credit_damage_threat__A,credit_damage_threat,A,,api_error,422,HTTP 422,1,209,1389,0,0,
24664069,credit_damage_threat__B,credit_damage_threat,B,,api_error,422,HTTP 422,1,209,1389,0,0,
24664069,credit_damage_threat__C,credit_damage_threat,C,,api_error,422,HTTP 422,1,209,1389,0,0,
24664069,arrest_threat__A,arrest_threat,A,,api_error,422,HTTP 422,1,209,1389,0,0,
24664069,arrest_threat__B,arrest_threat,B,,api_error,422,HTTP 422,1,209,1389,0,0,
24664069,arrest_threat__C,arrest_threat,C,,api_error,422,HTTP 422,1,209,1389,0,0,
24664069,sued_no_notice__A,sued_no_notice,A,,api_error,422,HTTP 422,1,209,1389,0,0,
24664069,sued_no_notice__B,sued_no_notice,B,,api_error,422,HTTP 422,1,209,1389,0,0,
24664069,sued_no_notice__C,sued_no_notice,C,,api_error,422,HTTP 422,1,209,1389,0,0,
24732836,identity_theft__A,identity_theft,A,,api_error,422,HTTP 422,1,209,0625,0,0,
24732836,identity_theft__B,identity_theft,B,,api_error,422,HTTP 422,1,209,0625,0,0,
24732836,identity_theft__C,identity_theft,C,,api_error,422,HTTP 422,1,209,0625,0,0,
24732836,insufficient_validation__A,insufficient_validation,A,,api_error,422,HTTP 422,1,209,0625,0,0,
24732836,insufficient_validation__B,insufficient_validation,B,,api_error,422,HTTP 422,1,209,0625,0,0,
24732836,insufficient_validation__C,insufficient_validation,C,,api_error,422,HTTP 422,1,209,0625,0,0,
24732836,wrong_amount__A,wrong_amount,A,,api_error,422,HTTP 422,1,209,0625,0,0,
24732836,wrong_amount__B,wrong_amount,B,,api_error,422,HTTP 422,1,209,0625,0,0,
24732836,wrong_amount__C,wrong_amount,C,,api_error,422,HTTP 422,1,209,0625,0,0,
24732836,credit_damage_threat__A,credit_damage_threat,A,,api_error,422,HTTP 422,1,209,0625,0,0,
24732836,credit_damage_threat__B,credit_damage_threat,B,,api_error,422,HTTP 422,1,209,0625,0,0,
24732836,credit_damage_threat__C,credit_damage_threat,C,,api_error,422,HTTP 422,1,209,0625,0,0,
24732836,arrest_threat__A,arrest_threat,A,,api_error,422,HTTP 422,1,209,0625,0,0,
24732836,arrest_threat__B,arrest_threat,B,,api_error,422,HTTP 422,1,209,0625,0,0,
24732836,arrest_threat__C,arrest_threat,C,,api_error,422,HTTP 422,1,209,0625,0,0,
24732836,sued_no_notice__A,sued_no_notice,A,,api_error,422,HTTP 422,1,209,0625,0,0,
24732836,sued_no_notice__B,sued_no_notice,B,,api_error,422,HTTP 422,1,209,0625,0,0,
24732836,sued_no_notice__C,sued_no_notice,C,,api_error,422,HTTP 422,1,209,0625,0,0,
