complaint_id,gate_id,concept,variant,noul,status,http_status,error,attempts,latency_ms,input_tokens,output_tokens,model
23748025,identity_theft__A,identity_theft,A,0.03,success,200,,1,838,5766,2699,376,jev-1.13.0
23748025,identity_theft__B,identity_theft,B,0.05,success,200,,1,838,5766,2699,376,jev-1.13.0
23748025,identity_theft__C,identity_theft,C,0.02,success,200,,1,838,5766,2699,376,jev-1.13.0
23748025,insufficient_validation__A,insufficient_validation,A,0.03,success,200,,1,838,5766,2699,376,jev-1.13.0
23748025,insufficient_validation__B,insufficient_validation,B,0.06,success,200,,1,838,5766,2699,376,jev-1.13.0
23748025,insufficient_validation__C,insufficient_validation,C,0.03,success,200,,1,838,5766,2699,376,jev-1.13.0
23748025,wrong_amount__A,wrong_amount,A,0.03,success,200,,1,838,5766,2699,376,jev-1.13.0
23748025,wrong_amount__B,wrong_amount,B,0.1,success,200,,1,838,5766,2699,376,jev-1.13.0
23748025,wrong_amount__C,wrong_amount,C,0.04,success,200,,1,838,5766,2699,376,jev-1.13.0
23748025,credit_damage_threat__A,credit_damage_threat,A,0.08,success,200,,1,838,5766,2699,376,jev-1.13.0
23748025,credit_damage_threat__B,credit_damage_threat,B,0.98,success,200,,1,838,5766,2699,376,jev-1.13.0
23748025,credit_damage_threat__C,credit_damage_threat,C,0.06,success,200,,1,838,5766,2699,376,jev-1.13.0
23748025,arrest_threat__A,arrest_threat,A,0.03,success,200,,1,838,5766,2699,376,jev-1.13.0
23748025,arrest_threat__B,arrest_threat,B,0.03,success,200,,1,838,5766,2699,376,jev-1.13.0
23748025,arrest_threat__C,arrest_threat,C,0.02,success,200,,1,838,5766,2699,376,jev-1.13.0
23748025,sued_no_notice__A,sued_no_notice,A,0.03,success,200,,1,838,5766,2699,376,jev-1.13.0
23748025,sued_no_notice__B,sued_no_notice,B,0.96,success,200,,1,838,5766,2699,376,jev-1.13.0
23748025,sued_no_notice__C,sued_no_notice,C,0.01,success,200,,1,838,5766,2699,376,jev-1.13.0
23753432,identity_theft__A,identity_theft,A,0.03,success,200,,1,262,7644,2911,376,jev-1.13.0
23753432,identity_theft__B,identity_theft,B,0.61,success,200,,1,262,7644,2911,376,jev-1.13.0
23753432,identity_theft__C,identity_theft,C,0.03,success,200,,1,262,7644,2911,376,jev-1.13.0
23753432,insufficient_validation__A,insufficient_validation,A,0.13,success,200,,1,262,7644,2911,376,jev-1.13.0
23753432,insufficient_validation__B,insufficient_validation,B,0.99,success,200,,1,262,7644,2911,376,jev-1.13.0
23753432,insufficient_validation__C,insufficient_validation,C,0.28,success,200,,1,262,7644,2911,376,jev-1.13.0
23753432,wrong_amount__A,wrong_amount,A,0.05,success,200,,1,262,7644,2911,376,jev-1.13.0
23753432,wrong_amount__B,wrong_amount,B,0.6,success,200,,1,262,7644,2911,376,jev-1.13.0
23753432,wrong_amount__C,wrong_amount,C,0.06,success,200,,1,262,7644,2911,376,jev-1.13.0
23753432,credit_damage_threat__A,credit_damage_threat,A,0.04,success,200,,1,262,7644,2911,376,jev-1.13.0
23753432,credit_damage_threat__B,credit_damage_threat,B,0.85,success,200,,1,262,7644,2911,376,jev-1.13.0
23753432,credit_damage_threat__C,credit_damage_threat,C,0.04,success,200,,1,262,7644,2911,376,jev-1.13.0
23753432,arrest_threat__A,arrest_threat,A,0.03,success,200,,1,262,7644,2911,376,jev-1.13.0
23753432,arrest_threat__B,arrest_threat,B,0.03,success,200,,1,262,7644,2911,376,jev-1.13.0
23753432,arrest_threat__C,arrest_threat,C,0.02,success,200,,1,262,7644,2911,376,jev-1.13.0
23753432,sued_no_notice__A,sued_no_notice,A,0.02,success,200,,1,262,7644,2911,376,jev-1.13.0
23753432,sued_no_notice__B,sued_no_notice,B,0.3,success,200,,1,262,7644,2911,376,jev-1.13.0
23753432,sued_no_notice__C,sued_no_notice,C,0.01,success,200,,1,262,7644,2911,376,jev-1.13.0
23760406,identity_theft__A,identity_theft,A,0.03,success,200,,1,267,1137,2635,376,jev-1.13.0
23760406,identity_theft__B,identity_theft,B,0.9,success,200,,1,267,1137,2635,376,jev-1.13.0
23760406,identity_theft__C,identity_theft,C,0.22,success,200,,1,267,1137,2635,376,jev-1.13.0
23760406,insufficient_validation__A,insufficient_validation,A,0.02,success,200,,1,267,1137,2635,376,jev-1.13.0
23760406,insufficient_validation__B,insufficient_validation,B,0.08,success,200,,1,267,1137,2635,376,jev-1.13.0
23760406,insufficient_validation__C,insufficient_validation,C,0.21,success,200,,1,267,1137,2635,376,jev-1.13.0
23760406,wrong_amount__A,wrong_amount,A,0.06,success,200,,1,267,1137,2635,376,jev-1.13.0
23760406,wrong_amount__B,wrong_amount,B,0.91,success,200,,1,267,1137,2635,376,jev-1.13.0
23760406,wrong_amount__C,wrong_amount,C,0.7,success,200,,1,267,1137,2635,376,jev-1.13.0
23760406,credit_damage_threat__A,credit_damage_threat,A,0.03,success,200,,1,267,1137,2635,376,jev-1.13.0
23760406,credit_damage_threat__B,credit_damage_threat,B,0.05,success,200,,1,267,1137,2635,376,jev-1.13.0
23760406,credit_damage_threat__C,credit_damage_threat,C,0.03,success,200,,1,267,1137,2635,376,jev-1.13.0
23760406,arrest_threat__A,arrest_threat,A,0.03,success,200,,1,267,1137,2635,376,jev-1.13.0
23760406,arrest_threat__B,arrest_threat,B,0.02,success,200,,1,267,1137,2635,376,jev-1.13.0
23760406,arrest_threat__C,arrest_threat,C,0.02,success,200,,1,267,1137,2635,376,jev-1.13.0
23760406,sued_no_notice__A,sued_no_notice,A,0.02,success,200,,1,267,1137,2635,376,jev-1.13.0
23760406,sued_no_notice__B,sued_no_notice,B,0.03,success,200,,1,267,1137,2635,376,jev-1.13.0
23760406,sued_no_notice__C,sued_no_notice,C,0.02,success,200,,1,267,1137,2635,376,jev-1.13.0
23763510,identity_theft__A,identity_theft,A,0.02,success,200,,1,286,4871,2627,376,jev-1.13.0
23763510,identity_theft__B,identity_theft,B,0.05,success,200,,1,286,4871,2627,376,jev-1.13.0
23763510,identity_theft__C,identity_theft,C,0.02,success,200,,1,286,4871,2627,376,jev-1.13.0
23763510,insufficient_validation__A,insufficient_validation,A,0.02,success,200,,1,286,4871,2627,376,jev-1.13.0
23763510,insufficient_validation__B,insufficient_validation,B,0.07,success,200,,1,286,4871,2627,376,jev-1.13.0
23763510,insufficient_validation__C,insufficient_validation,C,0.12,success,200,,1,286,4871,2627,376,jev-1.13.0
23763510,wrong_amount__A,wrong_amount,A,0.03,success,200,,1,286,4871,2627,376,jev-1.13.0
23763510,wrong_amount__B,wrong_amount,B,0.42,success,200,,1,286,4871,2627,376,jev-1.13.0
23763510,wrong_amount__C,wrong_amount,C,0.09,success,200,,1,286,4871,2627,376,jev-1.13.0
23763510,credit_damage_threat__A,credit_damage_threat,A,0.04,success,200,,1,286,4871,2627,376,jev-1.13.0
23763510,credit_damage_threat__B,credit_damage_threat,B,0.14,success,200,,1,286,4871,2627,376,jev-1.13.0
23763510,credit_damage_threat__C,credit_damage_threat,C,0.05,success,200,,1,286,4871,2627,376,jev-1.13.0
23763510,arrest_threat__A,arrest_threat,A,0.03,success,200,,1,286,4871,2627,376,jev-1.13.0
23763510,arrest_threat__B,arrest_threat,B,0.02,success,200,,1,286,4871,2627,376,jev-1.13.0
23763510,arrest_threat__C,arrest_threat,C,0.02,success,200,,1,286,4871,2627,376,jev-1.13.0
23763510,sued_no_notice__A,sued_no_notice,A,0.02,success,200,,1,286,4871,2627,376,jev-1.13.0
23763510,sued_no_notice__B,sued_no_notice,B,0.07,success,200,,1,286,4871,2627,376,jev-1.13.0
23763510,sued_no_notice__C,sued_no_notice,C,0.02,success,200,,1,286,4871,2627,376,jev-1.13.0
23766823,identity_theft__A,identity_theft,A,0.03,success,200,,1,337,9517,2842,376,jev-1.13.0
23766823,identity_theft__B,identity_theft,B,0.96,success,200,,1,337,9517,2842,376,jev-1.13.0
23766823,identity_theft__C,identity_theft,C,0.1,success,200,,1,337,9517,2842,376,jev-1.13.0
23766823,insufficient_validation__A,insufficient_validation,A,0.03,success,200,,1,337,9517,2842,376,jev-1.13.0
23766823,insufficient_validation__B,insufficient_validation,B,0.07,success,200,,1,337,9517,2842,376,jev-1.13.0
23766823,insufficient_validation__C,insufficient_validation,C,0.09,success,200,,1,337,9517,2842,376,jev-1.13.0
23766823,wrong_amount__A,wrong_amount,A,0.06,success,200,,1,337,9517,2842,376,jev-1.13.0
23766823,wrong_amount__B,wrong_amount,B,0.94,success,200,,1,337,9517,2842,376,jev-1.13.0
23766823,wrong_amount__C,wrong_amount,C,0.31,success,200,,1,337,9517,2842,376,jev-1.13.0
23766823,credit_damage_threat__A,credit_damage_threat,A,0.05,success,200,,1,337,9517,2842,376,jev-1.13.0
23766823,credit_damage_threat__B,credit_damage_threat,B,0.05,success,200,,1,337,9517,2842,376,jev-1.13.0
23766823,credit_damage_threat__C,credit_damage_threat,C,0.04,success,200,,1,337,9517,2842,376,jev-1.13.0
23766823,arrest_threat__A,arrest_threat,A,0.04,success,200,,1,337,9517,2842,376,jev-1.13.0
23766823,arrest_threat__B,arrest_threat,B,0.04,success,200,,1,337,9517,2842,376,jev-1.13.0
23766823,arrest_threat__C,arrest_threat,C,0.02,success,200,,1,337,9517,2842,376,jev-1.13.0
23766823,sued_no_notice__A,sued_no_notice,A,0.03,success,200,,1,337,9517,2842,376,jev-1.13.0
23766823,sued_no_notice__B,sued_no_notice,B,0.14,success,200,,1,337,9517,2842,376,jev-1.13.0
23766823,sued_no_notice__C,sued_no_notice,C,0.02,success,200,,1,337,9517,2842,376,jev-1.13.0
23768219,identity_theft__A,identity_theft,A,0.99,success,200,,1,325,2286,3107,376,jev-1.13.0
23768219,identity_theft__B,identity_theft,B,0.99,success,200,,1,325,2286,3107,376,jev-1.13.0
23768219,identity_theft__C,identity_theft,C,0.98,success,200,,1,325,2286,3107,376,jev-1.13.0
23768219,insufficient_validation__A,insufficient_validation,A,0.1,success,200,,1,325,2286,3107,376,jev-1.13.0
23768219,insufficient_validation__B,insufficient_validation,B,0.43,success,200,,1,325,2286,3107,376,jev-1.13.0
23768219,insufficient_validation__C,insufficient_validation,C,0.88,success,200,,1,325,2286,3107,376,jev-1.13.0
23768219,wrong_amount__A,wrong_amount,A,0.05,success,200,,1,325,2286,3107,376,jev-1.13.0
23768219,wrong_amount__B,wrong_amount,B,0.54,success,200,,1,325,2286,3107,376,jev-1.13.0
23768219,wrong_amount__C,wrong_amount,C,0.04,success,200,,1,325,2286,3107,376,jev-1.13.0
23768219,credit_damage_threat__A,credit_damage_threat,A,0.06,success,200,,1,325,2286,3107,376,jev-1.13.0
23768219,credit_damage_threat__B,credit_damage_threat,B,0.78,success,200,,1,325,2286,3107,376,jev-1.13.0
23768219,credit_damage_threat__C,credit_damage_threat,C,0.09,success,200,,1,325,2286,3107,376,jev-1.13.0
23768219,arrest_threat__A,arrest_threat,A,0.04,success,200,,1,325,2286,3107,376,jev-1.13.0
23768219,arrest_threat__B,arrest_threat,B,0.06,success,200,,1,325,2286,3107,376,jev-1.13.0
23768219,arrest_threat__C,arrest_threat,C,0.03,success,200,,1,325,2286,3107,376,jev-1.13.0
23768219,sued_no_notice__A,sued_no_notice,A,0.03,success,200,,1,325,2286,3107,376,jev-1.13.0
23768219,sued_no_notice__B,sued_no_notice,B,0.32,success,200,,1,325,2286,3107,376,jev-1.13.0
23768219,sued_no_notice__C,sued_no_notice,C,0.02,success,200,,1,325,2286,3107,376,jev-1.13.0
23770695,identity_theft__A,identity_theft,A,0.03,success,200,,1,274,5556,2827,376,jev-1.13.0
23770695,identity_theft__B,identity_theft,B,0.32,success,200,,1,274,5556,2827,376,jev-1.13.0
23770695,identity_theft__C,identity_theft,C,0.02,success,200,,1,274,5556,2827,376,jev-1.13.0
23770695,insufficient_validation__A,insufficient_validation,A,0.03,success,200,,1,274,5556,2827,376,jev-1.13.0
23770695,insufficient_validation__B,insufficient_validation,B,0.08,success,200,,1,274,5556,2827,376,jev-1.13.0
23770695,insufficient_validation__C,insufficient_validation,C,0.23,success,200,,1,274,5556,2827,376,jev-1.13.0
23770695,wrong_amount__A,wrong_amount,A,0.03,success,200,,1,274,5556,2827,376,jev-1.13.0
23770695,wrong_amount__B,wrong_amount,B,0.11,success,200,,1,274,5556,2827,376,jev-1.13.0
23770695,wrong_amount__C,wrong_amount,C,0.05,success,200,,1,274,5556,2827,376,jev-1.13.0
23770695,credit_damage_threat__A,credit_damage_threat,A,0.04,success,200,,1,274,5556,2827,376,jev-1.13.0
23770695,credit_damage_threat__B,credit_damage_threat,B,0.04,success,200,,1,274,5556,2827,376,jev-1.13.0
23770695,credit_damage_threat__C,credit_damage_threat,C,0.03,success,200,,1,274,5556,2827,376,jev-1.13.0
23770695,arrest_threat__A,arrest_threat,A,0.03,success,200,,1,274,5556,2827,376,jev-1.13.0
23770695,arrest_threat__B,arrest_threat,B,0.06,success,200,,1,274,5556,2827,376,jev-1.13.0
23770695,arrest_threat__C,arrest_threat,C,0.03,success,200,,1,274,5556,2827,376,jev-1.13.0
23770695,sued_no_notice__A,sued_no_notice,A,0.04,success,200,,1,274,5556,2827,376,jev-1.13.0
23770695,sued_no_notice__B,sued_no_notice,B,0.99,success,200,,1,274,5556,2827,376,jev-1.13.0
23770695,sued_no_notice__C,sued_no_notice,C,0.07,success,200,,1,274,5556,2827,376,jev-1.13.0
23775448,identity_theft__A,identity_theft,A,0.03,success,200,,1,338,8324,2844,376,jev-1.13.0
23775448,identity_theft__B,identity_theft,B,0.26,success,200,,1,338,8324,2844,376,jev-1.13.0
23775448,identity_theft__C,identity_theft,C,0.02,success,200,,1,338,8324,2844,376,jev-1.13.0
23775448,insufficient_validation__A,insufficient_validation,A,0.14,success,200,,1,338,8324,2844,376,jev-1.13.0
23775448,insufficient_validation__B,insufficient_validation,B,0.9,success,200,,1,338,8324,2844,376,jev-1.13.0
23775448,insufficient_validation__C,insufficient_validation,C,0.98,success,200,,1,338,8324,2844,376,jev-1.13.0
23775448,wrong_amount__A,wrong_amount,A,0.06,success,200,,1,338,8324,2844,376,jev-1.13.0
23775448,wrong_amount__B,wrong_amount,B,0.98,success,200,,1,338,8324,2844,376,jev-1.13.0
23775448,wrong_amount__C,wrong_amount,C,0.17,success,200,,1,338,8324,2844,376,jev-1.13.0
23775448,credit_damage_threat__A,credit_damage_threat,A,0.06,success,200,,1,338,8324,2844,376,jev-1.13.0
23775448,credit_damage_threat__B,credit_damage_threat,B,0.76,success,200,,1,338,8324,2844,376,jev-1.13.0
23775448,credit_damage_threat__C,credit_damage_threat,C,0.04,success,200,,1,338,8324,2844,376,jev-1.13.0
23775448,arrest_threat__A,arrest_threat,A,0.03,success,200,,1,338,8324,2844,376,jev-1.13.0
23775448,arrest_threat__B,arrest_threat,B,0.02,success,200,,1,338,8324,2844,376,jev-1.13.0
23775448,arrest_threat__C,arrest_threat,C,0.02,success,200,,1,338,8324,2844,376,jev-1.13.0
23775448,sued_no_notice__A,sued_no_notice,A,0.03,success,200,,1,338,8324,2844,376,jev-1.13.0
23775448,sued_no_notice__B,sued_no_notice,B,0.93,success,200,,1,338,8324,2844,376,jev-1.13.0
23775448,sued_no_notice__C,sued_no_notice,C,0.03,success,200,,1,338,8324,2844,376,jev-1.13.0
23775479,identity_theft__A,identity_theft,A,0.02,success,200,,1,263,2323,2971,376,jev-1.13.0
23775479,identity_theft__B,identity_theft,B,0.12,success,200,,1,263,2323,2971,376,jev-1.13.0
23775479,identity_theft__C,identity_theft,C,0.02,success,200,,1,263,2323,2971,376,jev-1.13.0
23775479,insufficient_validation__A,insufficient_validation,A,0.03,success,200,,1,263,2323,2971,376,jev-1.13.0
23775479,insufficient_validation__B,insufficient_validation,B,0.27,success,200,,1,263,2323,2971,376,jev-1.13.0
23775479,insufficient_validation__C,insufficient_validation,C,0.08,success,200,,1,263,2323,2971,376,jev-1.13.0
23775479,wrong_amount__A,wrong_amount,A,0.82,success,200,,1,263,2323,2971,376,jev-1.13.0
23775479,wrong_amount__B,wrong_amount,B,0.99,success,200,,1,263,2323,2971,376,jev-1.13.0
23775479,wrong_amount__C,wrong_amount,C,0.82,success,200,,1,263,2323,2971,376,jev-1.13.0
23775479,credit_damage_threat__A,credit_damage_threat,A,0.04,success,200,,1,263,2323,2971,376,jev-1.13.0
23775479,credit_damage_threat__B,credit_damage_threat,B,0.03,success,200,,1,263,2323,2971,376,jev-1.13.0
23775479,credit_damage_threat__C,credit_damage_threat,C,0.02,success,200,,1,263,2323,2971,376,jev-1.13.0
23775479,arrest_threat__A,arrest_threat,A,0.03,success,200,,1,263,2323,2971,376,jev-1.13.0
23775479,arrest_threat__B,arrest_threat,B,0.02,success,200,,1,263,2323,2971,376,jev-1.13.0
23775479,arrest_threat__C,arrest_threat,C,0.01,success,200,,1,263,2323,2971,376,jev-1.13.0
23775479,sued_no_notice__A,sued_no_notice,A,0.02,success,200,,1,263,2323,2971,376,jev-1.13.0
23775479,sued_no_notice__B,sued_no_notice,B,0.04,success,200,,1,263,2323,2971,376,jev-1.13.0
23775479,sued_no_notice__C,sued_no_notice,C,0.01,success,200,,1,263,2323,2971,376,jev-1.13.0
23780919,identity_theft__A,identity_theft,A,0.99,success,200,,1,316,0566,2750,376,jev-1.13.0
23780919,identity_theft__B,identity_theft,B,0.99,success,200,,1,316,0566,2750,376,jev-1.13.0
23780919,identity_theft__C,identity_theft,C,0.99,success,200,,1,316,0566,2750,376,jev-1.13.0
23780919,insufficient_validation__A,insufficient_validation,A,0.03,success,200,,1,316,0566,2750,376,jev-1.13.0
23780919,insufficient_validation__B,insufficient_validation,B,0.11,success,200,,1,316,0566,2750,376,jev-1.13.0
23780919,insufficient_validation__C,insufficient_validation,C,0.06,success,200,,1,316,0566,2750,376,jev-1.13.0
23780919,wrong_amount__A,wrong_amount,A,0.14,success,200,,1,316,0566,2750,376,jev-1.13.0
23780919,wrong_amount__B,wrong_amount,B,0.98,success,200,,1,316,0566,2750,376,jev-1.13.0
23780919,wrong_amount__C,wrong_amount,C,0.04,success,200,,1,316,0566,2750,376,jev-1.13.0
23780919,credit_damage_threat__A,credit_damage_threat,A,0.04,success,200,,1,316,0566,2750,376,jev-1.13.0
23780919,credit_damage_threat__B,credit_damage_threat,B,0.17,success,200,,1,316,0566,2750,376,jev-1.13.0
23780919,credit_damage_threat__C,credit_damage_threat,C,0.03,success,200,,1,316,0566,2750,376,jev-1.13.0
23780919,arrest_threat__A,arrest_threat,A,0.04,success,200,,1,316,0566,2750,376,jev-1.13.0
23780919,arrest_threat__B,arrest_threat,B,0.03,success,200,,1,316,0566,2750,376,jev-1.13.0
23780919,arrest_threat__C,arrest_threat,C,0.02,success,200,,1,316,0566,2750,376,jev-1.13.0
23780919,sued_no_notice__A,sued_no_notice,A,0.03,success,200,,1,316,0566,2750,376,jev-1.13.0
23780919,sued_no_notice__B,sued_no_notice,B,0.19,success,200,,1,316,0566,2750,376,jev-1.13.0
23780919,sued_no_notice__C,sued_no_notice,C,0.02,success,200,,1,316,0566,2750,376,jev-1.13.0
23787349,identity_theft__A,identity_theft,A,0.03,success,200,,1,316,273,2620,376,jev-1.13.0
23787349,identity_theft__B,identity_theft,B,0.28,success,200,,1,316,273,2620,376,jev-1.13.0
23787349,identity_theft__C,identity_theft,C,0.07,success,200,,1,316,273,2620,376,jev-1.13.0
23787349,insufficient_validation__A,insufficient_validation,A,0.1,success,200,,1,316,273,2620,376,jev-1.13.0
23787349,insufficient_validation__B,insufficient_validation,B,0.18,success,200,,1,316,273,2620,376,jev-1.13.0
23787349,insufficient_validation__C,insufficient_validation,C,0.86,success,200,,1,316,273,2620,376,jev-1.13.0
23787349,wrong_amount__A,wrong_amount,A,0.03,success,200,,1,316,273,2620,376,jev-1.13.0
23787349,wrong_amount__B,wrong_amount,B,0.17,success,200,,1,316,273,2620,376,jev-1.13.0
23787349,wrong_amount__C,wrong_amount,C,0.05,success,200,,1,316,273,2620,376,jev-1.13.0
23787349,credit_damage_threat__A,credit_damage_threat,A,0.04,success,200,,1,316,273,2620,376,jev-1.13.0
23787349,credit_damage_threat__B,credit_damage_threat,B,0.04,success,200,,1,316,273,2620,376,jev-1.13.0
23787349,credit_damage_threat__C,credit_damage_threat,C,0.03,success,200,,1,316,273,2620,376,jev-1.13.0
23787349,arrest_threat__A,arrest_threat,A,0.04,success,200,,1,316,273,2620,376,jev-1.13.0
23787349,arrest_threat__B,arrest_threat,B,0.03,success,200,,1,316,273,2620,376,jev-1.13.0
23787349,arrest_threat__C,arrest_threat,C,0.02,success,200,,1,316,273,2620,376,jev-1.13.0
23787349,sued_no_notice__A,sued_no_notice,A,0.02,success,200,,1,316,273,2620,376,jev-1.13.0
23787349,sued_no_notice__B,sued_no_notice,B,0.04,success,200,,1,316,273,2620,376,jev-1.13.0
23787349,sued_no_notice__C,sued_no_notice,C,0.01,success,200,,1,316,273,2620,376,jev-1.13.0
23792431,identity_theft__A,identity_theft,A,0.03,success,200,,1,298,1518,2876,376,jev-1.13.0
23792431,identity_theft__B,identity_theft,B,0.1,success,200,,1,298,1518,2876,376,jev-1.13.0
23792431,identity_theft__C,identity_theft,C,0.02,success,200,,1,298,1518,2876,376,jev-1.13.0
23792431,insufficient_validation__A,insufficient_validation,A,0.03,success,200,,1,298,1518,2876,376,jev-1.13.0
23792431,insufficient_validation__B,insufficient_validation,B,0.06,success,200,,1,298,1518,2876,376,jev-1.13.0
23792431,insufficient_validation__C,insufficient_validation,C,0.03,success,200,,1,298,1518,2876,376,jev-1.13.0
23792431,wrong_amount__A,wrong_amount,A,0.04,success,200,,1,298,1518,2876,376,jev-1.13.0
23792431,wrong_amount__B,wrong_amount,B,0.15,success,200,,1,298,1518,2876,376,jev-1.13.0
23792431,wrong_amount__C,wrong_amount,C,0.02,success,200,,1,298,1518,2876,376,jev-1.13.0
23792431,credit_damage_threat__A,credit_damage_threat,A,0.04,success,200,,1,298,1518,2876,376,jev-1.13.0
23792431,credit_damage_threat__B,credit_damage_threat,B,0.05,success,200,,1,298,1518,2876,376,jev-1.13.0
23792431,credit_damage_threat__C,credit_damage_threat,C,0.03,success,200,,1,298,1518,2876,376,jev-1.13.0
23792431,arrest_threat__A,arrest_threat,A,0.03,success,200,,1,298,1518,2876,376,jev-1.13.0
23792431,arrest_threat__B,arrest_threat,B,0.03,success,200,,1,298,1518,2876,376,jev-1.13.0
23792431,arrest_threat__C,arrest_threat,C,0.01,success,200,,1,298,1518,2876,376,jev-1.13.0
23792431,sued_no_notice__A,sued_no_notice,A,0.02,success,200,,1,298,1518,2876,376,jev-1.13.0
23792431,sued_no_notice__B,sued_no_notice,B,0.32,success,200,,1,298,1518,2876,376,jev-1.13.0
23792431,sued_no_notice__C,sued_no_notice,C,0.01,success,200,,1,298,1518,2876,376,jev-1.13.0
23801363,identity_theft__A,identity_theft,A,0.95,success,200,,1,268,7091,2722,376,jev-1.13.0
23801363,identity_theft__B,identity_theft,B,0.99,success,200,,1,268,7091,2722,376,jev-1.13.0
23801363,identity_theft__C,identity_theft,C,0.97,success,200,,1,268,7091,2722,376,jev-1.13.0
23801363,insufficient_validation__A,insufficient_validation,A,0.03,success,200,,1,268,7091,2722,376,jev-1.13.0
23801363,insufficient_validation__B,insufficient_validation,B,0.08,success,200,,1,268,7091,2722,376,jev-1.13.0
23801363,insufficient_validation__C,insufficient_validation,C,0.04,success,200,,1,268,7091,2722,376,jev-1.13.0
23801363,wrong_amount__A,wrong_amount,A,0.05,success,200,,1,268,7091,2722,376,jev-1.13.0
23801363,wrong_amount__B,wrong_amount,B,0.76,success,200,,1,268,7091,2722,376,jev-1.13.0
23801363,wrong_amount__C,wrong_amount,C,0.03,success,200,,1,268,7091,2722,376,jev-1.13.0
23801363,credit_damage_threat__A,credit_damage_threat,A,0.04,success,200,,1,268,7091,2722,376,jev-1.13.0
23801363,credit_damage_threat__B,credit_damage_threat,B,0.38,success,200,,1,268,7091,2722,376,jev-1.13.0
23801363,credit_damage_threat__C,credit_damage_threat,C,0.02,success,200,,1,268,7091,2722,376,jev-1.13.0
23801363,arrest_threat__A,arrest_threat,A,0.03,success,200,,1,268,7091,2722,376,jev-1.13.0
23801363,arrest_threat__B,arrest_threat,B,0.03,success,200,,1,268,7091,2722,376,jev-1.13.0
23801363,arrest_threat__C,arrest_threat,C,0.01,success,200,,1,268,7091,2722,376,jev-1.13.0
23801363,sued_no_notice__A,sued_no_notice,A,0.03,success,200,,1,268,7091,2722,376,jev-1.13.0
23801363,sued_no_notice__B,sued_no_notice,B,0.11,success,200,,1,268,7091,2722,376,jev-1.13.0
23801363,sued_no_notice__C,sued_no_notice,C,0.01,success,200,,1,268,7091,2722,376,jev-1.13.0
23804701,identity_theft__A,identity_theft,A,0.02,success,200,,1,310,5248,2778,376,jev-1.13.0
23804701,identity_theft__B,identity_theft,B,0.76,success,200,,1,310,5248,2778,376,jev-1.13.0
23804701,identity_theft__C,identity_theft,C,0.03,success,200,,1,310,5248,2778,376,jev-1.13.0
23804701,insufficient_validation__A,insufficient_validation,A,0.03,success,200,,1,310,5248,2778,376,jev-1.13.0
23804701,insufficient_validation__B,insufficient_validation,B,0.82,success,200,,1,310,5248,2778,376,jev-1.13.0
23804701,insufficient_validation__C,insufficient_validation,C,0.27,success,200,,1,310,5248,2778,376,jev-1.13.0
23804701,wrong_amount__A,wrong_amount,A,0.28,success,200,,1,310,5248,2778,376,jev-1.13.0
23804701,wrong_amount__B,wrong_amount,B,0.98,success,200,,1,310,5248,2778,376,jev-1.13.0
23804701,wrong_amount__C,wrong_amount,C,0.88,success,200,,1,310,5248,2778,376,jev-1.13.0
23804701,credit_damage_threat__A,credit_damage_threat,A,0.03,success,200,,1,310,5248,2778,376,jev-1.13.0
23804701,credit_damage_threat__B,credit_damage_threat,B,0.04,success,200,,1,310,5248,2778,376,jev-1.13.0
23804701,credit_damage_threat__C,credit_damage_threat,C,0.03,success,200,,1,310,5248,2778,376,jev-1.13.0
23804701,arrest_threat__A,arrest_threat,A,0.02,success,200,,1,310,5248,2778,376,jev-1.13.0
23804701,arrest_threat__B,arrest_threat,B,0.02,success,200,,1,310,5248,2778,376,jev-1.13.0
23804701,arrest_threat__C,arrest_threat,C,0.02,success,200,,1,310,5248,2778,376,jev-1.13.0
23804701,sued_no_notice__A,sued_no_notice,A,0.02,success,200,,1,310,5248,2778,376,jev-1.13.0
23804701,sued_no_notice__B,sued_no_notice,B,0.03,success,200,,1,310,5248,2778,376,jev-1.13.0
23804701,sued_no_notice__C,sued_no_notice,C,0.01,success,200,,1,310,5248,2778,376,jev-1.13.0
23815786,identity_theft__A,identity_theft,A,0.03,success,200,,1,405,5681,2749,376,jev-1.13.0
23815786,identity_theft__B,identity_theft,B,0.08,success,200,,1,405,5681,2749,376,jev-1.13.0
23815786,identity_theft__C,identity_theft,C,0.04,success,200,,1,405,5681,2749,376,jev-1.13.0
23815786,insufficient_validation__A,insufficient_validation,A,0.14,success,200,,1,405,5681,2749,376,jev-1.13.0
23815786,insufficient_validation__B,insufficient_validation,B,0.91,success,200,,1,405,5681,2749,376,jev-1.13.0
23815786,insufficient_validation__C,insufficient_validation,C,0.88,success,200,,1,405,5681,2749,376,jev-1.13.0
23815786,wrong_amount__A,wrong_amount,A,0.04,success,200,,1,405,5681,2749,376,jev-1.13.0
23815786,wrong_amount__B,wrong_amount,B,0.24,success,200,,1,405,5681,2749,376,jev-1.13.0
23815786,wrong_amount__C,wrong_amount,C,0.06,success,200,,1,405,5681,2749,376,jev-1.13.0
23815786,credit_damage_threat__A,credit_damage_threat,A,0.04,success,200,,1,405,5681,2749,376,jev-1.13.0
23815786,credit_damage_threat__B,credit_damage_threat,B,0.04,success,200,,1,405,5681,2749,376,jev-1.13.0
23815786,credit_damage_threat__C,credit_damage_threat,C,0.03,success,200,,1,405,5681,2749,376,jev-1.13.0
23815786,arrest_threat__A,arrest_threat,A,0.03,success,200,,1,405,5681,2749,376,jev-1.13.0
23815786,arrest_threat__B,arrest_threat,B,0.03,success,200,,1,405,5681,2749,376,jev-1.13.0
23815786,arrest_threat__C,arrest_threat,C,0.02,success,200,,1,405,5681,2749,376,jev-1.13.0
23815786,sued_no_notice__A,sued_no_notice,A,0.03,success,200,,1,405,5681,2749,376,jev-1.13.0
23815786,sued_no_notice__B,sued_no_notice,B,0.09,success,200,,1,405,5681,2749,376,jev-1.13.0
23815786,sued_no_notice__C,sued_no_notice,C,0.03,success,200,,1,405,5681,2749,376,jev-1.13.0
23816642,identity_theft__A,identity_theft,A,0.03,success,200,,1,281,7841,2724,376,jev-1.13.0
23816642,identity_theft__B,identity_theft,B,0.77,success,200,,1,281,7841,2724,376,jev-1.13.0
23816642,identity_theft__C,identity_theft,C,0.1,success,200,,1,281,7841,2724,376,jev-1.13.0
23816642,insufficient_validation__A,insufficient_validation,A,0.05,success,200,,1,281,7841,2724,376,jev-1.13.0
23816642,insufficient_validation__B,insufficient_validation,B,0.72,success,200,,1,281,7841,2724,376,jev-1.13.0
23816642,insufficient_validation__C,insufficient_validation,C,0.79,success,200,,1,281,7841,2724,376,jev-1.13.0
23816642,wrong_amount__A,wrong_amount,A,0.04,success,200,,1,281,7841,2724,376,jev-1.13.0
23816642,wrong_amount__B,wrong_amount,B,0.52,success,200,,1,281,7841,2724,376,jev-1.13.0
23816642,wrong_amount__C,wrong_amount,C,0.08,success,200,,1,281,7841,2724,376,jev-1.13.0
23816642,credit_damage_threat__A,credit_damage_threat,A,0.04,success,200,,1,281,7841,2724,376,jev-1.13.0
23816642,credit_damage_threat__B,credit_damage_threat,B,0.74,success,200,,1,281,7841,2724,376,jev-1.13.0
23816642,credit_damage_threat__C,credit_damage_threat,C,0.03,success,200,,1,281,7841,2724,376,jev-1.13.0
23816642,arrest_threat__A,arrest_threat,A,0.04,success,200,,1,281,7841,2724,376,jev-1.13.0
23816642,arrest_threat__B,arrest_threat,B,0.02,success,200,,1,281,7841,2724,376,jev-1.13.0
23816642,arrest_threat__C,arrest_threat,C,0.02,success,200,,1,281,7841,2724,376,jev-1.13.0
23816642,sued_no_notice__A,sued_no_notice,A,0.02,success,200,,1,281,7841,2724,376,jev-1.13.0
23816642,sued_no_notice__B,sued_no_notice,B,0.05,success,200,,1,281,7841,2724,376,jev-1.13.0
23816642,sued_no_notice__C,sued_no_notice,C,0.02,success,200,,1,281,7841,2724,376,jev-1.13.0
23821925,identity_theft__A,identity_theft,A,0.04,success,200,,1,393,4742,2767,376,jev-1.13.0
23821925,identity_theft__B,identity_theft,B,0.12,success,200,,1,393,4742,2767,376,jev-1.13.0
23821925,identity_theft__C,identity_theft,C,0.04,success,200,,1,393,4742,2767,376,jev-1.13.0
23821925,insufficient_validation__A,insufficient_validation,A,0.12,success,200,,1,393,4742,2767,376,jev-1.13.0
23821925,insufficient_validation__B,insufficient_validation,B,0.26,success,200,,1,393,4742,2767,376,jev-1.13.0
23821925,insufficient_validation__C,insufficient_validation,C,0.91,success,200,,1,393,4742,2767,376,jev-1.13.0
23821925,wrong_amount__A,wrong_amount,A,0.05,success,200,,1,393,4742,2767,376,jev-1.13.0
23821925,wrong_amount__B,wrong_amount,B,0.44,success,200,,1,393,4742,2767,376,jev-1.13.0
23821925,wrong_amount__C,wrong_amount,C,0.14,success,200,,1,393,4742,2767,376,jev-1.13.0
23821925,credit_damage_threat__A,credit_damage_threat,A,0.05,success,200,,1,393,4742,2767,376,jev-1.13.0
23821925,credit_damage_threat__B,credit_damage_threat,B,0.05,success,200,,1,393,4742,2767,376,jev-1.13.0
23821925,credit_damage_threat__C,credit_damage_threat,C,0.03,success,200,,1,393,4742,2767,376,jev-1.13.0
23821925,arrest_threat__A,arrest_threat,A,0.03,success,200,,1,393,4742,2767,376,jev-1.13.0
23821925,arrest_threat__B,arrest_threat,B,0.03,success,200,,1,393,4742,2767,376,jev-1.13.0
23821925,arrest_threat__C,arrest_threat,C,0.02,success,200,,1,393,4742,2767,376,jev-1.13.0
23821925,sued_no_notice__A,sued_no_notice,A,0.02,success,200,,1,393,4742,2767,376,jev-1.13.0
23821925,sued_no_notice__B,sued_no_notice,B,0.24,success,200,,1,393,4742,2767,376,jev-1.13.0
23821925,sued_no_notice__C,sued_no_notice,C,0.02,success,200,,1,393,4742,2767,376,jev-1.13.0
23830833,identity_theft__A,identity_theft,A,0.99,success,200,,1,363,243,2796,376,jev-1.13.0
23830833,identity_theft__B,identity_theft,B,0.99,success,200,,1,363,243,2796,376,jev-1.13.0
23830833,identity_theft__C,identity_theft,C,0.98,success,200,,1,363,243,2796,376,jev-1.13.0
23830833,insufficient_validation__A,insufficient_validation,A,0.06,success,200,,1,363,243,2796,376,jev-1.13.0
23830833,insufficient_validation__B,insufficient_validation,B,0.98,success,200,,1,363,243,2796,376,jev-1.13.0
23830833,insufficient_validation__C,insufficient_validation,C,0.18,success,200,,1,363,243,2796,376,jev-1.13.0
23830833,wrong_amount__A,wrong_amount,A,0.05,success,200,,1,363,243,2796,376,jev-1.13.0
23830833,wrong_amount__B,wrong_amount,B,0.62,success,200,,1,363,243,2796,376,jev-1.13.0
23830833,wrong_amount__C,wrong_amount,C,0.04,success,200,,1,363,243,2796,376,jev-1.13.0
23830833,credit_damage_threat__A,credit_damage_threat,A,0.06,success,200,,1,363,243,2796,376,jev-1.13.0
23830833,credit_damage_threat__B,credit_damage_threat,B,0.94,success,200,,1,363,243,2796,376,jev-1.13.0
23830833,credit_damage_threat__C,credit_damage_threat,C,0.03,success,200,,1,363,243,2796,376,jev-1.13.0
23830833,arrest_threat__A,arrest_threat,A,0.03,success,200,,1,363,243,2796,376,jev-1.13.0
23830833,arrest_threat__B,arrest_threat,B,0.03,success,200,,1,363,243,2796,376,jev-1.13.0
23830833,arrest_threat__C,arrest_threat,C,0.01,success,200,,1,363,243,2796,376,jev-1.13.0
23830833,sued_no_notice__A,sued_no_notice,A,0.03,success,200,,1,363,243,2796,376,jev-1.13.0
23830833,sued_no_notice__B,sued_no_notice,B,0.06,success,200,,1,363,243,2796,376,jev-1.13.0
23830833,sued_no_notice__C,sued_no_notice,C,0.01,success,200,,1,363,243,2796,376,jev-1.13.0
23832990,identity_theft__A,identity_theft,A,0.04,success,200,,1,380,7446,2855,376,jev-1.13.0
23832990,identity_theft__B,identity_theft,B,0.99,success,200,,1,380,7446,2855,376,jev-1.13.0
23832990,identity_theft__C,identity_theft,C,0.35,success,200,,1,380,7446,2855,376,jev-1.13.0
23832990,insufficient_validation__A,insufficient_validation,A,0.63,success,200,,1,380,7446,2855,376,jev-1.13.0
23832990,insufficient_validation__B,insufficient_validation,B,0.99,success,200,,1,380,7446,2855,376,jev-1.13.0
23832990,insufficient_validation__C,insufficient_validation,C,0.88,success,200,,1,380,7446,2855,376,jev-1.13.0
23832990,wrong_amount__A,wrong_amount,A,0.37,success,200,,1,380,7446,2855,376,jev-1.13.0
23832990,wrong_amount__B,wrong_amount,B,0.65,success,200,,1,380,7446,2855,376,jev-1.13.0
23832990,wrong_amount__C,wrong_amount,C,0.09,success,200,,1,380,7446,2855,376,jev-1.13.0
23832990,credit_damage_threat__A,credit_damage_threat,A,0.04,success,200,,1,380,7446,2855,376,jev-1.13.0
23832990,credit_damage_threat__B,credit_damage_threat,B,0.92,success,200,,1,380,7446,2855,376,jev-1.13.0
23832990,credit_damage_threat__C,credit_damage_threat,C,0.03,success,200,,1,380,7446,2855,376,jev-1.13.0
23832990,arrest_threat__A,arrest_threat,A,0.03,success,200,,1,380,7446,2855,376,jev-1.13.0
23832990,arrest_threat__B,arrest_threat,B,0.02,success,200,,1,380,7446,2855,376,jev-1.13.0
23832990,arrest_threat__C,arrest_threat,C,0.01,success,200,,1,380,7446,2855,376,jev-1.13.0
23832990,sued_no_notice__A,sued_no_notice,A,0.03,success,200,,1,380,7446,2855,376,jev-1.13.0
23832990,sued_no_notice__B,sued_no_notice,B,0.07,success,200,,1,380,7446,2855,376,jev-1.13.0
23832990,sued_no_notice__C,sued_no_notice,C,0.01,success,200,,1,380,7446,2855,376,jev-1.13.0
23840232,identity_theft__A,identity_theft,A,0.03,success,200,,1,275,2304,3152,376,jev-1.13.0
23840232,identity_theft__B,identity_theft,B,0.99,success,200,,1,275,2304,3152,376,jev-1.13.0
23840232,identity_theft__C,identity_theft,C,0.17,success,200,,1,275,2304,3152,376,jev-1.13.0
23840232,insufficient_validation__A,insufficient_validation,A,0.21,success,200,,1,275,2304,3152,376,jev-1.13.0
23840232,insufficient_validation__B,insufficient_validation,B,0.99,success,200,,1,275,2304,3152,376,jev-1.13.0
23840232,insufficient_validation__C,insufficient_validation,C,0.92,success,200,,1,275,2304,3152,376,jev-1.13.0
23840232,wrong_amount__A,wrong_amount,A,0.05,success,200,,1,275,2304,3152,376,jev-1.13.0
23840232,wrong_amount__B,wrong_amount,B,0.8,success,200,,1,275,2304,3152,376,jev-1.13.0
23840232,wrong_amount__C,wrong_amount,C,0.03,success,200,,1,275,2304,3152,376,jev-1.13.0
23840232,credit_damage_threat__A,credit_damage_threat,A,0.05,success,200,,1,275,2304,3152,376,jev-1.13.0
23840232,credit_damage_threat__B,credit_damage_threat,B,0.67,success,200,,1,275,2304,3152,376,jev-1.13.0
23840232,credit_damage_threat__C,credit_damage_threat,C,0.07,success,200,,1,275,2304,3152,376,jev-1.13.0
23840232,arrest_threat__A,arrest_threat,A,0.7,success,200,,1,275,2304,3152,376,jev-1.13.0
23840232,arrest_threat__B,arrest_threat,B,0.76,success,200,,1,275,2304,3152,376,jev-1.13.0
23840232,arrest_threat__C,arrest_threat,C,0.93,success,200,,1,275,2304,3152,376,jev-1.13.0
23840232,sued_no_notice__A,sued_no_notice,A,0.03,success,200,,1,275,2304,3152,376,jev-1.13.0
23840232,sued_no_notice__B,sued_no_notice,B,0.85,success,200,,1,275,2304,3152,376,jev-1.13.0
23840232,sued_no_notice__C,sued_no_notice,C,0.02,success,200,,1,275,2304,3152,376,jev-1.13.0
23851326,identity_theft__A,identity_theft,A,0.03,success,200,,1,322,0148,2714,376,jev-1.13.0
23851326,identity_theft__B,identity_theft,B,0.53,success,200,,1,322,0148,2714,376,jev-1.13.0
23851326,identity_theft__C,identity_theft,C,0.11,success,200,,1,322,0148,2714,376,jev-1.13.0
23851326,insufficient_validation__A,insufficient_validation,A,0.82,success,200,,1,322,0148,2714,376,jev-1.13.0
23851326,insufficient_validation__B,insufficient_validation,B,0.98,success,200,,1,322,0148,2714,376,jev-1.13.0
23851326,insufficient_validation__C,insufficient_validation,C,0.97,success,200,,1,322,0148,2714,376,jev-1.13.0
23851326,wrong_amount__A,wrong_amount,A,0.08,success,200,,1,322,0148,2714,376,jev-1.13.0
23851326,wrong_amount__B,wrong_amount,B,0.96,success,200,,1,322,0148,2714,376,jev-1.13.0
23851326,wrong_amount__C,wrong_amount,C,0.46,success,200,,1,322,0148,2714,376,jev-1.13.0
23851326,credit_damage_threat__A,credit_damage_threat,A,0.05,success,200,,1,322,0148,2714,376,jev-1.13.0
23851326,credit_damage_threat__B,credit_damage_threat,B,0.72,success,200,,1,322,0148,2714,376,jev-1.13.0
23851326,credit_damage_threat__C,credit_damage_threat,C,0.04,success,200,,1,322,0148,2714,376,jev-1.13.0
23851326,arrest_threat__A,arrest_threat,A,0.03,success,200,,1,322,0148,2714,376,jev-1.13.0
23851326,arrest_threat__B,arrest_threat,B,0.02,success,200,,1,322,0148,2714,376,jev-1.13.0
23851326,arrest_threat__C,arrest_threat,C,0.02,success,200,,1,322,0148,2714,376,jev-1.13.0
23851326,sued_no_notice__A,sued_no_notice,A,0.03,success,200,,1,322,0148,2714,376,jev-1.13.0
23851326,sued_no_notice__B,sued_no_notice,B,0.07,success,200,,1,322,0148,2714,376,jev-1.13.0
23851326,sued_no_notice__C,sued_no_notice,C,0.05,success,200,,1,322,0148,2714,376,jev-1.13.0
23872749,identity_theft__A,identity_theft,A,0.03,success,200,,1,308,8463,3396,376,jev-1.13.0
23872749,identity_theft__B,identity_theft,B,0.47,success,200,,1,308,8463,3396,376,jev-1.13.0
23872749,identity_theft__C,identity_theft,C,0.03,success,200,,1,308,8463,3396,376,jev-1.13.0
23872749,insufficient_validation__A,insufficient_validation,A,0.91,success,200,,1,308,8463,3396,376,jev-1.13.0
23872749,insufficient_validation__B,insufficient_validation,B,0.99,success,200,,1,308,8463,3396,376,jev-1.13.0
23872749,insufficient_validation__C,insufficient_validation,C,0.98,success,200,,1,308,8463,3396,376,jev-1.13.0
23872749,wrong_amount__A,wrong_amount,A,0.06,success,200,,1,308,8463,3396,376,jev-1.13.0
23872749,wrong_amount__B,wrong_amount,B,0.65,success,200,,1,308,8463,3396,376,jev-1.13.0
23872749,wrong_amount__C,wrong_amount,C,0.1,success,200,,1,308,8463,3396,376,jev-1.13.0
23872749,credit_damage_threat__A,credit_damage_threat,A,0.05,success,200,,1,308,8463,3396,376,jev-1.13.0
23872749,credit_damage_threat__B,credit_damage_threat,B,0.11,success,200,,1,308,8463,3396,376,jev-1.13.0
23872749,credit_damage_threat__C,credit_damage_threat,C,0.06,success,200,,1,308,8463,3396,376,jev-1.13.0
23872749,arrest_threat__A,arrest_threat,A,0.05,success,200,,1,308,8463,3396,376,jev-1.13.0
23872749,arrest_threat__B,arrest_threat,B,0.78,success,200,,1,308,8463,3396,376,jev-1.13.0
23872749,arrest_threat__C,arrest_threat,C,0.19,success,200,,1,308,8463,3396,376,jev-1.13.0
23872749,sued_no_notice__A,sued_no_notice,A,0.03,success,200,,1,308,8463,3396,376,jev-1.13.0
23872749,sued_no_notice__B,sued_no_notice,B,0.7,success,200,,1,308,8463,3396,376,jev-1.13.0
23872749,sued_no_notice__C,sued_no_notice,C,0.02,success,200,,1,308,8463,3396,376,jev-1.13.0
23873613,identity_theft__A,identity_theft,A,0.06,success,200,,1,297,0109,2638,376,jev-1.13.0
23873613,identity_theft__B,identity_theft,B,0.99,success,200,,1,297,0109,2638,376,jev-1.13.0
23873613,identity_theft__C,identity_theft,C,0.82,success,200,,1,297,0109,2638,376,jev-1.13.0
23873613,insufficient_validation__A,insufficient_validation,A,0.04,success,200,,1,297,0109,2638,376,jev-1.13.0
23873613,insufficient_validation__B,insufficient_validation,B,0.24,success,200,,1,297,0109,2638,376,jev-1.13.0
23873613,insufficient_validation__C,insufficient_validation,C,0.6,success,200,,1,297,0109,2638,376,jev-1.13.0
23873613,wrong_amount__A,wrong_amount,A,0.12,success,200,,1,297,0109,2638,376,jev-1.13.0
23873613,wrong_amount__B,wrong_amount,B,0.95,success,200,,1,297,0109,2638,376,jev-1.13.0
23873613,wrong_amount__C,wrong_amount,C,0.04,success,200,,1,297,0109,2638,376,jev-1.13.0
23873613,credit_damage_threat__A,credit_damage_threat,A,0.04,success,200,,1,297,0109,2638,376,jev-1.13.0
23873613,credit_damage_threat__B,credit_damage_threat,B,0.05,success,200,,1,297,0109,2638,376,jev-1.13.0
23873613,credit_damage_threat__C,credit_damage_threat,C,0.03,success,200,,1,297,0109,2638,376,jev-1.13.0
23873613,arrest_threat__A,arrest_threat,A,0.03,success,200,,1,297,0109,2638,376,jev-1.13.0
23873613,arrest_threat__B,arrest_threat,B,0.06,success,200,,1,297,0109,2638,376,jev-1.13.0
23873613,arrest_threat__C,arrest_threat,C,0.02,success,200,,1,297,0109,2638,376,jev-1.13.0
23873613,sued_no_notice__A,sued_no_notice,A,0.03,success,200,,1,297,0109,2638,376,jev-1.13.0
23873613,sued_no_notice__B,sued_no_notice,B,0.33,success,200,,1,297,0109,2638,376,jev-1.13.0
23873613,sued_no_notice__C,sued_no_notice,C,0.03,success,200,,1,297,0109,2638,376,jev-1.13.0
23873633,identity_theft__A,identity_theft,A,0.02,success,200,,1,270,9922,2650,376,jev-1.13.0
23873633,identity_theft__B,identity_theft,B,0.09,success,200,,1,270,9922,2650,376,jev-1.13.0
23873633,identity_theft__C,identity_theft,C,0.03,success,200,,1,270,9922,2650,376,jev-1.13.0
23873633,insufficient_validation__A,insufficient_validation,A,0.09,success,200,,1,270,9922,2650,376,jev-1.13.0
23873633,insufficient_validation__B,insufficient_validation,B,0.59,success,200,,1,270,9922,2650,376,jev-1.13.0
23873633,insufficient_validation__C,insufficient_validation,C,0.88,success,200,,1,270,9922,2650,376,jev-1.13.0
23873633,wrong_amount__A,wrong_amount,A,0.03,success,200,,1,270,9922,2650,376,jev-1.13.0
23873633,wrong_amount__B,wrong_amount,B,0.12,success,200,,1,270,9922,2650,376,jev-1.13.0
23873633,wrong_amount__C,wrong_amount,C,0.04,success,200,,1,270,9922,2650,376,jev-1.13.0
23873633,credit_damage_threat__A,credit_damage_threat,A,0.05,success,200,,1,270,9922,2650,376,jev-1.13.0
23873633,credit_damage_threat__B,credit_damage_threat,B,0.95,success,200,,1,270,9922,2650,376,jev-1.13.0
23873633,credit_damage_threat__C,credit_damage_threat,C,0.04,success,200,,1,270,9922,2650,376,jev-1.13.0
23873633,arrest_threat__A,arrest_threat,A,0.03,success,200,,1,270,9922,2650,376,jev-1.13.0
23873633,arrest_threat__B,arrest_threat,B,0.02,success,200,,1,270,9922,2650,376,jev-1.13.0
23873633,arrest_threat__C,arrest_threat,C,0.01,success,200,,1,270,9922,2650,376,jev-1.13.0
23873633,sued_no_notice__A,sued_no_notice,A,0.02,success,200,,1,270,9922,2650,376,jev-1.13.0
23873633,sued_no_notice__B,sued_no_notice,B,0.07,success,200,,1,270,9922,2650,376,jev-1.13.0
23873633,sued_no_notice__C,sued_no_notice,C,0.02,success,200,,1,270,9922,2650,376,jev-1.13.0
23877075,identity_theft__A,identity_theft,A,0.03,success,200,,1,315,0652,2760,376,jev-1.13.0
23877075,identity_theft__B,identity_theft,B,0.6,success,200,,1,315,0652,2760,376,jev-1.13.0
23877075,identity_theft__C,identity_theft,C,0.24,success,200,,1,315,0652,2760,376,jev-1.13.0
23877075,insufficient_validation__A,insufficient_validation,A,0.03,success,200,,1,315,0652,2760,376,jev-1.13.0
23877075,insufficient_validation__B,insufficient_validation,B,0.29,success,200,,1,315,0652,2760,376,jev-1.13.0
23877075,insufficient_validation__C,insufficient_validation,C,0.4,success,200,,1,315,0652,2760,376,jev-1.13.0
23877075,wrong_amount__A,wrong_amount,A,0.04,success,200,,1,315,0652,2760,376,jev-1.13.0
23877075,wrong_amount__B,wrong_amount,B,0.1,success,200,,1,315,0652,2760,376,jev-1.13.0
23877075,wrong_amount__C,wrong_amount,C,0.04,success,200,,1,315,0652,2760,376,jev-1.13.0
23877075,credit_damage_threat__A,credit_damage_threat,A,0.04,success,200,,1,315,0652,2760,376,jev-1.13.0
23877075,credit_damage_threat__B,credit_damage_threat,B,0.04,success,200,,1,315,0652,2760,376,jev-1.13.0
23877075,credit_damage_threat__C,credit_damage_threat,C,0.03,success,200,,1,315,0652,2760,376,jev-1.13.0
23877075,arrest_threat__A,arrest_threat,A,0.66,success,200,,1,315,0652,2760,376,jev-1.13.0
23877075,arrest_threat__B,arrest_threat,B,0.66,success,200,,1,315,0652,2760,376,jev-1.13.0
23877075,arrest_threat__C,arrest_threat,C,0.9,success,200,,1,315,0652,2760,376,jev-1.13.0
23877075,sued_no_notice__A,sued_no_notice,A,0.03,success,200,,1,315,0652,2760,376,jev-1.13.0
23877075,sued_no_notice__B,sued_no_notice,B,0.63,success,200,,1,315,0652,2760,376,jev-1.13.0
23877075,sued_no_notice__C,sued_no_notice,C,0.03,success,200,,1,315,0652,2760,376,jev-1.13.0
23888383,identity_theft__A,identity_theft,A,0.02,success,200,,1,310,4026,3158,376,jev-1.13.0
23888383,identity_theft__B,identity_theft,B,0.24,success,200,,1,310,4026,3158,376,jev-1.13.0
23888383,identity_theft__C,identity_theft,C,0.03,success,200,,1,310,4026,3158,376,jev-1.13.0
23888383,insufficient_validation__A,insufficient_validation,A,0.31,success,200,,1,310,4026,3158,376,jev-1.13.0
23888383,insufficient_validation__B,insufficient_validation,B,0.83,success,200,,1,310,4026,3158,376,jev-1.13.0
23888383,insufficient_validation__C,insufficient_validation,C,0.94,success,200,,1,310,4026,3158,376,jev-1.13.0
23888383,wrong_amount__A,wrong_amount,A,0.22,success,200,,1,310,4026,3158,376,jev-1.13.0
23888383,wrong_amount__B,wrong_amount,B,0.87,success,200,,1,310,4026,3158,376,jev-1.13.0
23888383,wrong_amount__C,wrong_amount,C,0.4,success,200,,1,310,4026,3158,376,jev-1.13.0
23888383,credit_damage_threat__A,credit_damage_threat,A,0.06,success,200,,1,310,4026,3158,376,jev-1.13.0
23888383,credit_damage_threat__B,credit_damage_threat,B,0.97,success,200,,1,310,4026,3158,376,jev-1.13.0
23888383,credit_damage_threat__C,credit_damage_threat,C,0.03,success,200,,1,310,4026,3158,376,jev-1.13.0
23888383,arrest_threat__A,arrest_threat,A,0.03,success,200,,1,310,4026,3158,376,jev-1.13.0
23888383,arrest_threat__B,arrest_threat,B,0.03,success,200,,1,310,4026,3158,376,jev-1.13.0
23888383,arrest_threat__C,arrest_threat,C,0.02,success,200,,1,310,4026,3158,376,jev-1.13.0
23888383,sued_no_notice__A,sued_no_notice,A,0.02,success,200,,1,310,4026,3158,376,jev-1.13.0
23888383,sued_no_notice__B,sued_no_notice,B,0.2,success,200,,1,310,4026,3158,376,jev-1.13.0
23888383,sued_no_notice__C,sued_no_notice,C,0.02,success,200,,1,310,4026,3158,376,jev-1.13.0
23896462,identity_theft__A,identity_theft,A,0.03,success,200,,1,256,8075,2701,376,jev-1.13.0
23896462,identity_theft__B,identity_theft,B,0.29,success,200,,1,256,8075,2701,376,jev-1.13.0
23896462,identity_theft__C,identity_theft,C,0.06,success,200,,1,256,8075,2701,376,jev-1.13.0
23896462,insufficient_validation__A,insufficient_validation,A,0.03,success,200,,1,256,8075,2701,376,jev-1.13.0
23896462,insufficient_validation__B,insufficient_validation,B,0.06,success,200,,1,256,8075,2701,376,jev-1.13.0
23896462,insufficient_validation__C,insufficient_validation,C,0.26,success,200,,1,256,8075,2701,376,jev-1.13.0
23896462,wrong_amount__A,wrong_amount,A,0.04,success,200,,1,256,8075,2701,376,jev-1.13.0
23896462,wrong_amount__B,wrong_amount,B,0.08,success,200,,1,256,8075,2701,376,jev-1.13.0
23896462,wrong_amount__C,wrong_amount,C,0.04,success,200,,1,256,8075,2701,376,jev-1.13.0
23896462,credit_damage_threat__A,credit_damage_threat,A,0.05,success,200,,1,256,8075,2701,376,jev-1.13.0
23896462,credit_damage_threat__B,credit_damage_threat,B,0.05,success,200,,1,256,8075,2701,376,jev-1.13.0
23896462,credit_damage_threat__C,credit_damage_threat,C,0.04,success,200,,1,256,8075,2701,376,jev-1.13.0
23896462,arrest_threat__A,arrest_threat,A,0.04,success,200,,1,256,8075,2701,376,jev-1.13.0
23896462,arrest_threat__B,arrest_threat,B,0.08,success,200,,1,256,8075,2701,376,jev-1.13.0
23896462,arrest_threat__C,arrest_threat,C,0.03,success,200,,1,256,8075,2701,376,jev-1.13.0
23896462,sued_no_notice__A,sued_no_notice,A,0.03,success,200,,1,256,8075,2701,376,jev-1.13.0
23896462,sued_no_notice__B,sued_no_notice,B,0.76,success,200,,1,256,8075,2701,376,jev-1.13.0
23896462,sued_no_notice__C,sued_no_notice,C,0.02,success,200,,1,256,8075,2701,376,jev-1.13.0
23899303,identity_theft__A,identity_theft,A,0.02,success,200,,1,382,1439,2921,376,jev-1.13.0
23899303,identity_theft__B,identity_theft,B,0.66,success,200,,1,382,1439,2921,376,jev-1.13.0
23899303,identity_theft__C,identity_theft,C,0.02,success,200,,1,382,1439,2921,376,jev-1.13.0
23899303,insufficient_validation__A,insufficient_validation,A,0.03,success,200,,1,382,1439,2921,376,jev-1.13.0
23899303,insufficient_validation__B,insufficient_validation,B,0.53,success,200,,1,382,1439,2921,376,jev-1.13.0
23899303,insufficient_validation__C,insufficient_validation,C,0.05,success,200,,1,382,1439,2921,376,jev-1.13.0
23899303,wrong_amount__A,wrong_amount,A,0.78,success,200,,1,382,1439,2921,376,jev-1.13.0
23899303,wrong_amount__B,wrong_amount,B,0.99,success,200,,1,382,1439,2921,376,jev-1.13.0
23899303,wrong_amount__C,wrong_amount,C,0.38,success,200,,1,382,1439,2921,376,jev-1.13.0
23899303,credit_damage_threat__A,credit_damage_threat,A,0.2,success,200,,1,382,1439,2921,376,jev-1.13.0
23899303,credit_damage_threat__B,credit_damage_threat,B,0.97,success,200,,1,382,1439,2921,376,jev-1.13.0
23899303,credit_damage_threat__C,credit_damage_threat,C,0.23,success,200,,1,382,1439,2921,376,jev-1.13.0
23899303,arrest_threat__A,arrest_threat,A,0.03,success,200,,1,382,1439,2921,376,jev-1.13.0
23899303,arrest_threat__B,arrest_threat,B,0.03,success,200,,1,382,1439,2921,376,jev-1.13.0
23899303,arrest_threat__C,arrest_threat,C,0.02,success,200,,1,382,1439,2921,376,jev-1.13.0
23899303,sued_no_notice__A,sued_no_notice,A,0.03,success,200,,1,382,1439,2921,376,jev-1.13.0
23899303,sued_no_notice__B,sued_no_notice,B,0.99,success,200,,1,382,1439,2921,376,jev-1.13.0
23899303,sued_no_notice__C,sued_no_notice,C,0.02,success,200,,1,382,1439,2921,376,jev-1.13.0
23924892,identity_theft__A,identity_theft,A,0.03,success,200,,1,268,7719,2879,376,jev-1.13.0
23924892,identity_theft__B,identity_theft,B,0.87,success,200,,1,268,7719,2879,376,jev-1.13.0
23924892,identity_theft__C,identity_theft,C,0.04,success,200,,1,268,7719,2879,376,jev-1.13.0
23924892,insufficient_validation__A,insufficient_validation,A,0.04,success,200,,1,268,7719,2879,376,jev-1.13.0
23924892,insufficient_validation__B,insufficient_validation,B,0.09,success,200,,1,268,7719,2879,376,jev-1.13.0
23924892,insufficient_validation__C,insufficient_validation,C,0.12,success,200,,1,268,7719,2879,376,jev-1.13.0
23924892,wrong_amount__A,wrong_amount,A,0.35,success,200,,1,268,7719,2879,376,jev-1.13.0
23924892,wrong_amount__B,wrong_amount,B,0.99,success,200,,1,268,7719,2879,376,jev-1.13.0
23924892,wrong_amount__C,wrong_amount,C,0.64,success,200,,1,268,7719,2879,376,jev-1.13.0
23924892,credit_damage_threat__A,credit_damage_threat,A,0.1,success,200,,1,268,7719,2879,376,jev-1.13.0
23924892,credit_damage_threat__B,credit_damage_threat,B,0.98,success,200,,1,268,7719,2879,376,jev-1.13.0
23924892,credit_damage_threat__C,credit_damage_threat,C,0.1,success,200,,1,268,7719,2879,376,jev-1.13.0
23924892,arrest_threat__A,arrest_threat,A,0.03,success,200,,1,268,7719,2879,376,jev-1.13.0
23924892,arrest_threat__B,arrest_threat,B,0.03,success,200,,1,268,7719,2879,376,jev-1.13.0
23924892,arrest_threat__C,arrest_threat,C,0.02,success,200,,1,268,7719,2879,376,jev-1.13.0
23924892,sued_no_notice__A,sued_no_notice,A,0.03,success,200,,1,268,7719,2879,376,jev-1.13.0
23924892,sued_no_notice__B,sued_no_notice,B,0.44,success,200,,1,268,7719,2879,376,jev-1.13.0
23924892,sued_no_notice__C,sued_no_notice,C,0.02,success,200,,1,268,7719,2879,376,jev-1.13.0
23926646,identity_theft__A,identity_theft,A,0.03,success,200,,1,298,0337,2769,376,jev-1.13.0
23926646,identity_theft__B,identity_theft,B,0.65,success,200,,1,298,0337,2769,376,jev-1.13.0
23926646,identity_theft__C,identity_theft,C,0.02,success,200,,1,298,0337,2769,376,jev-1.13.0
23926646,insufficient_validation__A,insufficient_validation,A,0.06,success,200,,1,298,0337,2769,376,jev-1.13.0
23926646,insufficient_validation__B,insufficient_validation,B,0.1,success,200,,1,298,0337,2769,376,jev-1.13.0
23926646,insufficient_validation__C,insufficient_validation,C,0.46,success,200,,1,298,0337,2769,376,jev-1.13.0
23926646,wrong_amount__A,wrong_amount,A,0.11,success,200,,1,298,0337,2769,376,jev-1.13.0
23926646,wrong_amount__B,wrong_amount,B,0.86,success,200,,1,298,0337,2769,376,jev-1.13.0
23926646,wrong_amount__C,wrong_amount,C,0.43,success,200,,1,298,0337,2769,376,jev-1.13.0
23926646,credit_damage_threat__A,credit_damage_threat,A,0.06,success,200,,1,298,0337,2769,376,jev-1.13.0
23926646,credit_damage_threat__B,credit_damage_threat,B,0.96,success,200,,1,298,0337,2769,376,jev-1.13.0
23926646,credit_damage_threat__C,credit_damage_threat,C,0.04,success,200,,1,298,0337,2769,376,jev-1.13.0
23926646,arrest_threat__A,arrest_threat,A,0.04,success,200,,1,298,0337,2769,376,jev-1.13.0
23926646,arrest_threat__B,arrest_threat,B,0.02,success,200,,1,298,0337,2769,376,jev-1.13.0
23926646,arrest_threat__C,arrest_threat,C,0.02,success,200,,1,298,0337,2769,376,jev-1.13.0
23926646,sued_no_notice__A,sued_no_notice,A,0.02,success,200,,1,298,0337,2769,376,jev-1.13.0
23926646,sued_no_notice__B,sued_no_notice,B,0.46,success,200,,1,298,0337,2769,376,jev-1.13.0
23926646,sued_no_notice__C,sued_no_notice,C,0.02,success,200,,1,298,0337,2769,376,jev-1.13.0
23935982,identity_theft__A,identity_theft,A,0.03,success,200,,1,311,4193,2741,376,jev-1.13.0
23935982,identity_theft__B,identity_theft,B,0.76,success,200,,1,311,4193,2741,376,jev-1.13.0
23935982,identity_theft__C,identity_theft,C,0.12,success,200,,1,311,4193,2741,376,jev-1.13.0
23935982,insufficient_validation__A,insufficient_validation,A,0.06,success,200,,1,311,4193,2741,376,jev-1.13.0
23935982,insufficient_validation__B,insufficient_validation,B,0.28,success,200,,1,311,4193,2741,376,jev-1.13.0
23935982,insufficient_validation__C,insufficient_validation,C,0.56,success,200,,1,311,4193,2741,376,jev-1.13.0
23935982,wrong_amount__A,wrong_amount,A,0.35,success,200,,1,311,4193,2741,376,jev-1.13.0
23935982,wrong_amount__B,wrong_amount,B,0.89,success,200,,1,311,4193,2741,376,jev-1.13.0
23935982,wrong_amount__C,wrong_amount,C,0.55,success,200,,1,311,4193,2741,376,jev-1.13.0
23935982,credit_damage_threat__A,credit_damage_threat,A,0.04,success,200,,1,311,4193,2741,376,jev-1.13.0
23935982,credit_damage_threat__B,credit_damage_threat,B,0.07,success,200,,1,311,4193,2741,376,jev-1.13.0
23935982,credit_damage_threat__C,credit_damage_threat,C,0.04,success,200,,1,311,4193,2741,376,jev-1.13.0
23935982,arrest_threat__A,arrest_threat,A,0.03,success,200,,1,311,4193,2741,376,jev-1.13.0
23935982,arrest_threat__B,arrest_threat,B,0.03,success,200,,1,311,4193,2741,376,jev-1.13.0
23935982,arrest_threat__C,arrest_threat,C,0.02,success,200,,1,311,4193,2741,376,jev-1.13.0
23935982,sued_no_notice__A,sued_no_notice,A,0.03,success,200,,1,311,4193,2741,376,jev-1.13.0
23935982,sued_no_notice__B,sued_no_notice,B,0.63,success,200,,1,311,4193,2741,376,jev-1.13.0
23935982,sued_no_notice__C,sued_no_notice,C,0.07,success,200,,1,311,4193,2741,376,jev-1.13.0
23935988,identity_theft__A,identity_theft,A,0.02,success,200,,1,299,8681,2732,376,jev-1.13.0
23935988,identity_theft__B,identity_theft,B,0.11,success,200,,1,299,8681,2732,376,jev-1.13.0
23935988,identity_theft__C,identity_theft,C,0.02,success,200,,1,299,8681,2732,376,jev-1.13.0
23935988,insufficient_validation__A,insufficient_validation,A,0.03,success,200,,1,299,8681,2732,376,jev-1.13.0
23935988,insufficient_validation__B,insufficient_validation,B,0.08,success,200,,1,299,8681,2732,376,jev-1.13.0
23935988,insufficient_validation__C,insufficient_validation,C,0.07,success,200,,1,299,8681,2732,376,jev-1.13.0
23935988,wrong_amount__A,wrong_amount,A,0.04,success,200,,1,299,8681,2732,376,jev-1.13.0
23935988,wrong_amount__B,wrong_amount,B,0.09,success,200,,1,299,8681,2732,376,jev-1.13.0
23935988,wrong_amount__C,wrong_amount,C,0.04,success,200,,1,299,8681,2732,376,jev-1.13.0
23935988,credit_damage_threat__A,credit_damage_threat,A,0.04,success,200,,1,299,8681,2732,376,jev-1.13.0
23935988,credit_damage_threat__B,credit_damage_threat,B,0.87,success,200,,1,299,8681,2732,376,jev-1.13.0
23935988,credit_damage_threat__C,credit_damage_threat,C,0.03,success,200,,1,299,8681,2732,376,jev-1.13.0
23935988,arrest_threat__A,arrest_threat,A,0.03,success,200,,1,299,8681,2732,376,jev-1.13.0
23935988,arrest_threat__B,arrest_threat,B,0.02,success,200,,1,299,8681,2732,376,jev-1.13.0
23935988,arrest_threat__C,arrest_threat,C,0.02,success,200,,1,299,8681,2732,376,jev-1.13.0
23935988,sued_no_notice__A,sued_no_notice,A,0.03,success,200,,1,299,8681,2732,376,jev-1.13.0
23935988,sued_no_notice__B,sued_no_notice,B,0.07,success,200,,1,299,8681,2732,376,jev-1.13.0
23935988,sued_no_notice__C,sued_no_notice,C,0.02,success,200,,1,299,8681,2732,376,jev-1.13.0
23942703,identity_theft__A,identity_theft,A,0.03,success,200,,1,283,8545,2762,376,jev-1.13.0
23942703,identity_theft__B,identity_theft,B,0.35,success,200,,1,283,8545,2762,376,jev-1.13.0
23942703,identity_theft__C,identity_theft,C,0.03,success,200,,1,283,8545,2762,376,jev-1.13.0
23942703,insufficient_validation__A,insufficient_validation,A,0.68,success,200,,1,283,8545,2762,376,jev-1.13.0
23942703,insufficient_validation__B,insufficient_validation,B,0.99,success,200,,1,283,8545,2762,376,jev-1.13.0
23942703,insufficient_validation__C,insufficient_validation,C,0.94,success,200,,1,283,8545,2762,376,jev-1.13.0
23942703,wrong_amount__A,wrong_amount,A,0.05,success,200,,1,283,8545,2762,376,jev-1.13.0
23942703,wrong_amount__B,wrong_amount,B,0.53,success,200,,1,283,8545,2762,376,jev-1.13.0
23942703,wrong_amount__C,wrong_amount,C,0.06,success,200,,1,283,8545,2762,376,jev-1.13.0
23942703,credit_damage_threat__A,credit_damage_threat,A,0.05,success,200,,1,283,8545,2762,376,jev-1.13.0
23942703,credit_damage_threat__B,credit_damage_threat,B,0.94,success,200,,1,283,8545,2762,376,jev-1.13.0
23942703,credit_damage_threat__C,credit_damage_threat,C,0.03,success,200,,1,283,8545,2762,376,jev-1.13.0
23942703,arrest_threat__A,arrest_threat,A,0.03,success,200,,1,283,8545,2762,376,jev-1.13.0
23942703,arrest_threat__B,arrest_threat,B,0.02,success,200,,1,283,8545,2762,376,jev-1.13.0
23942703,arrest_threat__C,arrest_threat,C,0.02,success,200,,1,283,8545,2762,376,jev-1.13.0
23942703,sued_no_notice__A,sued_no_notice,A,0.03,success,200,,1,283,8545,2762,376,jev-1.13.0
23942703,sued_no_notice__B,sued_no_notice,B,0.12,success,200,,1,283,8545,2762,376,jev-1.13.0
23942703,sued_no_notice__C,sued_no_notice,C,0.01,success,200,,1,283,8545,2762,376,jev-1.13.0
23945303,identity_theft__A,identity_theft,A,0.03,success,200,,1,300,7053,2711,376,jev-1.13.0
23945303,identity_theft__B,identity_theft,B,0.23,success,200,,1,300,7053,2711,376,jev-1.13.0
23945303,identity_theft__C,identity_theft,C,0.07,success,200,,1,300,7053,2711,376,jev-1.13.0
23945303,insufficient_validation__A,insufficient_validation,A,0.03,success,200,,1,300,7053,2711,376,jev-1.13.0
23945303,insufficient_validation__B,insufficient_validation,B,0.07,success,200,,1,300,7053,2711,376,jev-1.13.0
23945303,insufficient_validation__C,insufficient_validation,C,0.2,success,200,,1,300,7053,2711,376,jev-1.13.0
23945303,wrong_amount__A,wrong_amount,A,0.03,success,200,,1,300,7053,2711,376,jev-1.13.0
23945303,wrong_amount__B,wrong_amount,B,0.07,success,200,,1,300,7053,2711,376,jev-1.13.0
23945303,wrong_amount__C,wrong_amount,C,0.04,success,200,,1,300,7053,2711,376,jev-1.13.0
23945303,credit_damage_threat__A,credit_damage_threat,A,0.91,success,200,,1,300,7053,2711,376,jev-1.13.0
23945303,credit_damage_threat__B,credit_damage_threat,B,0.97,success,200,,1,300,7053,2711,376,jev-1.13.0
23945303,credit_damage_threat__C,credit_damage_threat,C,0.96,success,200,,1,300,7053,2711,376,jev-1.13.0
23945303,arrest_threat__A,arrest_threat,A,0.97,success,200,,1,300,7053,2711,376,jev-1.13.0
23945303,arrest_threat__B,arrest_threat,B,0.89,success,200,,1,300,7053,2711,376,jev-1.13.0
23945303,arrest_threat__C,arrest_threat,C,0.96,success,200,,1,300,7053,2711,376,jev-1.13.0
23945303,sued_no_notice__A,sued_no_notice,A,0.03,success,200,,1,300,7053,2711,376,jev-1.13.0
23945303,sued_no_notice__B,sued_no_notice,B,0.73,success,200,,1,300,7053,2711,376,jev-1.13.0
23945303,sued_no_notice__C,sued_no_notice,C,0.04,success,200,,1,300,7053,2711,376,jev-1.13.0
23948431,identity_theft__A,identity_theft,A,0.02,success,200,,1,298,926,2703,376,jev-1.13.0
23948431,identity_theft__B,identity_theft,B,0.07,success,200,,1,298,926,2703,376,jev-1.13.0
23948431,identity_theft__C,identity_theft,C,0.03,success,200,,1,298,926,2703,376,jev-1.13.0
23948431,insufficient_validation__A,insufficient_validation,A,0.09,success,200,,1,298,926,2703,376,jev-1.13.0
23948431,insufficient_validation__B,insufficient_validation,B,0.37,success,200,,1,298,926,2703,376,jev-1.13.0
23948431,insufficient_validation__C,insufficient_validation,C,0.8,success,200,,1,298,926,2703,376,jev-1.13.0
23948431,wrong_amount__A,wrong_amount,A,0.04,success,200,,1,298,926,2703,376,jev-1.13.0
23948431,wrong_amount__B,wrong_amount,B,0.28,success,200,,1,298,926,2703,376,jev-1.13.0
23948431,wrong_amount__C,wrong_amount,C,0.08,success,200,,1,298,926,2703,376,jev-1.13.0
23948431,credit_damage_threat__A,credit_damage_threat,A,0.05,success,200,,1,298,926,2703,376,jev-1.13.0
23948431,credit_damage_threat__B,credit_damage_threat,B,0.96,success,200,,1,298,926,2703,376,jev-1.13.0
23948431,credit_damage_threat__C,credit_damage_threat,C,0.04,success,200,,1,298,926,2703,376,jev-1.13.0
23948431,arrest_threat__A,arrest_threat,A,0.03,success,200,,1,298,926,2703,376,jev-1.13.0
23948431,arrest_threat__B,arrest_threat,B,0.02,success,200,,1,298,926,2703,376,jev-1.13.0
23948431,arrest_threat__C,arrest_threat,C,0.01,success,200,,1,298,926,2703,376,jev-1.13.0
23948431,sued_no_notice__A,sued_no_notice,A,0.03,success,200,,1,298,926,2703,376,jev-1.13.0
23948431,sued_no_notice__B,sued_no_notice,B,0.13,success,200,,1,298,926,2703,376,jev-1.13.0
23948431,sued_no_notice__C,sued_no_notice,C,0.02,success,200,,1,298,926,2703,376,jev-1.13.0
23948616,identity_theft__A,identity_theft,A,0.03,success,200,,1,268,7505,3404,376,jev-1.13.0
23948616,identity_theft__B,identity_theft,B,0.24,success,200,,1,268,7505,3404,376,jev-1.13.0
23948616,identity_theft__C,identity_theft,C,0.03,success,200,,1,268,7505,3404,376,jev-1.13.0
23948616,insufficient_validation__A,insufficient_validation,A,0.77,success,200,,1,268,7505,3404,376,jev-1.13.0
23948616,insufficient_validation__B,insufficient_validation,B,0.98,success,200,,1,268,7505,3404,376,jev-1.13.0
23948616,insufficient_validation__C,insufficient_validation,C,0.98,success,200,,1,268,7505,3404,376,jev-1.13.0
23948616,wrong_amount__A,wrong_amount,A,0.81,success,200,,1,268,7505,3404,376,jev-1.13.0
23948616,wrong_amount__B,wrong_amount,B,0.96,success,200,,1,268,7505,3404,376,jev-1.13.0
23948616,wrong_amount__C,wrong_amount,C,0.62,success,200,,1,268,7505,3404,376,jev-1.13.0
23948616,credit_damage_threat__A,credit_damage_threat,A,0.15,success,200,,1,268,7505,3404,376,jev-1.13.0
23948616,credit_damage_threat__B,credit_damage_threat,B,0.98,success,200,,1,268,7505,3404,376,jev-1.13.0
23948616,credit_damage_threat__C,credit_damage_threat,C,0.33,success,200,,1,268,7505,3404,376,jev-1.13.0
23948616,arrest_threat__A,arrest_threat,A,0.04,success,200,,1,268,7505,3404,376,jev-1.13.0
23948616,arrest_threat__B,arrest_threat,B,0.04,success,200,,1,268,7505,3404,376,jev-1.13.0
23948616,arrest_threat__C,arrest_threat,C,0.03,success,200,,1,268,7505,3404,376,jev-1.13.0
23948616,sued_no_notice__A,sued_no_notice,A,0.04,success,200,,1,268,7505,3404,376,jev-1.13.0
23948616,sued_no_notice__B,sued_no_notice,B,0.99,success,200,,1,268,7505,3404,376,jev-1.13.0
23948616,sued_no_notice__C,sued_no_notice,C,0.05,success,200,,1,268,7505,3404,376,jev-1.13.0
23956564,identity_theft__A,identity_theft,A,0.02,success,200,,1,324,9309,2865,376,jev-1.13.0
23956564,identity_theft__B,identity_theft,B,0.04,success,200,,1,324,9309,2865,376,jev-1.13.0
23956564,identity_theft__C,identity_theft,C,0.02,success,200,,1,324,9309,2865,376,jev-1.13.0
23956564,insufficient_validation__A,insufficient_validation,A,0.03,success,200,,1,324,9309,2865,376,jev-1.13.0
23956564,insufficient_validation__B,insufficient_validation,B,0.15,success,200,,1,324,9309,2865,376,jev-1.13.0
23956564,insufficient_validation__C,insufficient_validation,C,0.04,success,200,,1,324,9309,2865,376,jev-1.13.0
23956564,wrong_amount__A,wrong_amount,A,0.03,success,200,,1,324,9309,2865,376,jev-1.13.0
23956564,wrong_amount__B,wrong_amount,B,0.06,success,200,,1,324,9309,2865,376,jev-1.13.0
23956564,wrong_amount__C,wrong_amount,C,0.03,success,200,,1,324,9309,2865,376,jev-1.13.0
23956564,credit_damage_threat__A,credit_damage_threat,A,0.58,success,200,,1,324,9309,2865,376,jev-1.13.0
23956564,credit_damage_threat__B,credit_damage_threat,B,0.27,success,200,,1,324,9309,2865,376,jev-1.13.0
23956564,credit_damage_threat__C,credit_damage_threat,C,0.84,success,200,,1,324,9309,2865,376,jev-1.13.0
23956564,arrest_threat__A,arrest_threat,A,0.04,success,200,,1,324,9309,2865,376,jev-1.13.0
23956564,arrest_threat__B,arrest_threat,B,0.07,success,200,,1,324,9309,2865,376,jev-1.13.0
23956564,arrest_threat__C,arrest_threat,C,0.03,success,200,,1,324,9309,2865,376,jev-1.13.0
23956564,sued_no_notice__A,sued_no_notice,A,0.02,success,200,,1,324,9309,2865,376,jev-1.13.0
23956564,sued_no_notice__B,sued_no_notice,B,0.5,success,200,,1,324,9309,2865,376,jev-1.13.0
23956564,sued_no_notice__C,sued_no_notice,C,0.02,success,200,,1,324,9309,2865,376,jev-1.13.0
23957033,identity_theft__A,identity_theft,A,0.03,success,200,,1,275,7807,2695,376,jev-1.13.0
23957033,identity_theft__B,identity_theft,B,0.96,success,200,,1,275,7807,2695,376,jev-1.13.0
23957033,identity_theft__C,identity_theft,C,0.16,success,200,,1,275,7807,2695,376,jev-1.13.0
23957033,insufficient_validation__A,insufficient_validation,A,0.03,success,200,,1,275,7807,2695,376,jev-1.13.0
23957033,insufficient_validation__B,insufficient_validation,B,0.1,success,200,,1,275,7807,2695,376,jev-1.13.0
23957033,insufficient_validation__C,insufficient_validation,C,0.07,success,200,,1,275,7807,2695,376,jev-1.13.0
23957033,wrong_amount__A,wrong_amount,A,0.04,success,200,,1,275,7807,2695,376,jev-1.13.0
23957033,wrong_amount__B,wrong_amount,B,0.2,success,200,,1,275,7807,2695,376,jev-1.13.0
23957033,wrong_amount__C,wrong_amount,C,0.03,success,200,,1,275,7807,2695,376,jev-1.13.0
23957033,credit_damage_threat__A,credit_damage_threat,A,0.04,success,200,,1,275,7807,2695,376,jev-1.13.0
23957033,credit_damage_threat__B,credit_damage_threat,B,0.96,success,200,,1,275,7807,2695,376,jev-1.13.0
23957033,credit_damage_threat__C,credit_damage_threat,C,0.03,success,200,,1,275,7807,2695,376,jev-1.13.0
23957033,arrest_threat__A,arrest_threat,A,0.03,success,200,,1,275,7807,2695,376,jev-1.13.0
23957033,arrest_threat__B,arrest_threat,B,0.02,success,200,,1,275,7807,2695,376,jev-1.13.0
23957033,arrest_threat__C,arrest_threat,C,0.02,success,200,,1,275,7807,2695,376,jev-1.13.0
23957033,sued_no_notice__A,sued_no_notice,A,0.02,success,200,,1,275,7807,2695,376,jev-1.13.0
23957033,sued_no_notice__B,sued_no_notice,B,0.09,success,200,,1,275,7807,2695,376,jev-1.13.0
23957033,sued_no_notice__C,sued_no_notice,C,0.02,success,200,,1,275,7807,2695,376,jev-1.13.0
23978568,identity_theft__A,identity_theft,A,0.03,success,200,,1,298,6565,2776,376,jev-1.13.0
23978568,identity_theft__B,identity_theft,B,0.05,success,200,,1,298,6565,2776,376,jev-1.13.0
23978568,identity_theft__C,identity_theft,C,0.02,success,200,,1,298,6565,2776,376,jev-1.13.0
23978568,insufficient_validation__A,insufficient_validation,A,0.03,success,200,,1,298,6565,2776,376,jev-1.13.0
23978568,insufficient_validation__B,insufficient_validation,B,0.65,success,200,,1,298,6565,2776,376,jev-1.13.0
23978568,insufficient_validation__C,insufficient_validation,C,0.28,success,200,,1,298,6565,2776,376,jev-1.13.0
23978568,wrong_amount__A,wrong_amount,A,0.26,success,200,,1,298,6565,2776,376,jev-1.13.0
23978568,wrong_amount__B,wrong_amount,B,0.97,success,200,,1,298,6565,2776,376,jev-1.13.0
23978568,wrong_amount__C,wrong_amount,C,0.93,success,200,,1,298,6565,2776,376,jev-1.13.0
23978568,credit_damage_threat__A,credit_damage_threat,A,0.08,success,200,,1,298,6565,2776,376,jev-1.13.0
23978568,credit_damage_threat__B,credit_damage_threat,B,0.95,success,200,,1,298,6565,2776,376,jev-1.13.0
23978568,credit_damage_threat__C,credit_damage_threat,C,0.1,success,200,,1,298,6565,2776,376,jev-1.13.0
23978568,arrest_threat__A,arrest_threat,A,0.03,success,200,,1,298,6565,2776,376,jev-1.13.0
23978568,arrest_threat__B,arrest_threat,B,0.02,success,200,,1,298,6565,2776,376,jev-1.13.0
23978568,arrest_threat__C,arrest_threat,C,0.02,success,200,,1,298,6565,2776,376,jev-1.13.0
23978568,sued_no_notice__A,sued_no_notice,A,0.03,success,200,,1,298,6565,2776,376,jev-1.13.0
23978568,sued_no_notice__B,sued_no_notice,B,0.04,success,200,,1,298,6565,2776,376,jev-1.13.0
23978568,sued_no_notice__C,sued_no_notice,C,0.01,success,200,,1,298,6565,2776,376,jev-1.13.0
23981817,identity_theft__A,identity_theft,A,0.03,success,200,,1,296,8757,2690,376,jev-1.13.0
23981817,identity_theft__B,identity_theft,B,0.98,success,200,,1,296,8757,2690,376,jev-1.13.0
23981817,identity_theft__C,identity_theft,C,0.17,success,200,,1,296,8757,2690,376,jev-1.13.0
23981817,insufficient_validation__A,insufficient_validation,A,0.03,success,200,,1,296,8757,2690,376,jev-1.13.0
23981817,insufficient_validation__B,insufficient_validation,B,0.11,success,200,,1,296,8757,2690,376,jev-1.13.0
23981817,insufficient_validation__C,insufficient_validation,C,0.07,success,200,,1,296,8757,2690,376,jev-1.13.0
23981817,wrong_amount__A,wrong_amount,A,0.05,success,200,,1,296,8757,2690,376,jev-1.13.0
23981817,wrong_amount__B,wrong_amount,B,0.23,success,200,,1,296,8757,2690,376,jev-1.13.0
23981817,wrong_amount__C,wrong_amount,C,0.03,success,200,,1,296,8757,2690,376,jev-1.13.0
23981817,credit_damage_threat__A,credit_damage_threat,A,0.04,success,200,,1,296,8757,2690,376,jev-1.13.0
23981817,credit_damage_threat__B,credit_damage_threat,B,0.96,success,200,,1,296,8757,2690,376,jev-1.13.0
23981817,credit_damage_threat__C,credit_damage_threat,C,0.04,success,200,,1,296,8757,2690,376,jev-1.13.0
23981817,arrest_threat__A,arrest_threat,A,0.03,success,200,,1,296,8757,2690,376,jev-1.13.0
23981817,arrest_threat__B,arrest_threat,B,0.03,success,200,,1,296,8757,2690,376,jev-1.13.0
23981817,arrest_threat__C,arrest_threat,C,0.01,success,200,,1,296,8757,2690,376,jev-1.13.0
23981817,sued_no_notice__A,sued_no_notice,A,0.02,success,200,,1,296,8757,2690,376,jev-1.13.0
23981817,sued_no_notice__B,sued_no_notice,B,0.09,success,200,,1,296,8757,2690,376,jev-1.13.0
23981817,sued_no_notice__C,sued_no_notice,C,0.02,success,200,,1,296,8757,2690,376,jev-1.13.0
23982105,identity_theft__A,identity_theft,A,0.03,success,200,,1,304,3329,2826,376,jev-1.13.0
23982105,identity_theft__B,identity_theft,B,0.44,success,200,,1,304,3329,2826,376,jev-1.13.0
23982105,identity_theft__C,identity_theft,C,0.02,success,200,,1,304,3329,2826,376,jev-1.13.0
23982105,insufficient_validation__A,insufficient_validation,A,0.07,success,200,,1,304,3329,2826,376,jev-1.13.0
23982105,insufficient_validation__B,insufficient_validation,B,0.99,success,200,,1,304,3329,2826,376,jev-1.13.0
23982105,insufficient_validation__C,insufficient_validation,C,0.1,success,200,,1,304,3329,2826,376,jev-1.13.0
23982105,wrong_amount__A,wrong_amount,A,0.03,success,200,,1,304,3329,2826,376,jev-1.13.0
23982105,wrong_amount__B,wrong_amount,B,0.55,success,200,,1,304,3329,2826,376,jev-1.13.0
23982105,wrong_amount__C,wrong_amount,C,0.04,success,200,,1,304,3329,2826,376,jev-1.13.0
23982105,credit_damage_threat__A,credit_damage_threat,A,0.04,success,200,,1,304,3329,2826,376,jev-1.13.0
23982105,credit_damage_threat__B,credit_damage_threat,B,0.04,success,200,,1,304,3329,2826,376,jev-1.13.0
23982105,credit_damage_threat__C,credit_damage_threat,C,0.02,success,200,,1,304,3329,2826,376,jev-1.13.0
23982105,arrest_threat__A,arrest_threat,A,0.03,success,200,,1,304,3329,2826,376,jev-1.13.0
23982105,arrest_threat__B,arrest_threat,B,0.02,success,200,,1,304,3329,2826,376,jev-1.13.0
23982105,arrest_threat__C,arrest_threat,C,0.02,success,200,,1,304,3329,2826,376,jev-1.13.0
23982105,sued_no_notice__A,sued_no_notice,A,0.03,success,200,,1,304,3329,2826,376,jev-1.13.0
23982105,sued_no_notice__B,sued_no_notice,B,0.07,success,200,,1,304,3329,2826,376,jev-1.13.0
23982105,sued_no_notice__C,sued_no_notice,C,0.01,success,200,,1,304,3329,2826,376,jev-1.13.0
23994280,identity_theft__A,identity_theft,A,0.03,success,200,,1,274,6639,3161,376,jev-1.13.0
23994280,identity_theft__B,identity_theft,B,0.43,success,200,,1,274,6639,3161,376,jev-1.13.0
23994280,identity_theft__C,identity_theft,C,0.04,success,200,,1,274,6639,3161,376,jev-1.13.0
23994280,insufficient_validation__A,insufficient_validation,A,0.04,success,200,,1,274,6639,3161,376,jev-1.13.0
23994280,insufficient_validation__B,insufficient_validation,B,0.09,success,200,,1,274,6639,3161,376,jev-1.13.0
23994280,insufficient_validation__C,insufficient_validation,C,0.09,success,200,,1,274,6639,3161,376,jev-1.13.0
23994280,wrong_amount__A,wrong_amount,A,0.05,success,200,,1,274,6639,3161,376,jev-1.13.0
23994280,wrong_amount__B,wrong_amount,B,0.26,success,200,,1,274,6639,3161,376,jev-1.13.0
23994280,wrong_amount__C,wrong_amount,C,0.46,success,200,,1,274,6639,3161,376,jev-1.13.0
23994280,credit_damage_threat__A,credit_damage_threat,A,0.07,success,200,,1,274,6639,3161,376,jev-1.13.0
23994280,credit_damage_threat__B,credit_damage_threat,B,0.98,success,200,,1,274,6639,3161,376,jev-1.13.0
23994280,credit_damage_threat__C,credit_damage_threat,C,0.08,success,200,,1,274,6639,3161,376,jev-1.13.0
23994280,arrest_threat__A,arrest_threat,A,0.03,success,200,,1,274,6639,3161,376,jev-1.13.0
23994280,arrest_threat__B,arrest_threat,B,0.03,success,200,,1,274,6639,3161,376,jev-1.13.0
23994280,arrest_threat__C,arrest_threat,C,0.02,success,200,,1,274,6639,3161,376,jev-1.13.0
23994280,sued_no_notice__A,sued_no_notice,A,0.95,success,200,,1,274,6639,3161,376,jev-1.13.0
23994280,sued_no_notice__B,sued_no_notice,B,1,success,200,,1,274,6639,3161,376,jev-1.13.0
23994280,sued_no_notice__C,sued_no_notice,C,0.94,success,200,,1,274,6639,3161,376,jev-1.13.0
23997770,identity_theft__A,identity_theft,A,0.03,success,200,,1,294,7297,2619,376,jev-1.13.0
23997770,identity_theft__B,identity_theft,B,0.99,success,200,,1,294,7297,2619,376,jev-1.13.0
23997770,identity_theft__C,identity_theft,C,0.66,success,200,,1,294,7297,2619,376,jev-1.13.0
23997770,insufficient_validation__A,insufficient_validation,A,0.03,success,200,,1,294,7297,2619,376,jev-1.13.0
23997770,insufficient_validation__B,insufficient_validation,B,0.08,success,200,,1,294,7297,2619,376,jev-1.13.0
23997770,insufficient_validation__C,insufficient_validation,C,0.18,success,200,,1,294,7297,2619,376,jev-1.13.0
23997770,wrong_amount__A,wrong_amount,A,0.05,success,200,,1,294,7297,2619,376,jev-1.13.0
23997770,wrong_amount__B,wrong_amount,B,0.95,success,200,,1,294,7297,2619,376,jev-1.13.0
23997770,wrong_amount__C,wrong_amount,C,0.04,success,200,,1,294,7297,2619,376,jev-1.13.0
23997770,credit_damage_threat__A,credit_damage_threat,A,0.03,success,200,,1,294,7297,2619,376,jev-1.13.0
23997770,credit_damage_threat__B,credit_damage_threat,B,0.05,success,200,,1,294,7297,2619,376,jev-1.13.0
23997770,credit_damage_threat__C,credit_damage_threat,C,0.02,success,200,,1,294,7297,2619,376,jev-1.13.0
23997770,arrest_threat__A,arrest_threat,A,0.03,success,200,,1,294,7297,2619,376,jev-1.13.0
23997770,arrest_threat__B,arrest_threat,B,0.02,success,200,,1,294,7297,2619,376,jev-1.13.0
23997770,arrest_threat__C,arrest_threat,C,0.02,success,200,,1,294,7297,2619,376,jev-1.13.0
23997770,sued_no_notice__A,sued_no_notice,A,0.03,success,200,,1,294,7297,2619,376,jev-1.13.0
23997770,sued_no_notice__B,sued_no_notice,B,0.04,success,200,,1,294,7297,2619,376,jev-1.13.0
23997770,sued_no_notice__C,sued_no_notice,C,0.02,success,200,,1,294,7297,2619,376,jev-1.13.0
24023145,identity_theft__A,identity_theft,A,0.02,success,200,,1,297,0682,2890,376,jev-1.13.0
24023145,identity_theft__B,identity_theft,B,0.49,success,200,,1,297,0682,2890,376,jev-1.13.0
24023145,identity_theft__C,identity_theft,C,0.06,success,200,,1,297,0682,2890,376,jev-1.13.0
24023145,insufficient_validation__A,insufficient_validation,A,0.03,success,200,,1,297,0682,2890,376,jev-1.13.0
24023145,insufficient_validation__B,insufficient_validation,B,0.47,success,200,,1,297,0682,2890,376,jev-1.13.0
24023145,insufficient_validation__C,insufficient_validation,C,0.34,success,200,,1,297,0682,2890,376,jev-1.13.0
24023145,wrong_amount__A,wrong_amount,A,0.04,success,200,,1,297,0682,2890,376,jev-1.13.0
24023145,wrong_amount__B,wrong_amount,B,0.45,success,200,,1,297,0682,2890,376,jev-1.13.0
24023145,wrong_amount__C,wrong_amount,C,0.1,success,200,,1,297,0682,2890,376,jev-1.13.0
24023145,credit_damage_threat__A,credit_damage_threat,A,0.05,success,200,,1,297,0682,2890,376,jev-1.13.0
24023145,credit_damage_threat__B,credit_damage_threat,B,0.05,success,200,,1,297,0682,2890,376,jev-1.13.0
24023145,credit_damage_threat__C,credit_damage_threat,C,0.06,success,200,,1,297,0682,2890,376,jev-1.13.0
24023145,arrest_threat__A,arrest_threat,A,0.04,success,200,,1,297,0682,2890,376,jev-1.13.0
24023145,arrest_threat__B,arrest_threat,B,0.07,success,200,,1,297,0682,2890,376,jev-1.13.0
24023145,arrest_threat__C,arrest_threat,C,0.03,success,200,,1,297,0682,2890,376,jev-1.13.0
24023145,sued_no_notice__A,sued_no_notice,A,0.03,success,200,,1,297,0682,2890,376,jev-1.13.0
24023145,sued_no_notice__B,sued_no_notice,B,0.82,success,200,,1,297,0682,2890,376,jev-1.13.0
24023145,sued_no_notice__C,sued_no_notice,C,0.04,success,200,,1,297,0682,2890,376,jev-1.13.0
24029514,identity_theft__A,identity_theft,A,0.02,success,200,,1,386,0487,3024,376,jev-1.13.0
24029514,identity_theft__B,identity_theft,B,0.25,success,200,,1,386,0487,3024,376,jev-1.13.0
24029514,identity_theft__C,identity_theft,C,0.02,success,200,,1,386,0487,3024,376,jev-1.13.0
24029514,insufficient_validation__A,insufficient_validation,A,0.03,success,200,,1,386,0487,3024,376,jev-1.13.0
24029514,insufficient_validation__B,insufficient_validation,B,0.1,success,200,,1,386,0487,3024,376,jev-1.13.0
24029514,insufficient_validation__C,insufficient_validation,C,0.07,success,200,,1,386,0487,3024,376,jev-1.13.0
24029514,wrong_amount__A,wrong_amount,A,0.08,success,200,,1,386,0487,3024,376,jev-1.13.0
24029514,wrong_amount__B,wrong_amount,B,0.31,success,200,,1,386,0487,3024,376,jev-1.13.0
24029514,wrong_amount__C,wrong_amount,C,0.14,success,200,,1,386,0487,3024,376,jev-1.13.0
24029514,credit_damage_threat__A,credit_damage_threat,A,0.05,success,200,,1,386,0487,3024,376,jev-1.13.0
24029514,credit_damage_threat__B,credit_damage_threat,B,0.97,success,200,,1,386,0487,3024,376,jev-1.13.0
24029514,credit_damage_threat__C,credit_damage_threat,C,0.03,success,200,,1,386,0487,3024,376,jev-1.13.0
24029514,arrest_threat__A,arrest_threat,A,0.03,success,200,,1,386,0487,3024,376,jev-1.13.0
24029514,arrest_threat__B,arrest_threat,B,0.03,success,200,,1,386,0487,3024,376,jev-1.13.0
24029514,arrest_threat__C,arrest_threat,C,0.02,success,200,,1,386,0487,3024,376,jev-1.13.0
24029514,sued_no_notice__A,sued_no_notice,A,0.02,success,200,,1,386,0487,3024,376,jev-1.13.0
24029514,sued_no_notice__B,sued_no_notice,B,0.09,success,200,,1,386,0487,3024,376,jev-1.13.0
24029514,sued_no_notice__C,sued_no_notice,C,0.02,success,200,,1,386,0487,3024,376,jev-1.13.0
24101262,identity_theft__A,identity_theft,A,0.03,success,200,,1,341,0011,2813,376,jev-1.13.0
24101262,identity_theft__B,identity_theft,B,0.22,success,200,,1,341,0011,2813,376,jev-1.13.0
24101262,identity_theft__C,identity_theft,C,0.03,success,200,,1,341,0011,2813,376,jev-1.13.0
24101262,insufficient_validation__A,insufficient_validation,A,0.93,success,200,,1,341,0011,2813,376,jev-1.13.0
24101262,insufficient_validation__B,insufficient_validation,B,0.99,success,200,,1,341,0011,2813,376,jev-1.13.0
24101262,insufficient_validation__C,insufficient_validation,C,0.97,success,200,,1,341,0011,2813,376,jev-1.13.0
24101262,wrong_amount__A,wrong_amount,A,0.04,success,200,,1,341,0011,2813,376,jev-1.13.0
24101262,wrong_amount__B,wrong_amount,B,0.44,success,200,,1,341,0011,2813,376,jev-1.13.0
24101262,wrong_amount__C,wrong_amount,C,0.05,success,200,,1,341,0011,2813,376,jev-1.13.0
24101262,credit_damage_threat__A,credit_damage_threat,A,0.05,success,200,,1,341,0011,2813,376,jev-1.13.0
24101262,credit_damage_threat__B,credit_damage_threat,B,0.04,success,200,,1,341,0011,2813,376,jev-1.13.0
24101262,credit_damage_threat__C,credit_damage_threat,C,0.03,success,200,,1,341,0011,2813,376,jev-1.13.0
24101262,arrest_threat__A,arrest_threat,A,0.04,success,200,,1,341,0011,2813,376,jev-1.13.0
24101262,arrest_threat__B,arrest_threat,B,0.03,success,200,,1,341,0011,2813,376,jev-1.13.0
24101262,arrest_threat__C,arrest_threat,C,0.02,success,200,,1,341,0011,2813,376,jev-1.13.0
24101262,sued_no_notice__A,sued_no_notice,A,0.98,success,200,,1,341,0011,2813,376,jev-1.13.0
24101262,sued_no_notice__B,sued_no_notice,B,0.99,success,200,,1,341,0011,2813,376,jev-1.13.0
24101262,sued_no_notice__C,sued_no_notice,C,0.98,success,200,,1,341,0011,2813,376,jev-1.13.0
24116142,identity_theft__A,identity_theft,A,0.03,success,200,,1,328,4272,2731,376,jev-1.13.0
24116142,identity_theft__B,identity_theft,B,0.84,success,200,,1,328,4272,2731,376,jev-1.13.0
24116142,identity_theft__C,identity_theft,C,0.07,success,200,,1,328,4272,2731,376,jev-1.13.0
24116142,insufficient_validation__A,insufficient_validation,A,0.06,success,200,,1,328,4272,2731,376,jev-1.13.0
24116142,insufficient_validation__B,insufficient_validation,B,0.16,success,200,,1,328,4272,2731,376,jev-1.13.0
24116142,insufficient_validation__C,insufficient_validation,C,0.25,success,200,,1,328,4272,2731,376,jev-1.13.0
24116142,wrong_amount__A,wrong_amount,A,0.68,success,200,,1,328,4272,2731,376,jev-1.13.0
24116142,wrong_amount__B,wrong_amount,B,0.95,success,200,,1,328,4272,2731,376,jev-1.13.0
24116142,wrong_amount__C,wrong_amount,C,0.85,success,200,,1,328,4272,2731,376,jev-1.13.0
24116142,credit_damage_threat__A,credit_damage_threat,A,0.05,success,200,,1,328,4272,2731,376,jev-1.13.0
24116142,credit_damage_threat__B,credit_damage_threat,B,0.98,success,200,,1,328,4272,2731,376,jev-1.13.0
24116142,credit_damage_threat__C,credit_damage_threat,C,0.04,success,200,,1,328,4272,2731,376,jev-1.13.0
24116142,arrest_threat__A,arrest_threat,A,0.03,success,200,,1,328,4272,2731,376,jev-1.13.0
24116142,arrest_threat__B,arrest_threat,B,0.02,success,200,,1,328,4272,2731,376,jev-1.13.0
24116142,arrest_threat__C,arrest_threat,C,0.02,success,200,,1,328,4272,2731,376,jev-1.13.0
24116142,sued_no_notice__A,sued_no_notice,A,0.02,success,200,,1,328,4272,2731,376,jev-1.13.0
24116142,sued_no_notice__B,sued_no_notice,B,0.04,success,200,,1,328,4272,2731,376,jev-1.13.0
24116142,sued_no_notice__C,sued_no_notice,C,0.02,success,200,,1,328,4272,2731,376,jev-1.13.0
24120907,identity_theft__A,identity_theft,A,0.03,success,200,,1,349,2506,2733,376,jev-1.13.0
24120907,identity_theft__B,identity_theft,B,0.14,success,200,,1,349,2506,2733,376,jev-1.13.0
24120907,identity_theft__C,identity_theft,C,0.06,success,200,,1,349,2506,2733,376,jev-1.13.0
24120907,insufficient_validation__A,insufficient_validation,A,0.04,success,200,,1,349,2506,2733,376,jev-1.13.0
24120907,insufficient_validation__B,insufficient_validation,B,0.9,success,200,,1,349,2506,2733,376,jev-1.13.0
24120907,insufficient_validation__C,insufficient_validation,C,0.33,success,200,,1,349,2506,2733,376,jev-1.13.0
24120907,wrong_amount__A,wrong_amount,A,0.07,success,200,,1,349,2506,2733,376,jev-1.13.0
24120907,wrong_amount__B,wrong_amount,B,0.93,success,200,,1,349,2506,2733,376,jev-1.13.0
24120907,wrong_amount__C,wrong_amount,C,0.68,success,200,,1,349,2506,2733,376,jev-1.13.0
24120907,credit_damage_threat__A,credit_damage_threat,A,0.04,success,200,,1,349,2506,2733,376,jev-1.13.0
24120907,credit_damage_threat__B,credit_damage_threat,B,0.05,success,200,,1,349,2506,2733,376,jev-1.13.0
24120907,credit_damage_threat__C,credit_damage_threat,C,0.05,success,200,,1,349,2506,2733,376,jev-1.13.0
24120907,arrest_threat__A,arrest_threat,A,0.04,success,200,,1,349,2506,2733,376,jev-1.13.0
24120907,arrest_threat__B,arrest_threat,B,0.03,success,200,,1,349,2506,2733,376,jev-1.13.0
24120907,arrest_threat__C,arrest_threat,C,0.02,success,200,,1,349,2506,2733,376,jev-1.13.0
24120907,sued_no_notice__A,sued_no_notice,A,0.03,success,200,,1,349,2506,2733,376,jev-1.13.0
24120907,sued_no_notice__B,sued_no_notice,B,0.05,success,200,,1,349,2506,2733,376,jev-1.13.0
24120907,sued_no_notice__C,sued_no_notice,C,0.03,success,200,,1,349,2506,2733,376,jev-1.13.0
24122007,identity_theft__A,identity_theft,A,0.03,success,200,,1,269,1582,3013,376,jev-1.13.0
24122007,identity_theft__B,identity_theft,B,0.25,success,200,,1,269,1582,3013,376,jev-1.13.0
24122007,identity_theft__C,identity_theft,C,0.04,success,200,,1,269,1582,3013,376,jev-1.13.0
24122007,insufficient_validation__A,insufficient_validation,A,0.06,success,200,,1,269,1582,3013,376,jev-1.13.0
24122007,insufficient_validation__B,insufficient_validation,B,0.99,success,200,,1,269,1582,3013,376,jev-1.13.0
24122007,insufficient_validation__C,insufficient_validation,C,0.2,success,200,,1,269,1582,3013,376,jev-1.13.0
24122007,wrong_amount__A,wrong_amount,A,0.06,success,200,,1,269,1582,3013,376,jev-1.13.0
24122007,wrong_amount__B,wrong_amount,B,0.82,success,200,,1,269,1582,3013,376,jev-1.13.0
24122007,wrong_amount__C,wrong_amount,C,0.12,success,200,,1,269,1582,3013,376,jev-1.13.0
24122007,credit_damage_threat__A,credit_damage_threat,A,0.04,success,200,,1,269,1582,3013,376,jev-1.13.0
24122007,credit_damage_threat__B,credit_damage_threat,B,0.75,success,200,,1,269,1582,3013,376,jev-1.13.0
24122007,credit_damage_threat__C,credit_damage_threat,C,0.03,success,200,,1,269,1582,3013,376,jev-1.13.0
24122007,arrest_threat__A,arrest_threat,A,0.03,success,200,,1,269,1582,3013,376,jev-1.13.0
24122007,arrest_threat__B,arrest_threat,B,0.02,success,200,,1,269,1582,3013,376,jev-1.13.0
24122007,arrest_threat__C,arrest_threat,C,0.01,success,200,,1,269,1582,3013,376,jev-1.13.0
24122007,sued_no_notice__A,sued_no_notice,A,0.03,success,200,,1,269,1582,3013,376,jev-1.13.0
24122007,sued_no_notice__B,sued_no_notice,B,0.09,success,200,,1,269,1582,3013,376,jev-1.13.0
24122007,sued_no_notice__C,sued_no_notice,C,0.01,success,200,,1,269,1582,3013,376,jev-1.13.0
24146762,identity_theft__A,identity_theft,A,0.02,success,200,,1,282,5575,2624,376,jev-1.13.0
24146762,identity_theft__B,identity_theft,B,0.12,success,200,,1,282,5575,2624,376,jev-1.13.0
24146762,identity_theft__C,identity_theft,C,0.04,success,200,,1,282,5575,2624,376,jev-1.13.0
24146762,insufficient_validation__A,insufficient_validation,A,0.02,success,200,,1,282,5575,2624,376,jev-1.13.0
24146762,insufficient_validation__B,insufficient_validation,B,0.08,success,200,,1,282,5575,2624,376,jev-1.13.0
24146762,insufficient_validation__C,insufficient_validation,C,0.08,success,200,,1,282,5575,2624,376,jev-1.13.0
24146762,wrong_amount__A,wrong_amount,A,0.08,success,200,,1,282,5575,2624,376,jev-1.13.0
24146762,wrong_amount__B,wrong_amount,B,0.91,success,200,,1,282,5575,2624,376,jev-1.13.0
24146762,wrong_amount__C,wrong_amount,C,0.78,success,200,,1,282,5575,2624,376,jev-1.13.0
24146762,credit_damage_threat__A,credit_damage_threat,A,0.03,success,200,,1,282,5575,2624,376,jev-1.13.0
24146762,credit_damage_threat__B,credit_damage_threat,B,0.68,success,200,,1,282,5575,2624,376,jev-1.13.0
24146762,credit_damage_threat__C,credit_damage_threat,C,0.03,success,200,,1,282,5575,2624,376,jev-1.13.0
24146762,arrest_threat__A,arrest_threat,A,0.02,success,200,,1,282,5575,2624,376,jev-1.13.0
24146762,arrest_threat__B,arrest_threat,B,0.02,success,200,,1,282,5575,2624,376,jev-1.13.0
24146762,arrest_threat__C,arrest_threat,C,0.01,success,200,,1,282,5575,2624,376,jev-1.13.0
24146762,sued_no_notice__A,sued_no_notice,A,0.02,success,200,,1,282,5575,2624,376,jev-1.13.0
24146762,sued_no_notice__B,sued_no_notice,B,0.04,success,200,,1,282,5575,2624,376,jev-1.13.0
24146762,sued_no_notice__C,sued_no_notice,C,0.01,success,200,,1,282,5575,2624,376,jev-1.13.0
24146843,identity_theft__A,identity_theft,A,0.02,success,200,,1,279,1387,2778,376,jev-1.13.0
24146843,identity_theft__B,identity_theft,B,0.96,success,200,,1,279,1387,2778,376,jev-1.13.0
24146843,identity_theft__C,identity_theft,C,0.1,success,200,,1,279,1387,2778,376,jev-1.13.0
24146843,insufficient_validation__A,insufficient_validation,A,0.03,success,200,,1,279,1387,2778,376,jev-1.13.0
24146843,insufficient_validation__B,insufficient_validation,B,0.32,success,200,,1,279,1387,2778,376,jev-1.13.0
24146843,insufficient_validation__C,insufficient_validation,C,0.41,success,200,,1,279,1387,2778,376,jev-1.13.0
24146843,wrong_amount__A,wrong_amount,A,0.1,success,200,,1,279,1387,2778,376,jev-1.13.0
24146843,wrong_amount__B,wrong_amount,B,0.96,success,200,,1,279,1387,2778,376,jev-1.13.0
24146843,wrong_amount__C,wrong_amount,C,0.23,success,200,,1,279,1387,2778,376,jev-1.13.0
24146843,credit_damage_threat__A,credit_damage_threat,A,0.03,success,200,,1,279,1387,2778,376,jev-1.13.0
24146843,credit_damage_threat__B,credit_damage_threat,B,0.04,success,200,,1,279,1387,2778,376,jev-1.13.0
24146843,credit_damage_threat__C,credit_damage_threat,C,0.03,success,200,,1,279,1387,2778,376,jev-1.13.0
24146843,arrest_threat__A,arrest_threat,A,0.03,success,200,,1,279,1387,2778,376,jev-1.13.0
24146843,arrest_threat__B,arrest_threat,B,0.03,success,200,,1,279,1387,2778,376,jev-1.13.0
24146843,arrest_threat__C,arrest_threat,C,0.02,success,200,,1,279,1387,2778,376,jev-1.13.0
24146843,sued_no_notice__A,sued_no_notice,A,0.95,success,200,,1,279,1387,2778,376,jev-1.13.0
24146843,sued_no_notice__B,sued_no_notice,B,0.99,success,200,,1,279,1387,2778,376,jev-1.13.0
24146843,sued_no_notice__C,sued_no_notice,C,0.93,success,200,,1,279,1387,2778,376,jev-1.13.0
24147232,identity_theft__A,identity_theft,A,0.02,success,200,,1,345,7021,2769,376,jev-1.13.0
24147232,identity_theft__B,identity_theft,B,0.34,success,200,,1,345,7021,2769,376,jev-1.13.0
24147232,identity_theft__C,identity_theft,C,0.03,success,200,,1,345,7021,2769,376,jev-1.13.0
24147232,insufficient_validation__A,insufficient_validation,A,0.82,success,200,,1,345,7021,2769,376,jev-1.13.0
24147232,insufficient_validation__B,insufficient_validation,B,0.99,success,200,,1,345,7021,2769,376,jev-1.13.0
24147232,insufficient_validation__C,insufficient_validation,C,0.96,success,200,,1,345,7021,2769,376,jev-1.13.0
24147232,wrong_amount__A,wrong_amount,A,0.05,success,200,,1,345,7021,2769,376,jev-1.13.0
24147232,wrong_amount__B,wrong_amount,B,0.89,success,200,,1,345,7021,2769,376,jev-1.13.0
24147232,wrong_amount__C,wrong_amount,C,0.09,success,200,,1,345,7021,2769,376,jev-1.13.0
24147232,credit_damage_threat__A,credit_damage_threat,A,0.07,success,200,,1,345,7021,2769,376,jev-1.13.0
24147232,credit_damage_threat__B,credit_damage_threat,B,0.97,success,200,,1,345,7021,2769,376,jev-1.13.0
24147232,credit_damage_threat__C,credit_damage_threat,C,0.04,success,200,,1,345,7021,2769,376,jev-1.13.0
24147232,arrest_threat__A,arrest_threat,A,0.03,success,200,,1,345,7021,2769,376,jev-1.13.0
24147232,arrest_threat__B,arrest_threat,B,0.02,success,200,,1,345,7021,2769,376,jev-1.13.0
24147232,arrest_threat__C,arrest_threat,C,0.02,success,200,,1,345,7021,2769,376,jev-1.13.0
24147232,sued_no_notice__A,sued_no_notice,A,0.02,success,200,,1,345,7021,2769,376,jev-1.13.0
24147232,sued_no_notice__B,sued_no_notice,B,0.3,success,200,,1,345,7021,2769,376,jev-1.13.0
24147232,sued_no_notice__C,sued_no_notice,C,0.02,success,200,,1,345,7021,2769,376,jev-1.13.0
24149347,identity_theft__A,identity_theft,A,0.02,success,200,,1,348,4762,2678,376,jev-1.13.0
24149347,identity_theft__B,identity_theft,B,0.23,success,200,,1,348,4762,2678,376,jev-1.13.0
24149347,identity_theft__C,identity_theft,C,0.04,success,200,,1,348,4762,2678,376,jev-1.13.0
24149347,insufficient_validation__A,insufficient_validation,A,0.03,success,200,,1,348,4762,2678,376,jev-1.13.0
24149347,insufficient_validation__B,insufficient_validation,B,0.06,success,200,,1,348,4762,2678,376,jev-1.13.0
24149347,insufficient_validation__C,insufficient_validation,C,0.09,success,200,,1,348,4762,2678,376,jev-1.13.0
24149347,wrong_amount__A,wrong_amount,A,0.03,success,200,,1,348,4762,2678,376,jev-1.13.0
24149347,wrong_amount__B,wrong_amount,B,0.04,success,200,,1,348,4762,2678,376,jev-1.13.0
24149347,wrong_amount__C,wrong_amount,C,0.03,success,200,,1,348,4762,2678,376,jev-1.13.0
24149347,credit_damage_threat__A,credit_damage_threat,A,0.03,success,200,,1,348,4762,2678,376,jev-1.13.0
24149347,credit_damage_threat__B,credit_damage_threat,B,0.04,success,200,,1,348,4762,2678,376,jev-1.13.0
24149347,credit_damage_threat__C,credit_damage_threat,C,0.02,success,200,,1,348,4762,2678,376,jev-1.13.0
24149347,arrest_threat__A,arrest_threat,A,0.03,success,200,,1,348,4762,2678,376,jev-1.13.0
24149347,arrest_threat__B,arrest_threat,B,0.06,success,200,,1,348,4762,2678,376,jev-1.13.0
24149347,arrest_threat__C,arrest_threat,C,0.03,success,200,,1,348,4762,2678,376,jev-1.13.0
24149347,sued_no_notice__A,sued_no_notice,A,0.1,success,200,,1,348,4762,2678,376,jev-1.13.0
24149347,sued_no_notice__B,sued_no_notice,B,0.92,success,200,,1,348,4762,2678,376,jev-1.13.0
24149347,sued_no_notice__C,sued_no_notice,C,0.74,success,200,,1,348,4762,2678,376,jev-1.13.0
24154895,identity_theft__A,identity_theft,A,0.02,success,200,,1,283,5791,2639,376,jev-1.13.0
24154895,identity_theft__B,identity_theft,B,0.07,success,200,,1,283,5791,2639,376,jev-1.13.0
24154895,identity_theft__C,identity_theft,C,0.03,success,200,,1,283,5791,2639,376,jev-1.13.0
24154895,insufficient_validation__A,insufficient_validation,A,0.04,success,200,,1,283,5791,2639,376,jev-1.13.0
24154895,insufficient_validation__B,insufficient_validation,B,0.77,success,200,,1,283,5791,2639,376,jev-1.13.0
24154895,insufficient_validation__C,insufficient_validation,C,0.58,success,200,,1,283,5791,2639,376,jev-1.13.0
24154895,wrong_amount__A,wrong_amount,A,0.03,success,200,,1,283,5791,2639,376,jev-1.13.0
24154895,wrong_amount__B,wrong_amount,B,0.07,success,200,,1,283,5791,2639,376,jev-1.13.0
24154895,wrong_amount__C,wrong_amount,C,0.06,success,200,,1,283,5791,2639,376,jev-1.13.0
24154895,credit_damage_threat__A,credit_damage_threat,A,0.03,success,200,,1,283,5791,2639,376,jev-1.13.0
24154895,credit_damage_threat__B,credit_damage_threat,B,0.03,success,200,,1,283,5791,2639,376,jev-1.13.0
24154895,credit_damage_threat__C,credit_damage_threat,C,0.02,success,200,,1,283,5791,2639,376,jev-1.13.0
24154895,arrest_threat__A,arrest_threat,A,0.03,success,200,,1,283,5791,2639,376,jev-1.13.0
24154895,arrest_threat__B,arrest_threat,B,0.02,success,200,,1,283,5791,2639,376,jev-1.13.0
24154895,arrest_threat__C,arrest_threat,C,0.01,success,200,,1,283,5791,2639,376,jev-1.13.0
24154895,sued_no_notice__A,sued_no_notice,A,0.02,success,200,,1,283,5791,2639,376,jev-1.13.0
24154895,sued_no_notice__B,sued_no_notice,B,0.04,success,200,,1,283,5791,2639,376,jev-1.13.0
24154895,sued_no_notice__C,sued_no_notice,C,0.01,success,200,,1,283,5791,2639,376,jev-1.13.0
24157666,identity_theft__A,identity_theft,A,0.03,success,200,,1,269,8788,2681,376,jev-1.13.0
24157666,identity_theft__B,identity_theft,B,0.6,success,200,,1,269,8788,2681,376,jev-1.13.0
24157666,identity_theft__C,identity_theft,C,0.07,success,200,,1,269,8788,2681,376,jev-1.13.0
24157666,insufficient_validation__A,insufficient_validation,A,0.69,success,200,,1,269,8788,2681,376,jev-1.13.0
24157666,insufficient_validation__B,insufficient_validation,B,0.98,success,200,,1,269,8788,2681,376,jev-1.13.0
24157666,insufficient_validation__C,insufficient_validation,C,0.93,success,200,,1,269,8788,2681,376,jev-1.13.0
24157666,wrong_amount__A,wrong_amount,A,0.04,success,200,,1,269,8788,2681,376,jev-1.13.0
24157666,wrong_amount__B,wrong_amount,B,0.34,success,200,,1,269,8788,2681,376,jev-1.13.0
24157666,wrong_amount__C,wrong_amount,C,0.05,success,200,,1,269,8788,2681,376,jev-1.13.0
24157666,credit_damage_threat__A,credit_damage_threat,A,0.04,success,200,,1,269,8788,2681,376,jev-1.13.0
24157666,credit_damage_threat__B,credit_damage_threat,B,0.84,success,200,,1,269,8788,2681,376,jev-1.13.0
24157666,credit_damage_threat__C,credit_damage_threat,C,0.02,success,200,,1,269,8788,2681,376,jev-1.13.0
24157666,arrest_threat__A,arrest_threat,A,0.03,success,200,,1,269,8788,2681,376,jev-1.13.0
24157666,arrest_threat__B,arrest_threat,B,0.02,success,200,,1,269,8788,2681,376,jev-1.13.0
24157666,arrest_threat__C,arrest_threat,C,0.01,success,200,,1,269,8788,2681,376,jev-1.13.0
24157666,sued_no_notice__A,sued_no_notice,A,0.03,success,200,,1,269,8788,2681,376,jev-1.13.0
24157666,sued_no_notice__B,sued_no_notice,B,0.04,success,200,,1,269,8788,2681,376,jev-1.13.0
24157666,sued_no_notice__C,sued_no_notice,C,0.01,success,200,,1,269,8788,2681,376,jev-1.13.0
24157762,identity_theft__A,identity_theft,A,0.03,success,200,,1,293,0415,2717,376,jev-1.13.0
24157762,identity_theft__B,identity_theft,B,0.55,success,200,,1,293,0415,2717,376,jev-1.13.0
24157762,identity_theft__C,identity_theft,C,0.03,success,200,,1,293,0415,2717,376,jev-1.13.0
24157762,insufficient_validation__A,insufficient_validation,A,0.05,success,200,,1,293,0415,2717,376,jev-1.13.0
24157762,insufficient_validation__B,insufficient_validation,B,0.98,success,200,,1,293,0415,2717,376,jev-1.13.0
24157762,insufficient_validation__C,insufficient_validation,C,0.13,success,200,,1,293,0415,2717,376,jev-1.13.0
24157762,wrong_amount__A,wrong_amount,A,0.06,success,200,,1,293,0415,2717,376,jev-1.13.0
24157762,wrong_amount__B,wrong_amount,B,0.98,success,200,,1,293,0415,2717,376,jev-1.13.0
24157762,wrong_amount__C,wrong_amount,C,0.04,success,200,,1,293,0415,2717,376,jev-1.13.0
24157762,credit_damage_threat__A,credit_damage_threat,A,0.04,success,200,,1,293,0415,2717,376,jev-1.13.0
24157762,credit_damage_threat__B,credit_damage_threat,B,0.04,success,200,,1,293,0415,2717,376,jev-1.13.0
24157762,credit_damage_threat__C,credit_damage_threat,C,0.03,success,200,,1,293,0415,2717,376,jev-1.13.0
24157762,arrest_threat__A,arrest_threat,A,0.03,success,200,,1,293,0415,2717,376,jev-1.13.0
24157762,arrest_threat__B,arrest_threat,B,0.02,success,200,,1,293,0415,2717,376,jev-1.13.0
24157762,arrest_threat__C,arrest_threat,C,0.02,success,200,,1,293,0415,2717,376,jev-1.13.0
24157762,sued_no_notice__A,sued_no_notice,A,0.02,success,200,,1,293,0415,2717,376,jev-1.13.0
24157762,sued_no_notice__B,sued_no_notice,B,0.07,success,200,,1,293,0415,2717,376,jev-1.13.0
24157762,sued_no_notice__C,sued_no_notice,C,0.02,success,200,,1,293,0415,2717,376,jev-1.13.0
24178505,identity_theft__A,identity_theft,A,0.1,success,200,,1,324,5451,2735,376,jev-1.13.0
24178505,identity_theft__B,identity_theft,B,0.99,success,200,,1,324,5451,2735,376,jev-1.13.0
24178505,identity_theft__C,identity_theft,C,0.86,success,200,,1,324,5451,2735,376,jev-1.13.0
24178505,insufficient_validation__A,insufficient_validation,A,0.03,success,200,,1,324,5451,2735,376,jev-1.13.0
24178505,insufficient_validation__B,insufficient_validation,B,0.1,success,200,,1,324,5451,2735,376,jev-1.13.0
24178505,insufficient_validation__C,insufficient_validation,C,0.14,success,200,,1,324,5451,2735,376,jev-1.13.0
24178505,wrong_amount__A,wrong_amount,A,0.05,success,200,,1,324,5451,2735,376,jev-1.13.0
24178505,wrong_amount__B,wrong_amount,B,0.72,success,200,,1,324,5451,2735,376,jev-1.13.0
24178505,wrong_amount__C,wrong_amount,C,0.04,success,200,,1,324,5451,2735,376,jev-1.13.0
24178505,credit_damage_threat__A,credit_damage_threat,A,0.04,success,200,,1,324,5451,2735,376,jev-1.13.0
24178505,credit_damage_threat__B,credit_damage_threat,B,0.98,success,200,,1,324,5451,2735,376,jev-1.13.0
24178505,credit_damage_threat__C,credit_damage_threat,C,0.03,success,200,,1,324,5451,2735,376,jev-1.13.0
24178505,arrest_threat__A,arrest_threat,A,0.03,success,200,,1,324,5451,2735,376,jev-1.13.0
24178505,arrest_threat__B,arrest_threat,B,0.03,success,200,,1,324,5451,2735,376,jev-1.13.0
24178505,arrest_threat__C,arrest_threat,C,0.02,success,200,,1,324,5451,2735,376,jev-1.13.0
24178505,sued_no_notice__A,sued_no_notice,A,0.02,success,200,,1,324,5451,2735,376,jev-1.13.0
24178505,sued_no_notice__B,sued_no_notice,B,0.05,success,200,,1,324,5451,2735,376,jev-1.13.0
24178505,sued_no_notice__C,sued_no_notice,C,0.01,success,200,,1,324,5451,2735,376,jev-1.13.0
24196342,identity_theft__A,identity_theft,A,0.02,success,200,,1,331,5522,3325,376,jev-1.13.0
24196342,identity_theft__B,identity_theft,B,0.14,success,200,,1,331,5522,3325,376,jev-1.13.0
24196342,identity_theft__C,identity_theft,C,0.03,success,200,,1,331,5522,3325,376,jev-1.13.0
24196342,insufficient_validation__A,insufficient_validation,A,0.37,success,200,,1,331,5522,3325,376,jev-1.13.0
24196342,insufficient_validation__B,insufficient_validation,B,0.99,success,200,,1,331,5522,3325,376,jev-1.13.0
24196342,insufficient_validation__C,insufficient_validation,C,0.77,success,200,,1,331,5522,3325,376,jev-1.13.0
24196342,wrong_amount__A,wrong_amount,A,0.98,success,200,,1,331,5522,3325,376,jev-1.13.0
24196342,wrong_amount__B,wrong_amount,B,0.99,success,200,,1,331,5522,3325,376,jev-1.13.0
24196342,wrong_amount__C,wrong_amount,C,0.97,success,200,,1,331,5522,3325,376,jev-1.13.0
24196342,credit_damage_threat__A,credit_damage_threat,A,0.1,success,200,,1,331,5522,3325,376,jev-1.13.0
24196342,credit_damage_threat__B,credit_damage_threat,B,0.99,success,200,,1,331,5522,3325,376,jev-1.13.0
24196342,credit_damage_threat__C,credit_damage_threat,C,0.23,success,200,,1,331,5522,3325,376,jev-1.13.0
24196342,arrest_threat__A,arrest_threat,A,0.04,success,200,,1,331,5522,3325,376,jev-1.13.0
24196342,arrest_threat__B,arrest_threat,B,0.07,success,200,,1,331,5522,3325,376,jev-1.13.0
24196342,arrest_threat__C,arrest_threat,C,0.03,success,200,,1,331,5522,3325,376,jev-1.13.0
24196342,sued_no_notice__A,sued_no_notice,A,0.02,success,200,,1,331,5522,3325,376,jev-1.13.0
24196342,sued_no_notice__B,sued_no_notice,B,0.79,success,200,,1,331,5522,3325,376,jev-1.13.0
24196342,sued_no_notice__C,sued_no_notice,C,0.02,success,200,,1,331,5522,3325,376,jev-1.13.0
24199424,identity_theft__A,identity_theft,A,0.03,success,200,,1,284,6579,2788,376,jev-1.13.0
24199424,identity_theft__B,identity_theft,B,0.89,success,200,,1,284,6579,2788,376,jev-1.13.0
24199424,identity_theft__C,identity_theft,C,0.03,success,200,,1,284,6579,2788,376,jev-1.13.0
24199424,insufficient_validation__A,insufficient_validation,A,0.06,success,200,,1,284,6579,2788,376,jev-1.13.0
24199424,insufficient_validation__B,insufficient_validation,B,0.32,success,200,,1,284,6579,2788,376,jev-1.13.0
24199424,insufficient_validation__C,insufficient_validation,C,0.13,success,200,,1,284,6579,2788,376,jev-1.13.0
24199424,wrong_amount__A,wrong_amount,A,0.55,success,200,,1,284,6579,2788,376,jev-1.13.0
24199424,wrong_amount__B,wrong_amount,B,0.96,success,200,,1,284,6579,2788,376,jev-1.13.0
24199424,wrong_amount__C,wrong_amount,C,0.7,success,200,,1,284,6579,2788,376,jev-1.13.0
24199424,credit_damage_threat__A,credit_damage_threat,A,0.05,success,200,,1,284,6579,2788,376,jev-1.13.0
24199424,credit_damage_threat__B,credit_damage_threat,B,0.95,success,200,,1,284,6579,2788,376,jev-1.13.0
24199424,credit_damage_threat__C,credit_damage_threat,C,0.03,success,200,,1,284,6579,2788,376,jev-1.13.0
24199424,arrest_threat__A,arrest_threat,A,0.04,success,200,,1,284,6579,2788,376,jev-1.13.0
24199424,arrest_threat__B,arrest_threat,B,0.02,success,200,,1,284,6579,2788,376,jev-1.13.0
24199424,arrest_threat__C,arrest_threat,C,0.02,success,200,,1,284,6579,2788,376,jev-1.13.0
24199424,sued_no_notice__A,sued_no_notice,A,0.02,success,200,,1,284,6579,2788,376,jev-1.13.0
24199424,sued_no_notice__B,sued_no_notice,B,0.08,success,200,,1,284,6579,2788,376,jev-1.13.0
24199424,sued_no_notice__C,sued_no_notice,C,0.01,success,200,,1,284,6579,2788,376,jev-1.13.0
24207269,identity_theft__A,identity_theft,A,0.02,success,200,,1,272,1302,2803,376,jev-1.13.0
24207269,identity_theft__B,identity_theft,B,0.57,success,200,,1,272,1302,2803,376,jev-1.13.0
24207269,identity_theft__C,identity_theft,C,0.04,success,200,,1,272,1302,2803,376,jev-1.13.0
24207269,insufficient_validation__A,insufficient_validation,A,0.03,success,200,,1,272,1302,2803,376,jev-1.13.0
24207269,insufficient_validation__B,insufficient_validation,B,0.43,success,200,,1,272,1302,2803,376,jev-1.13.0
24207269,insufficient_validation__C,insufficient_validation,C,0.37,success,200,,1,272,1302,2803,376,jev-1.13.0
24207269,wrong_amount__A,wrong_amount,A,0.1,success,200,,1,272,1302,2803,376,jev-1.13.0
24207269,wrong_amount__B,wrong_amount,B,0.94,success,200,,1,272,1302,2803,376,jev-1.13.0
24207269,wrong_amount__C,wrong_amount,C,0.66,success,200,,1,272,1302,2803,376,jev-1.13.0
24207269,credit_damage_threat__A,credit_damage_threat,A,0.12,success,200,,1,272,1302,2803,376,jev-1.13.0
24207269,credit_damage_threat__B,credit_damage_threat,B,0.98,success,200,,1,272,1302,2803,376,jev-1.13.0
24207269,credit_damage_threat__C,credit_damage_threat,C,0.1,success,200,,1,272,1302,2803,376,jev-1.13.0
24207269,arrest_threat__A,arrest_threat,A,0.04,success,200,,1,272,1302,2803,376,jev-1.13.0
24207269,arrest_threat__B,arrest_threat,B,0.03,success,200,,1,272,1302,2803,376,jev-1.13.0
24207269,arrest_threat__C,arrest_threat,C,0.02,success,200,,1,272,1302,2803,376,jev-1.13.0
24207269,sued_no_notice__A,sued_no_notice,A,0.03,success,200,,1,272,1302,2803,376,jev-1.13.0
24207269,sued_no_notice__B,sued_no_notice,B,0.1,success,200,,1,272,1302,2803,376,jev-1.13.0
24207269,sued_no_notice__C,sued_no_notice,C,0.02,success,200,,1,272,1302,2803,376,jev-1.13.0
24207294,identity_theft__A,identity_theft,A,0.03,success,200,,1,328,824,2641,376,jev-1.13.0
24207294,identity_theft__B,identity_theft,B,0.98,success,200,,1,328,824,2641,376,jev-1.13.0
24207294,identity_theft__C,identity_theft,C,0.29,success,200,,1,328,824,2641,376,jev-1.13.0
24207294,insufficient_validation__A,insufficient_validation,A,0.03,success,200,,1,328,824,2641,376,jev-1.13.0
24207294,insufficient_validation__B,insufficient_validation,B,0.15,success,200,,1,328,824,2641,376,jev-1.13.0
24207294,insufficient_validation__C,insufficient_validation,C,0.27,success,200,,1,328,824,2641,376,jev-1.13.0
24207294,wrong_amount__A,wrong_amount,A,0.06,success,200,,1,328,824,2641,376,jev-1.13.0
24207294,wrong_amount__B,wrong_amount,B,0.58,success,200,,1,328,824,2641,376,jev-1.13.0
24207294,wrong_amount__C,wrong_amount,C,0.05,success,200,,1,328,824,2641,376,jev-1.13.0
24207294,credit_damage_threat__A,credit_damage_threat,A,0.03,success,200,,1,328,824,2641,376,jev-1.13.0
24207294,credit_damage_threat__B,credit_damage_threat,B,0.84,success,200,,1,328,824,2641,376,jev-1.13.0
24207294,credit_damage_threat__C,credit_damage_threat,C,0.02,success,200,,1,328,824,2641,376,jev-1.13.0
24207294,arrest_threat__A,arrest_threat,A,0.03,success,200,,1,328,824,2641,376,jev-1.13.0
24207294,arrest_threat__B,arrest_threat,B,0.02,success,200,,1,328,824,2641,376,jev-1.13.0
24207294,arrest_threat__C,arrest_threat,C,0.01,success,200,,1,328,824,2641,376,jev-1.13.0
24207294,sued_no_notice__A,sued_no_notice,A,0.02,success,200,,1,328,824,2641,376,jev-1.13.0
24207294,sued_no_notice__B,sued_no_notice,B,0.04,success,200,,1,328,824,2641,376,jev-1.13.0
24207294,sued_no_notice__C,sued_no_notice,C,0.02,success,200,,1,328,824,2641,376,jev-1.13.0
24363888,identity_theft__A,identity_theft,A,0.02,success,200,,1,257,5386,2670,376,jev-1.13.0
24363888,identity_theft__B,identity_theft,B,0.23,success,200,,1,257,5386,2670,376,jev-1.13.0
24363888,identity_theft__C,identity_theft,C,0.04,success,200,,1,257,5386,2670,376,jev-1.13.0
24363888,insufficient_validation__A,insufficient_validation,A,0.03,success,200,,1,257,5386,2670,376,jev-1.13.0
24363888,insufficient_validation__B,insufficient_validation,B,0.06,success,200,,1,257,5386,2670,376,jev-1.13.0
24363888,insufficient_validation__C,insufficient_validation,C,0.36,success,200,,1,257,5386,2670,376,jev-1.13.0
24363888,wrong_amount__A,wrong_amount,A,0.06,success,200,,1,257,5386,2670,376,jev-1.13.0
24363888,wrong_amount__B,wrong_amount,B,0.91,success,200,,1,257,5386,2670,376,jev-1.13.0
24363888,wrong_amount__C,wrong_amount,C,0.42,success,200,,1,257,5386,2670,376,jev-1.13.0
24363888,credit_damage_threat__A,credit_damage_threat,A,0.03,success,200,,1,257,5386,2670,376,jev-1.13.0
24363888,credit_damage_threat__B,credit_damage_threat,B,0.05,success,200,,1,257,5386,2670,376,jev-1.13.0
24363888,credit_damage_threat__C,credit_damage_threat,C,0.02,success,200,,1,257,5386,2670,376,jev-1.13.0
24363888,arrest_threat__A,arrest_threat,A,0.03,success,200,,1,257,5386,2670,376,jev-1.13.0
24363888,arrest_threat__B,arrest_threat,B,0.02,success,200,,1,257,5386,2670,376,jev-1.13.0
24363888,arrest_threat__C,arrest_threat,C,0.02,success,200,,1,257,5386,2670,376,jev-1.13.0
24363888,sued_no_notice__A,sued_no_notice,A,0.03,success,200,,1,257,5386,2670,376,jev-1.13.0
24363888,sued_no_notice__B,sued_no_notice,B,0.07,success,200,,1,257,5386,2670,376,jev-1.13.0
24363888,sued_no_notice__C,sued_no_notice,C,0.04,success,200,,1,257,5386,2670,376,jev-1.13.0
24402391,identity_theft__A,identity_theft,A,0.04,success,200,,1,275,4237,2774,376,jev-1.13.0
24402391,identity_theft__B,identity_theft,B,0.98,success,200,,1,275,4237,2774,376,jev-1.13.0
24402391,identity_theft__C,identity_theft,C,0.31,success,200,,1,275,4237,2774,376,jev-1.13.0
24402391,insufficient_validation__A,insufficient_validation,A,0.03,success,200,,1,275,4237,2774,376,jev-1.13.0
24402391,insufficient_validation__B,insufficient_validation,B,0.48,success,200,,1,275,4237,2774,376,jev-1.13.0
24402391,insufficient_validation__C,insufficient_validation,C,0.34,success,200,,1,275,4237,2774,376,jev-1.13.0
24402391,wrong_amount__A,wrong_amount,A,0.07,success,200,,1,275,4237,2774,376,jev-1.13.0
24402391,wrong_amount__B,wrong_amount,B,0.93,success,200,,1,275,4237,2774,376,jev-1.13.0
24402391,wrong_amount__C,wrong_amount,C,0.06,success,200,,1,275,4237,2774,376,jev-1.13.0
24402391,credit_damage_threat__A,credit_damage_threat,A,0.05,success,200,,1,275,4237,2774,376,jev-1.13.0
24402391,credit_damage_threat__B,credit_damage_threat,B,0.99,success,200,,1,275,4237,2774,376,jev-1.13.0
24402391,credit_damage_threat__C,credit_damage_threat,C,0.03,success,200,,1,275,4237,2774,376,jev-1.13.0
24402391,arrest_threat__A,arrest_threat,A,0.03,success,200,,1,275,4237,2774,376,jev-1.13.0
24402391,arrest_threat__B,arrest_threat,B,0.02,success,200,,1,275,4237,2774,376,jev-1.13.0
24402391,arrest_threat__C,arrest_threat,C,0.02,success,200,,1,275,4237,2774,376,jev-1.13.0
24402391,sued_no_notice__A,sued_no_notice,A,0.03,success,200,,1,275,4237,2774,376,jev-1.13.0
24402391,sued_no_notice__B,sued_no_notice,B,0.04,success,200,,1,275,4237,2774,376,jev-1.13.0
24402391,sued_no_notice__C,sued_no_notice,C,0.02,success,200,,1,275,4237,2774,376,jev-1.13.0
24432150,identity_theft__A,identity_theft,A,0.91,success,200,,1,366,4637,2907,376,jev-1.13.0
24432150,identity_theft__B,identity_theft,B,0.99,success,200,,1,366,4637,2907,376,jev-1.13.0
24432150,identity_theft__C,identity_theft,C,0.93,success,200,,1,366,4637,2907,376,jev-1.13.0
24432150,insufficient_validation__A,insufficient_validation,A,0.04,success,200,,1,366,4637,2907,376,jev-1.13.0
24432150,insufficient_validation__B,insufficient_validation,B,0.99,success,200,,1,366,4637,2907,376,jev-1.13.0
24432150,insufficient_validation__C,insufficient_validation,C,0.13,success,200,,1,366,4637,2907,376,jev-1.13.0
24432150,wrong_amount__A,wrong_amount,A,0.05,success,200,,1,366,4637,2907,376,jev-1.13.0
24432150,wrong_amount__B,wrong_amount,B,0.71,success,200,,1,366,4637,2907,376,jev-1.13.0
24432150,wrong_amount__C,wrong_amount,C,0.03,success,200,,1,366,4637,2907,376,jev-1.13.0
24432150,credit_damage_threat__A,credit_damage_threat,A,0.04,success,200,,1,366,4637,2907,376,jev-1.13.0
24432150,credit_damage_threat__B,credit_damage_threat,B,0.82,success,200,,1,366,4637,2907,376,jev-1.13.0
24432150,credit_damage_threat__C,credit_damage_threat,C,0.02,success,200,,1,366,4637,2907,376,jev-1.13.0
24432150,arrest_threat__A,arrest_threat,A,0.03,success,200,,1,366,4637,2907,376,jev-1.13.0
24432150,arrest_threat__B,arrest_threat,B,0.02,success,200,,1,366,4637,2907,376,jev-1.13.0
24432150,arrest_threat__C,arrest_threat,C,0.01,success,200,,1,366,4637,2907,376,jev-1.13.0
24432150,sued_no_notice__A,sued_no_notice,A,0.03,success,200,,1,366,4637,2907,376,jev-1.13.0
24432150,sued_no_notice__B,sued_no_notice,B,0.06,success,200,,1,366,4637,2907,376,jev-1.13.0
24432150,sued_no_notice__C,sued_no_notice,C,0.01,success,200,,1,366,4637,2907,376,jev-1.13.0
24441403,identity_theft__A,identity_theft,A,0.03,success,200,,1,242,0469,2656,376,jev-1.13.0
24441403,identity_theft__B,identity_theft,B,0.95,success,200,,1,242,0469,2656,376,jev-1.13.0
24441403,identity_theft__C,identity_theft,C,0.11,success,200,,1,242,0469,2656,376,jev-1.13.0
24441403,insufficient_validation__A,insufficient_validation,A,0.03,success,200,,1,242,0469,2656,376,jev-1.13.0
24441403,insufficient_validation__B,insufficient_validation,B,0.06,success,200,,1,242,0469,2656,376,jev-1.13.0
24441403,insufficient_validation__C,insufficient_validation,C,0.4,success,200,,1,242,0469,2656,376,jev-1.13.0
24441403,wrong_amount__A,wrong_amount,A,0.04,success,200,,1,242,0469,2656,376,jev-1.13.0
24441403,wrong_amount__B,wrong_amount,B,0.52,success,200,,1,242,0469,2656,376,jev-1.13.0
24441403,wrong_amount__C,wrong_amount,C,0.1,success,200,,1,242,0469,2656,376,jev-1.13.0
24441403,credit_damage_threat__A,credit_damage_threat,A,0.04,success,200,,1,242,0469,2656,376,jev-1.13.0
24441403,credit_damage_threat__B,credit_damage_threat,B,0.04,success,200,,1,242,0469,2656,376,jev-1.13.0
24441403,credit_damage_threat__C,credit_damage_threat,C,0.06,success,200,,1,242,0469,2656,376,jev-1.13.0
24441403,arrest_threat__A,arrest_threat,A,0.03,success,200,,1,242,0469,2656,376,jev-1.13.0
24441403,arrest_threat__B,arrest_threat,B,0.05,success,200,,1,242,0469,2656,376,jev-1.13.0
24441403,arrest_threat__C,arrest_threat,C,0.03,success,200,,1,242,0469,2656,376,jev-1.13.0
24441403,sued_no_notice__A,sued_no_notice,A,0.02,success,200,,1,242,0469,2656,376,jev-1.13.0
24441403,sued_no_notice__B,sued_no_notice,B,0.04,success,200,,1,242,0469,2656,376,jev-1.13.0
24441403,sued_no_notice__C,sued_no_notice,C,0.02,success,200,,1,242,0469,2656,376,jev-1.13.0
24482149,identity_theft__A,identity_theft,A,0.02,success,200,,1,340,3325,2629,376,jev-1.13.0
24482149,identity_theft__B,identity_theft,B,0.05,success,200,,1,340,3325,2629,376,jev-1.13.0
24482149,identity_theft__C,identity_theft,C,0.03,success,200,,1,340,3325,2629,376,jev-1.13.0
24482149,insufficient_validation__A,insufficient_validation,A,0.02,success,200,,1,340,3325,2629,376,jev-1.13.0
24482149,insufficient_validation__B,insufficient_validation,B,0.04,success,200,,1,340,3325,2629,376,jev-1.13.0
24482149,insufficient_validation__C,insufficient_validation,C,0.09,success,200,,1,340,3325,2629,376,jev-1.13.0
24482149,wrong_amount__A,wrong_amount,A,0.03,success,200,,1,340,3325,2629,376,jev-1.13.0
24482149,wrong_amount__B,wrong_amount,B,0.06,success,200,,1,340,3325,2629,376,jev-1.13.0
24482149,wrong_amount__C,wrong_amount,C,0.03,success,200,,1,340,3325,2629,376,jev-1.13.0
24482149,credit_damage_threat__A,credit_damage_threat,A,0.04,success,200,,1,340,3325,2629,376,jev-1.13.0
24482149,credit_damage_threat__B,credit_damage_threat,B,0.04,success,200,,1,340,3325,2629,376,jev-1.13.0
24482149,credit_damage_threat__C,credit_damage_threat,C,0.03,success,200,,1,340,3325,2629,376,jev-1.13.0
24482149,arrest_threat__A,arrest_threat,A,0.03,success,200,,1,340,3325,2629,376,jev-1.13.0
24482149,arrest_threat__B,arrest_threat,B,0.03,success,200,,1,340,3325,2629,376,jev-1.13.0
24482149,arrest_threat__C,arrest_threat,C,0.02,success,200,,1,340,3325,2629,376,jev-1.13.0
24482149,sued_no_notice__A,sued_no_notice,A,0.02,success,200,,1,340,3325,2629,376,jev-1.13.0
24482149,sued_no_notice__B,sued_no_notice,B,0.04,success,200,,1,340,3325,2629,376,jev-1.13.0
24482149,sued_no_notice__C,sued_no_notice,C,0.02,success,200,,1,340,3325,2629,376,jev-1.13.0
24506985,identity_theft__A,identity_theft,A,0.02,success,200,,1,320,2618,2922,376,jev-1.13.0
24506985,identity_theft__B,identity_theft,B,0.04,success,200,,1,320,2618,2922,376,jev-1.13.0
24506985,identity_theft__C,identity_theft,C,0.02,success,200,,1,320,2618,2922,376,jev-1.13.0
24506985,insufficient_validation__A,insufficient_validation,A,0.03,success,200,,1,320,2618,2922,376,jev-1.13.0
24506985,insufficient_validation__B,insufficient_validation,B,0.12,success,200,,1,320,2618,2922,376,jev-1.13.0
24506985,insufficient_validation__C,insufficient_validation,C,0.04,success,200,,1,320,2618,2922,376,jev-1.13.0
24506985,wrong_amount__A,wrong_amount,A,0.04,success,200,,1,320,2618,2922,376,jev-1.13.0
24506985,wrong_amount__B,wrong_amount,B,0.37,success,200,,1,320,2618,2922,376,jev-1.13.0
24506985,wrong_amount__C,wrong_amount,C,0.06,success,200,,1,320,2618,2922,376,jev-1.13.0
24506985,credit_damage_threat__A,credit_damage_threat,A,0.05,success,200,,1,320,2618,2922,376,jev-1.13.0
24506985,credit_damage_threat__B,credit_damage_threat,B,0.05,success,200,,1,320,2618,2922,376,jev-1.13.0
24506985,credit_damage_threat__C,credit_damage_threat,C,0.04,success,200,,1,320,2618,2922,376,jev-1.13.0
24506985,arrest_threat__A,arrest_threat,A,0.04,success,200,,1,320,2618,2922,376,jev-1.13.0
24506985,arrest_threat__B,arrest_threat,B,0.14,success,200,,1,320,2618,2922,376,jev-1.13.0
24506985,arrest_threat__C,arrest_threat,C,0.03,success,200,,1,320,2618,2922,376,jev-1.13.0
24506985,sued_no_notice__A,sued_no_notice,A,0.03,success,200,,1,320,2618,2922,376,jev-1.13.0
24506985,sued_no_notice__B,sued_no_notice,B,0.86,success,200,,1,320,2618,2922,376,jev-1.13.0
24506985,sued_no_notice__C,sued_no_notice,C,0.02,success,200,,1,320,2618,2922,376,jev-1.13.0
24507687,identity_theft__A,identity_theft,A,0.03,success,200,,1,384,4747,2701,376,jev-1.13.0
24507687,identity_theft__B,identity_theft,B,0.98,success,200,,1,384,4747,2701,376,jev-1.13.0
24507687,identity_theft__C,identity_theft,C,0.09,success,200,,1,384,4747,2701,376,jev-1.13.0
24507687,insufficient_validation__A,insufficient_validation,A,0.03,success,200,,1,384,4747,2701,376,jev-1.13.0
24507687,insufficient_validation__B,insufficient_validation,B,0.07,success,200,,1,384,4747,2701,376,jev-1.13.0
24507687,insufficient_validation__C,insufficient_validation,C,0.11,success,200,,1,384,4747,2701,376,jev-1.13.0
24507687,wrong_amount__A,wrong_amount,A,0.11,success,200,,1,384,4747,2701,376,jev-1.13.0
24507687,wrong_amount__B,wrong_amount,B,0.91,success,200,,1,384,4747,2701,376,jev-1.13.0
24507687,wrong_amount__C,wrong_amount,C,0.09,success,200,,1,384,4747,2701,376,jev-1.13.0
24507687,credit_damage_threat__A,credit_damage_threat,A,0.04,success,200,,1,384,4747,2701,376,jev-1.13.0
24507687,credit_damage_threat__B,credit_damage_threat,B,0.89,success,200,,1,384,4747,2701,376,jev-1.13.0
24507687,credit_damage_threat__C,credit_damage_threat,C,0.03,success,200,,1,384,4747,2701,376,jev-1.13.0
24507687,arrest_threat__A,arrest_threat,A,0.03,success,200,,1,384,4747,2701,376,jev-1.13.0
24507687,arrest_threat__B,arrest_threat,B,0.02,success,200,,1,384,4747,2701,376,jev-1.13.0
24507687,arrest_threat__C,arrest_threat,C,0.01,success,200,,1,384,4747,2701,376,jev-1.13.0
24507687,sued_no_notice__A,sued_no_notice,A,0.03,success,200,,1,384,4747,2701,376,jev-1.13.0
24507687,sued_no_notice__B,sued_no_notice,B,0.06,success,200,,1,384,4747,2701,376,jev-1.13.0
24507687,sued_no_notice__C,sued_no_notice,C,0.01,success,200,,1,384,4747,2701,376,jev-1.13.0
24524886,identity_theft__A,identity_theft,A,0.02,success,200,,1,301,6903,2953,376,jev-1.13.0
24524886,identity_theft__B,identity_theft,B,0.67,success,200,,1,301,6903,2953,376,jev-1.13.0
24524886,identity_theft__C,identity_theft,C,0.03,success,200,,1,301,6903,2953,376,jev-1.13.0
24524886,insufficient_validation__A,insufficient_validation,A,0.26,success,200,,1,301,6903,2953,376,jev-1.13.0
24524886,insufficient_validation__B,insufficient_validation,B,0.96,success,200,,1,301,6903,2953,376,jev-1.13.0
24524886,insufficient_validation__C,insufficient_validation,C,0.9,success,200,,1,301,6903,2953,376,jev-1.13.0
24524886,wrong_amount__A,wrong_amount,A,0.98,success,200,,1,301,6903,2953,376,jev-1.13.0
24524886,wrong_amount__B,wrong_amount,B,0.99,success,200,,1,301,6903,2953,376,jev-1.13.0
24524886,wrong_amount__C,wrong_amount,C,0.96,success,200,,1,301,6903,2953,376,jev-1.13.0
24524886,credit_damage_threat__A,credit_damage_threat,A,0.04,success,200,,1,301,6903,2953,376,jev-1.13.0
24524886,credit_damage_threat__B,credit_damage_threat,B,0.04,success,200,,1,301,6903,2953,376,jev-1.13.0
24524886,credit_damage_threat__C,credit_damage_threat,C,0.03,success,200,,1,301,6903,2953,376,jev-1.13.0
24524886,arrest_threat__A,arrest_threat,A,0.03,success,200,,1,301,6903,2953,376,jev-1.13.0
24524886,arrest_threat__B,arrest_threat,B,0.03,success,200,,1,301,6903,2953,376,jev-1.13.0
24524886,arrest_threat__C,arrest_threat,C,0.02,success,200,,1,301,6903,2953,376,jev-1.13.0
24524886,sued_no_notice__A,sued_no_notice,A,0.05,success,200,,1,301,6903,2953,376,jev-1.13.0
24524886,sued_no_notice__B,sued_no_notice,B,0.99,success,200,,1,301,6903,2953,376,jev-1.13.0
24524886,sued_no_notice__C,sued_no_notice,C,0.15,success,200,,1,301,6903,2953,376,jev-1.13.0
24632105,identity_theft__A,identity_theft,A,0.02,success,200,,1,292,534,2689,376,jev-1.13.0
24632105,identity_theft__B,identity_theft,B,0.51,success,200,,1,292,534,2689,376,jev-1.13.0
24632105,identity_theft__C,identity_theft,C,0.04,success,200,,1,292,534,2689,376,jev-1.13.0
24632105,insufficient_validation__A,insufficient_validation,A,0.42,success,200,,1,292,534,2689,376,jev-1.13.0
24632105,insufficient_validation__B,insufficient_validation,B,0.99,success,200,,1,292,534,2689,376,jev-1.13.0
24632105,insufficient_validation__C,insufficient_validation,C,0.92,success,200,,1,292,534,2689,376,jev-1.13.0
24632105,wrong_amount__A,wrong_amount,A,0.03,success,200,,1,292,534,2689,376,jev-1.13.0
24632105,wrong_amount__B,wrong_amount,B,0.32,success,200,,1,292,534,2689,376,jev-1.13.0
24632105,wrong_amount__C,wrong_amount,C,0.04,success,200,,1,292,534,2689,376,jev-1.13.0
24632105,credit_damage_threat__A,credit_damage_threat,A,0.04,success,200,,1,292,534,2689,376,jev-1.13.0
24632105,credit_damage_threat__B,credit_damage_threat,B,0.05,success,200,,1,292,534,2689,376,jev-1.13.0
24632105,credit_damage_threat__C,credit_damage_threat,C,0.02,success,200,,1,292,534,2689,376,jev-1.13.0
24632105,arrest_threat__A,arrest_threat,A,0.03,success,200,,1,292,534,2689,376,jev-1.13.0
24632105,arrest_threat__B,arrest_threat,B,0.02,success,200,,1,292,534,2689,376,jev-1.13.0
24632105,arrest_threat__C,arrest_threat,C,0.02,success,200,,1,292,534,2689,376,jev-1.13.0
24632105,sued_no_notice__A,sued_no_notice,A,0.03,success,200,,1,292,534,2689,376,jev-1.13.0
24632105,sued_no_notice__B,sued_no_notice,B,0.06,success,200,,1,292,534,2689,376,jev-1.13.0
24632105,sued_no_notice__C,sued_no_notice,C,0.02,success,200,,1,292,534,2689,376,jev-1.13.0
24664069,identity_theft__A,identity_theft,A,0.02,success,200,,1,335,4304,2679,376,jev-1.13.0
24664069,identity_theft__B,identity_theft,B,0.27,success,200,,1,335,4304,2679,376,jev-1.13.0
24664069,identity_theft__C,identity_theft,C,0.03,success,200,,1,335,4304,2679,376,jev-1.13.0
24664069,insufficient_validation__A,insufficient_validation,A,0.03,success,200,,1,335,4304,2679,376,jev-1.13.0
24664069,insufficient_validation__B,insufficient_validation,B,0.1,success,200,,1,335,4304,2679,376,jev-1.13.0
24664069,insufficient_validation__C,insufficient_validation,C,0.06,success,200,,1,335,4304,2679,376,jev-1.13.0
24664069,wrong_amount__A,wrong_amount,A,0.04,success,200,,1,335,4304,2679,376,jev-1.13.0
24664069,wrong_amount__B,wrong_amount,B,0.16,success,200,,1,335,4304,2679,376,jev-1.13.0
24664069,wrong_amount__C,wrong_amount,C,0.07,success,200,,1,335,4304,2679,376,jev-1.13.0
24664069,credit_damage_threat__A,credit_damage_threat,A,0.04,success,200,,1,335,4304,2679,376,jev-1.13.0
24664069,credit_damage_threat__B,credit_damage_threat,B,0.64,success,200,,1,335,4304,2679,376,jev-1.13.0
24664069,credit_damage_threat__C,credit_damage_threat,C,0.03,success,200,,1,335,4304,2679,376,jev-1.13.0
24664069,arrest_threat__A,arrest_threat,A,0.03,success,200,,1,335,4304,2679,376,jev-1.13.0
24664069,arrest_threat__B,arrest_threat,B,0.02,success,200,,1,335,4304,2679,376,jev-1.13.0
24664069,arrest_threat__C,arrest_threat,C,0.01,success,200,,1,335,4304,2679,376,jev-1.13.0
24664069,sued_no_notice__A,sued_no_notice,A,0.02,success,200,,1,335,4304,2679,376,jev-1.13.0
24664069,sued_no_notice__B,sued_no_notice,B,0.08,success,200,,1,335,4304,2679,376,jev-1.13.0
24664069,sued_no_notice__C,sued_no_notice,C,0.01,success,200,,1,335,4304,2679,376,jev-1.13.0
24732836,identity_theft__A,identity_theft,A,0.03,success,200,,1,325,4519,2984,376,jev-1.13.0
24732836,identity_theft__B,identity_theft,B,0.88,success,200,,1,325,4519,2984,376,jev-1.13.0
24732836,identity_theft__C,identity_theft,C,0.04,success,200,,1,325,4519,2984,376,jev-1.13.0
24732836,insufficient_validation__A,insufficient_validation,A,0.04,success,200,,1,325,4519,2984,376,jev-1.13.0
24732836,insufficient_validation__B,insufficient_validation,B,0.98,success,200,,1,325,4519,2984,376,jev-1.13.0
24732836,insufficient_validation__C,insufficient_validation,C,0.13,success,200,,1,325,4519,2984,376,jev-1.13.0
24732836,wrong_amount__A,wrong_amount,A,0.07,success,200,,1,325,4519,2984,376,jev-1.13.0
24732836,wrong_amount__B,wrong_amount,B,0.87,success,200,,1,325,4519,2984,376,jev-1.13.0
24732836,wrong_amount__C,wrong_amount,C,0.08,success,200,,1,325,4519,2984,376,jev-1.13.0
24732836,credit_damage_threat__A,credit_damage_threat,A,0.04,success,200,,1,325,4519,2984,376,jev-1.13.0
24732836,credit_damage_threat__B,credit_damage_threat,B,0.66,success,200,,1,325,4519,2984,376,jev-1.13.0
24732836,credit_damage_threat__C,credit_damage_threat,C,0.02,success,200,,1,325,4519,2984,376,jev-1.13.0
24732836,arrest_threat__A,arrest_threat,A,0.03,success,200,,1,325,4519,2984,376,jev-1.13.0
24732836,arrest_threat__B,arrest_threat,B,0.02,success,200,,1,325,4519,2984,376,jev-1.13.0
24732836,arrest_threat__C,arrest_threat,C,0.01,success,200,,1,325,4519,2984,376,jev-1.13.0
24732836,sued_no_notice__A,sued_no_notice,A,0.03,success,200,,1,325,4519,2984,376,jev-1.13.0
24732836,sued_no_notice__B,sued_no_notice,B,0.09,success,200,,1,325,4519,2984,376,jev-1.13.0
24732836,sued_no_notice__C,sued_no_notice,C,0.01,success,200,,1,325,4519,2984,376,jev-1.13.0
